fips,incidentType,num_disasters,has_data_center,num_data_centers
01001,Severe Storm,1,0,0
01001,Fire,0,0,0
01001,Hurricane,3,0,0
01001,Winter Storm,0,0,0
01001,Flood,0,0,0
01001,Tornado,0,0,0
01001,Tropical Storm,0,0,0
01001,Snowstorm,0,0,0
01001,Coastal Storm,0,0,0
01001,Severe Ice Storm,0,0,0
01003,Severe Storm,0,0,0
01003,Fire,0,0,0
01003,Hurricane,3,0,0
01003,Winter Storm,0,0,0
01003,Flood,0,0,0
01003,Tornado,0,0,0
01003,Tropical Storm,0,0,0
01003,Snowstorm,0,0,0
01003,Coastal Storm,0,0,0
01003,Severe Ice Storm,0,0,0
01005,Severe Storm,2,0,0
01005,Fire,0,0,0
01005,Hurricane,3,0,0
01005,Winter Storm,0,0,0
01005,Flood,0,0,0
01005,Tornado,0,0,0
01005,Tropical Storm,0,0,0
01005,Snowstorm,0,0,0
01005,Coastal Storm,0,0,0
01005,Severe Ice Storm,0,0,0
01007,Severe Storm,1,0,0
01007,Fire,0,0,0
01007,Hurricane,2,0,0
01007,Winter Storm,0,0,0
01007,Flood,0,0,0
01007,Tornado,0,0,0
01007,Tropical Storm,0,0,0
01007,Snowstorm,0,0,0
01007,Coastal Storm,0,0,0
01007,Severe Ice Storm,0,0,0
01009,Severe Storm,3,0,0
01009,Fire,0,0,0
01009,Hurricane,2,0,0
01009,Winter Storm,0,0,0
01009,Flood,0,0,0
01009,Tornado,0,0,0
01009,Tropical Storm,0,0,0
01009,Snowstorm,0,0,0
01009,Coastal Storm,0,0,0
01009,Severe Ice Storm,0,0,0
01011,Severe Storm,0,0,0
01011,Fire,0,0,0
01011,Hurricane,2,0,0
01011,Winter Storm,0,0,0
01011,Flood,0,0,0
01011,Tornado,0,0,0
01011,Tropical Storm,0,0,0
01011,Snowstorm,0,0,0
01011,Coastal Storm,0,0,0
01011,Severe Ice Storm,0,0,0
01013,Severe Storm,1,0,0
01013,Fire,0,0,0
01013,Hurricane,4,0,0
01013,Winter Storm,0,0,0
01013,Flood,0,0,0
01013,Tornado,0,0,0
01013,Tropical Storm,0,0,0
01013,Snowstorm,0,0,0
01013,Coastal Storm,0,0,0
01013,Severe Ice Storm,0,0,0
01015,Severe Storm,1,0,0
01015,Fire,0,0,0
01015,Hurricane,3,0,0
01015,Winter Storm,0,0,0
01015,Flood,0,0,0
01015,Tornado,0,0,0
01015,Tropical Storm,0,0,0
01015,Snowstorm,0,0,0
01015,Coastal Storm,0,0,0
01015,Severe Ice Storm,0,0,0
01017,Severe Storm,3,0,0
01017,Fire,0,0,0
01017,Hurricane,2,0,0
01017,Winter Storm,0,0,0
01017,Flood,0,0,0
01017,Tornado,0,0,0
01017,Tropical Storm,0,0,0
01017,Snowstorm,0,0,0
01017,Coastal Storm,0,0,0
01017,Severe Ice Storm,0,0,0
01019,Severe Storm,1,0,0
01019,Fire,0,0,0
01019,Hurricane,3,0,0
01019,Winter Storm,0,0,0
01019,Flood,0,0,0
01019,Tornado,0,0,0
01019,Tropical Storm,0,0,0
01019,Snowstorm,0,0,0
01019,Coastal Storm,0,0,0
01019,Severe Ice Storm,0,0,0
01021,Severe Storm,1,0,0
01021,Fire,0,0,0
01021,Hurricane,3,0,0
01021,Winter Storm,0,0,0
01021,Flood,0,0,0
01021,Tornado,0,0,0
01021,Tropical Storm,0,0,0
01021,Snowstorm,0,0,0
01021,Coastal Storm,0,0,0
01021,Severe Ice Storm,0,0,0
01023,Severe Storm,1,0,0
01023,Fire,0,0,0
01023,Hurricane,3,0,0
01023,Winter Storm,0,0,0
01023,Flood,0,0,0
01023,Tornado,0,0,0
01023,Tropical Storm,0,0,0
01023,Snowstorm,0,0,0
01023,Coastal Storm,0,0,0
01023,Severe Ice Storm,0,0,0
01025,Severe Storm,0,0,0
01025,Fire,0,0,0
01025,Hurricane,4,0,0
01025,Winter Storm,0,0,0
01025,Flood,0,0,0
01025,Tornado,0,0,0
01025,Tropical Storm,0,0,0
01025,Snowstorm,0,0,0
01025,Coastal Storm,0,0,0
01025,Severe Ice Storm,0,0,0
01027,Severe Storm,1,0,0
01027,Fire,0,0,0
01027,Hurricane,3,0,0
01027,Winter Storm,0,0,0
01027,Flood,0,0,0
01027,Tornado,0,0,0
01027,Tropical Storm,0,0,0
01027,Snowstorm,0,0,0
01027,Coastal Storm,0,0,0
01027,Severe Ice Storm,0,0,0
01029,Severe Storm,0,0,0
01029,Fire,0,0,0
01029,Hurricane,2,0,0
01029,Winter Storm,0,0,0
01029,Flood,0,0,0
01029,Tornado,0,0,0
01029,Tropical Storm,0,0,0
01029,Snowstorm,0,0,0
01029,Coastal Storm,0,0,0
01029,Severe Ice Storm,0,0,0
01031,Severe Storm,1,0,0
01031,Fire,0,0,0
01031,Hurricane,3,0,0
01031,Winter Storm,0,0,0
01031,Flood,0,0,0
01031,Tornado,0,0,0
01031,Tropical Storm,0,0,0
01031,Snowstorm,0,0,0
01031,Coastal Storm,0,0,0
01031,Severe Ice Storm,0,0,0
01033,Severe Storm,3,0,0
01033,Fire,0,0,0
01033,Hurricane,2,0,0
01033,Winter Storm,0,0,0
01033,Flood,0,0,0
01033,Tornado,0,0,0
01033,Tropical Storm,0,0,0
01033,Snowstorm,0,0,0
01033,Coastal Storm,0,0,0
01033,Severe Ice Storm,0,0,0
01035,Severe Storm,1,0,0
01035,Fire,0,0,0
01035,Hurricane,3,0,0
01035,Winter Storm,0,0,0
01035,Flood,0,0,0
01035,Tornado,0,0,0
01035,Tropical Storm,0,0,0
01035,Snowstorm,0,0,0
01035,Coastal Storm,0,0,0
01035,Severe Ice Storm,0,0,0
01037,Severe Storm,3,0,0
01037,Fire,0,0,0
01037,Hurricane,3,0,0
01037,Winter Storm,0,0,0
01037,Flood,0,0,0
01037,Tornado,0,0,0
01037,Tropical Storm,0,0,0
01037,Snowstorm,0,0,0
01037,Coastal Storm,0,0,0
01037,Severe Ice Storm,0,0,0
01039,Severe Storm,2,0,0
01039,Fire,0,0,0
01039,Hurricane,3,0,0
01039,Winter Storm,0,0,0
01039,Flood,0,0,0
01039,Tornado,0,0,0
01039,Tropical Storm,0,0,0
01039,Snowstorm,0,0,0
01039,Coastal Storm,0,0,0
01039,Severe Ice Storm,0,0,0
01041,Severe Storm,2,0,0
01041,Fire,0,0,0
01041,Hurricane,3,0,0
01041,Winter Storm,0,0,0
01041,Flood,0,0,0
01041,Tornado,0,0,0
01041,Tropical Storm,0,0,0
01041,Snowstorm,0,0,0
01041,Coastal Storm,0,0,0
01041,Severe Ice Storm,0,0,0
01043,Severe Storm,2,0,0
01043,Fire,0,0,0
01043,Hurricane,2,0,0
01043,Winter Storm,0,0,0
01043,Flood,0,0,0
01043,Tornado,0,0,0
01043,Tropical Storm,0,0,0
01043,Snowstorm,0,0,0
01043,Coastal Storm,0,0,0
01043,Severe Ice Storm,0,0,0
01045,Severe Storm,1,0,0
01045,Fire,0,0,0
01045,Hurricane,2,0,0
01045,Winter Storm,0,0,0
01045,Flood,0,0,0
01045,Tornado,0,0,0
01045,Tropical Storm,0,0,0
01045,Snowstorm,0,0,0
01045,Coastal Storm,0,0,0
01045,Severe Ice Storm,0,0,0
01047,Severe Storm,2,0,0
01047,Fire,0,0,0
01047,Hurricane,3,0,0
01047,Winter Storm,0,0,0
01047,Flood,0,0,0
01047,Tornado,0,0,0
01047,Tropical Storm,0,0,0
01047,Snowstorm,0,0,0
01047,Coastal Storm,0,0,0
01047,Severe Ice Storm,0,0,0
01049,Severe Storm,2,0,0
01049,Fire,0,0,0
01049,Hurricane,2,0,0
01049,Winter Storm,0,0,0
01049,Flood,0,0,0
01049,Tornado,0,0,0
01049,Tropical Storm,0,0,0
01049,Snowstorm,0,0,0
01049,Coastal Storm,0,0,0
01049,Severe Ice Storm,0,0,0
01051,Severe Storm,2,0,0
01051,Fire,0,0,0
01051,Hurricane,3,0,0
01051,Winter Storm,0,0,0
01051,Flood,0,0,0
01051,Tornado,0,0,0
01051,Tropical Storm,0,0,0
01051,Snowstorm,0,0,0
01051,Coastal Storm,0,0,0
01051,Severe Ice Storm,0,0,0
01053,Severe Storm,0,0,0
01053,Fire,0,0,0
01053,Hurricane,3,0,0
01053,Winter Storm,0,0,0
01053,Flood,0,0,0
01053,Tornado,0,0,0
01053,Tropical Storm,0,0,0
01053,Snowstorm,0,0,0
01053,Coastal Storm,0,0,0
01053,Severe Ice Storm,0,0,0
01055,Severe Storm,1,0,0
01055,Fire,0,0,0
01055,Hurricane,2,0,0
01055,Winter Storm,0,0,0
01055,Flood,0,0,0
01055,Tornado,0,0,0
01055,Tropical Storm,0,0,0
01055,Snowstorm,0,0,0
01055,Coastal Storm,0,0,0
01055,Severe Ice Storm,0,0,0
01057,Severe Storm,1,0,0
01057,Fire,0,0,0
01057,Hurricane,2,0,0
01057,Winter Storm,0,0,0
01057,Flood,0,0,0
01057,Tornado,0,0,0
01057,Tropical Storm,0,0,0
01057,Snowstorm,0,0,0
01057,Coastal Storm,0,0,0
01057,Severe Ice Storm,0,0,0
01059,Severe Storm,1,0,0
01059,Fire,0,0,0
01059,Hurricane,2,0,0
01059,Winter Storm,0,0,0
01059,Flood,0,0,0
01059,Tornado,0,0,0
01059,Tropical Storm,0,0,0
01059,Snowstorm,0,0,0
01059,Coastal Storm,0,0,0
01059,Severe Ice Storm,0,0,0
01061,Severe Storm,0,0,0
01061,Fire,0,0,0
01061,Hurricane,3,0,0
01061,Winter Storm,0,0,0
01061,Flood,0,0,0
01061,Tornado,0,0,0
01061,Tropical Storm,0,0,0
01061,Snowstorm,0,0,0
01061,Coastal Storm,0,0,0
01061,Severe Ice Storm,0,0,0
01063,Severe Storm,3,0,0
01063,Fire,0,0,0
01063,Hurricane,2,0,0
01063,Winter Storm,0,0,0
01063,Flood,0,0,0
01063,Tornado,0,0,0
01063,Tropical Storm,0,0,0
01063,Snowstorm,0,0,0
01063,Coastal Storm,0,0,0
01063,Severe Ice Storm,0,0,0
01065,Severe Storm,2,0,0
01065,Fire,0,0,0
01065,Hurricane,3,0,0
01065,Winter Storm,0,0,0
01065,Flood,0,0,0
01065,Tornado,0,0,0
01065,Tropical Storm,0,0,0
01065,Snowstorm,0,0,0
01065,Coastal Storm,0,0,0
01065,Severe Ice Storm,0,0,0
01067,Severe Storm,1,0,0
01067,Fire,0,0,0
01067,Hurricane,2,0,0
01067,Winter Storm,0,0,0
01067,Flood,0,0,0
01067,Tornado,0,0,0
01067,Tropical Storm,0,0,0
01067,Snowstorm,0,0,0
01067,Coastal Storm,0,0,0
01067,Severe Ice Storm,0,0,0
01069,Severe Storm,0,0,0
01069,Fire,0,0,0
01069,Hurricane,3,0,0
01069,Winter Storm,0,0,0
01069,Flood,0,0,0
01069,Tornado,0,0,0
01069,Tropical Storm,0,0,0
01069,Snowstorm,0,0,0
01069,Coastal Storm,0,0,0
01069,Severe Ice Storm,0,0,0
01071,Severe Storm,2,1,1
01071,Fire,0,1,1
01071,Hurricane,2,1,1
01071,Winter Storm,0,1,1
01071,Flood,0,1,1
01071,Tornado,0,1,1
01071,Tropical Storm,0,1,1
01071,Snowstorm,0,1,1
01071,Coastal Storm,0,1,1
01071,Severe Ice Storm,0,1,1
01073,Severe Storm,2,1,2
01073,Fire,0,1,2
01073,Hurricane,2,1,2
01073,Winter Storm,0,1,2
01073,Flood,0,1,2
01073,Tornado,0,1,2
01073,Tropical Storm,0,1,2
01073,Snowstorm,0,1,2
01073,Coastal Storm,0,1,2
01073,Severe Ice Storm,0,1,2
01075,Severe Storm,2,0,0
01075,Fire,0,0,0
01075,Hurricane,2,0,0
01075,Winter Storm,0,0,0
01075,Flood,0,0,0
01075,Tornado,0,0,0
01075,Tropical Storm,0,0,0
01075,Snowstorm,0,0,0
01075,Coastal Storm,0,0,0
01075,Severe Ice Storm,0,0,0
01077,Severe Storm,1,0,0
01077,Fire,0,0,0
01077,Hurricane,2,0,0
01077,Winter Storm,0,0,0
01077,Flood,0,0,0
01077,Tornado,0,0,0
01077,Tropical Storm,0,0,0
01077,Snowstorm,0,0,0
01077,Coastal Storm,0,0,0
01077,Severe Ice Storm,0,0,0
01079,Severe Storm,0,0,0
01079,Fire,0,0,0
01079,Hurricane,2,0,0
01079,Winter Storm,0,0,0
01079,Flood,0,0,0
01079,Tornado,0,0,0
01079,Tropical Storm,0,0,0
01079,Snowstorm,0,0,0
01079,Coastal Storm,0,0,0
01079,Severe Ice Storm,0,0,0
01081,Severe Storm,0,0,0
01081,Fire,0,0,0
01081,Hurricane,2,0,0
01081,Winter Storm,0,0,0
01081,Flood,0,0,0
01081,Tornado,1,0,0
01081,Tropical Storm,0,0,0
01081,Snowstorm,0,0,0
01081,Coastal Storm,0,0,0
01081,Severe Ice Storm,0,0,0
01083,Severe Storm,1,0,0
01083,Fire,0,0,0
01083,Hurricane,2,0,0
01083,Winter Storm,0,0,0
01083,Flood,0,0,0
01083,Tornado,0,0,0
01083,Tropical Storm,0,0,0
01083,Snowstorm,0,0,0
01083,Coastal Storm,0,0,0
01083,Severe Ice Storm,0,0,0
01085,Severe Storm,0,0,0
01085,Fire,0,0,0
01085,Hurricane,3,0,0
01085,Winter Storm,0,0,0
01085,Flood,0,0,0
01085,Tornado,0,0,0
01085,Tropical Storm,0,0,0
01085,Snowstorm,0,0,0
01085,Coastal Storm,0,0,0
01085,Severe Ice Storm,0,0,0
01087,Severe Storm,2,0,0
01087,Fire,0,0,0
01087,Hurricane,2,0,0
01087,Winter Storm,0,0,0
01087,Flood,0,0,0
01087,Tornado,0,0,0
01087,Tropical Storm,0,0,0
01087,Snowstorm,0,0,0
01087,Coastal Storm,0,0,0
01087,Severe Ice Storm,0,0,0
01089,Severe Storm,1,1,2
01089,Fire,0,1,2
01089,Hurricane,2,1,2
01089,Winter Storm,0,1,2
01089,Flood,0,1,2
01089,Tornado,0,1,2
01089,Tropical Storm,0,1,2
01089,Snowstorm,0,1,2
01089,Coastal Storm,0,1,2
01089,Severe Ice Storm,0,1,2
01091,Severe Storm,0,0,0
01091,Fire,0,0,0
01091,Hurricane,3,0,0
01091,Winter Storm,0,0,0
01091,Flood,0,0,0
01091,Tornado,0,0,0
01091,Tropical Storm,0,0,0
01091,Snowstorm,0,0,0
01091,Coastal Storm,0,0,0
01091,Severe Ice Storm,0,0,0
01093,Severe Storm,3,0,0
01093,Fire,0,0,0
01093,Hurricane,2,0,0
01093,Winter Storm,0,0,0
01093,Flood,0,0,0
01093,Tornado,0,0,0
01093,Tropical Storm,0,0,0
01093,Snowstorm,0,0,0
01093,Coastal Storm,0,0,0
01093,Severe Ice Storm,0,0,0
01095,Severe Storm,1,0,0
01095,Fire,0,0,0
01095,Hurricane,2,0,0
01095,Winter Storm,0,0,0
01095,Flood,0,0,0
01095,Tornado,0,0,0
01095,Tropical Storm,0,0,0
01095,Snowstorm,0,0,0
01095,Coastal Storm,0,0,0
01095,Severe Ice Storm,0,0,0
01097,Severe Storm,1,0,0
01097,Fire,0,0,0
01097,Hurricane,4,0,0
01097,Winter Storm,0,0,0
01097,Flood,0,0,0
01097,Tornado,0,0,0
01097,Tropical Storm,0,0,0
01097,Snowstorm,0,0,0
01097,Coastal Storm,0,0,0
01097,Severe Ice Storm,0,0,0
01099,Severe Storm,0,0,0
01099,Fire,0,0,0
01099,Hurricane,4,0,0
01099,Winter Storm,0,0,0
01099,Flood,0,0,0
01099,Tornado,0,0,0
01099,Tropical Storm,0,0,0
01099,Snowstorm,0,0,0
01099,Coastal Storm,0,0,0
01099,Severe Ice Storm,0,0,0
01101,Severe Storm,0,1,1
01101,Fire,0,1,1
01101,Hurricane,2,1,1
01101,Winter Storm,0,1,1
01101,Flood,0,1,1
01101,Tornado,0,1,1
01101,Tropical Storm,0,1,1
01101,Snowstorm,0,1,1
01101,Coastal Storm,0,1,1
01101,Severe Ice Storm,0,1,1
01103,Severe Storm,3,0,0
01103,Fire,0,0,0
01103,Hurricane,2,0,0
01103,Winter Storm,0,0,0
01103,Flood,0,0,0
01103,Tornado,0,0,0
01103,Tropical Storm,0,0,0
01103,Snowstorm,0,0,0
01103,Coastal Storm,0,0,0
01103,Severe Ice Storm,0,0,0
01105,Severe Storm,2,0,0
01105,Fire,0,0,0
01105,Hurricane,3,0,0
01105,Winter Storm,0,0,0
01105,Flood,0,0,0
01105,Tornado,0,0,0
01105,Tropical Storm,0,0,0
01105,Snowstorm,0,0,0
01105,Coastal Storm,0,0,0
01105,Severe Ice Storm,0,0,0
01107,Severe Storm,0,0,0
01107,Fire,0,0,0
01107,Hurricane,2,0,0
01107,Winter Storm,0,0,0
01107,Flood,0,0,0
01107,Tornado,0,0,0
01107,Tropical Storm,0,0,0
01107,Snowstorm,0,0,0
01107,Coastal Storm,0,0,0
01107,Severe Ice Storm,0,0,0
01109,Severe Storm,1,0,0
01109,Fire,0,0,0
01109,Hurricane,3,0,0
01109,Winter Storm,0,0,0
01109,Flood,0,0,0
01109,Tornado,0,0,0
01109,Tropical Storm,0,0,0
01109,Snowstorm,0,0,0
01109,Coastal Storm,0,0,0
01109,Severe Ice Storm,0,0,0
01111,Severe Storm,3,0,0
01111,Fire,0,0,0
01111,Hurricane,3,0,0
01111,Winter Storm,0,0,0
01111,Flood,0,0,0
01111,Tornado,0,0,0
01111,Tropical Storm,0,0,0
01111,Snowstorm,0,0,0
01111,Coastal Storm,0,0,0
01111,Severe Ice Storm,0,0,0
01113,Severe Storm,0,0,0
01113,Fire,0,0,0
01113,Hurricane,2,0,0
01113,Winter Storm,0,0,0
01113,Flood,0,0,0
01113,Tornado,0,0,0
01113,Tropical Storm,0,0,0
01113,Snowstorm,0,0,0
01113,Coastal Storm,0,0,0
01113,Severe Ice Storm,0,0,0
01115,Severe Storm,0,0,0
01115,Fire,0,0,0
01115,Hurricane,2,0,0
01115,Winter Storm,0,0,0
01115,Flood,0,0,0
01115,Tornado,0,0,0
01115,Tropical Storm,0,0,0
01115,Snowstorm,0,0,0
01115,Coastal Storm,0,0,0
01115,Severe Ice Storm,0,0,0
01117,Severe Storm,2,1,1
01117,Fire,0,1,1
01117,Hurricane,2,1,1
01117,Winter Storm,0,1,1
01117,Flood,0,1,1
01117,Tornado,0,1,1
01117,Tropical Storm,0,1,1
01117,Snowstorm,0,1,1
01117,Coastal Storm,0,1,1
01117,Severe Ice Storm,0,1,1
01119,Severe Storm,1,0,0
01119,Fire,0,0,0
01119,Hurricane,2,0,0
01119,Winter Storm,0,0,0
01119,Flood,0,0,0
01119,Tornado,0,0,0
01119,Tropical Storm,0,0,0
01119,Snowstorm,0,0,0
01119,Coastal Storm,0,0,0
01119,Severe Ice Storm,0,0,0
01121,Severe Storm,0,0,0
01121,Fire,0,0,0
01121,Hurricane,3,0,0
01121,Winter Storm,0,0,0
01121,Flood,0,0,0
01121,Tornado,0,0,0
01121,Tropical Storm,0,0,0
01121,Snowstorm,0,0,0
01121,Coastal Storm,0,0,0
01121,Severe Ice Storm,0,0,0
01123,Severe Storm,3,0,0
01123,Fire,0,0,0
01123,Hurricane,2,0,0
01123,Winter Storm,0,0,0
01123,Flood,0,0,0
01123,Tornado,0,0,0
01123,Tropical Storm,0,0,0
01123,Snowstorm,0,0,0
01123,Coastal Storm,0,0,0
01123,Severe Ice Storm,0,0,0
01125,Severe Storm,1,0,0
01125,Fire,0,0,0
01125,Hurricane,2,0,0
01125,Winter Storm,0,0,0
01125,Flood,0,0,0
01125,Tornado,0,0,0
01125,Tropical Storm,0,0,0
01125,Snowstorm,0,0,0
01125,Coastal Storm,0,0,0
01125,Severe Ice Storm,0,0,0
01127,Severe Storm,1,0,0
01127,Fire,0,0,0
01127,Hurricane,2,0,0
01127,Winter Storm,0,0,0
01127,Flood,0,0,0
01127,Tornado,0,0,0
01127,Tropical Storm,0,0,0
01127,Snowstorm,0,0,0
01127,Coastal Storm,0,0,0
01127,Severe Ice Storm,0,0,0
01129,Severe Storm,0,0,0
01129,Fire,0,0,0
01129,Hurricane,3,0,0
01129,Winter Storm,0,0,0
01129,Flood,0,0,0
01129,Tornado,0,0,0
01129,Tropical Storm,0,0,0
01129,Snowstorm,0,0,0
01129,Coastal Storm,0,0,0
01129,Severe Ice Storm,0,0,0
01131,Severe Storm,1,0,0
01131,Fire,0,0,0
01131,Hurricane,3,0,0
01131,Winter Storm,0,0,0
01131,Flood,0,0,0
01131,Tornado,0,0,0
01131,Tropical Storm,0,0,0
01131,Snowstorm,0,0,0
01131,Coastal Storm,0,0,0
01131,Severe Ice Storm,0,0,0
01133,Severe Storm,1,0,0
01133,Fire,0,0,0
01133,Hurricane,2,0,0
01133,Winter Storm,0,0,0
01133,Flood,0,0,0
01133,Tornado,0,0,0
01133,Tropical Storm,0,0,0
01133,Snowstorm,0,0,0
01133,Coastal Storm,0,0,0
01133,Severe Ice Storm,0,0,0
02013,Severe Storm,0,0,0
02013,Fire,0,0,0
02013,Hurricane,0,0,0
02013,Winter Storm,0,0,0
02013,Flood,0,0,0
02013,Tornado,0,0,0
02013,Tropical Storm,0,0,0
02013,Snowstorm,0,0,0
02013,Coastal Storm,0,0,0
02013,Severe Ice Storm,0,0,0
02016,Severe Storm,1,0,0
02016,Fire,0,0,0
02016,Hurricane,0,0,0
02016,Winter Storm,0,0,0
02016,Flood,0,0,0
02016,Tornado,0,0,0
02016,Tropical Storm,0,0,0
02016,Snowstorm,0,0,0
02016,Coastal Storm,0,0,0
02016,Severe Ice Storm,0,0,0
02020,Severe Storm,0,0,0
02020,Fire,0,0,0
02020,Hurricane,0,0,0
02020,Winter Storm,0,0,0
02020,Flood,0,0,0
02020,Tornado,0,0,0
02020,Tropical Storm,0,0,0
02020,Snowstorm,0,0,0
02020,Coastal Storm,0,0,0
02020,Severe Ice Storm,0,0,0
02050,Severe Storm,2,0,0
02050,Fire,0,0,0
02050,Hurricane,0,0,0
02050,Winter Storm,0,0,0
02050,Flood,7,0,0
02050,Tornado,0,0,0
02050,Tropical Storm,0,0,0
02050,Snowstorm,0,0,0
02050,Coastal Storm,0,0,0
02050,Severe Ice Storm,0,0,0
02060,Severe Storm,0,0,0
02060,Fire,0,0,0
02060,Hurricane,0,0,0
02060,Winter Storm,0,0,0
02060,Flood,0,0,0
02060,Tornado,0,0,0
02060,Tropical Storm,0,0,0
02060,Snowstorm,0,0,0
02060,Coastal Storm,0,0,0
02060,Severe Ice Storm,0,0,0
02068,Severe Storm,1,0,0
02068,Fire,1,0,0
02068,Hurricane,0,0,0
02068,Winter Storm,0,0,0
02068,Flood,0,0,0
02068,Tornado,0,0,0
02068,Tropical Storm,0,0,0
02068,Snowstorm,0,0,0
02068,Coastal Storm,0,0,0
02068,Severe Ice Storm,0,0,0
02070,Severe Storm,0,0,0
02070,Fire,0,0,0
02070,Hurricane,0,0,0
02070,Winter Storm,0,0,0
02070,Flood,0,0,0
02070,Tornado,0,0,0
02070,Tropical Storm,0,0,0
02070,Snowstorm,0,0,0
02070,Coastal Storm,0,0,0
02070,Severe Ice Storm,0,0,0
02090,Severe Storm,1,0,0
02090,Fire,2,0,0
02090,Hurricane,0,0,0
02090,Winter Storm,0,0,0
02090,Flood,0,0,0
02090,Tornado,0,0,0
02090,Tropical Storm,0,0,0
02090,Snowstorm,0,0,0
02090,Coastal Storm,0,0,0
02090,Severe Ice Storm,0,0,0
02100,Severe Storm,0,0,0
02100,Fire,0,0,0
02100,Hurricane,0,0,0
02100,Winter Storm,0,0,0
02100,Flood,0,0,0
02100,Tornado,0,0,0
02100,Tropical Storm,0,0,0
02100,Snowstorm,0,0,0
02100,Coastal Storm,0,0,0
02100,Severe Ice Storm,0,0,0
02105,Severe Storm,0,0,0
02105,Fire,0,0,0
02105,Hurricane,0,0,0
02105,Winter Storm,0,0,0
02105,Flood,0,0,0
02105,Tornado,0,0,0
02105,Tropical Storm,0,0,0
02105,Snowstorm,0,0,0
02105,Coastal Storm,0,0,0
02105,Severe Ice Storm,0,0,0
02110,Severe Storm,0,0,0
02110,Fire,0,0,0
02110,Hurricane,0,0,0
02110,Winter Storm,0,0,0
02110,Flood,1,0,0
02110,Tornado,0,0,0
02110,Tropical Storm,0,0,0
02110,Snowstorm,0,0,0
02110,Coastal Storm,0,0,0
02110,Severe Ice Storm,0,0,0
02122,Severe Storm,1,0,0
02122,Fire,0,0,0
02122,Hurricane,0,0,0
02122,Winter Storm,0,0,0
02122,Flood,0,0,0
02122,Tornado,0,0,0
02122,Tropical Storm,0,0,0
02122,Snowstorm,0,0,0
02122,Coastal Storm,0,0,0
02122,Severe Ice Storm,0,0,0
02130,Severe Storm,0,0,0
02130,Fire,0,0,0
02130,Hurricane,0,0,0
02130,Winter Storm,0,0,0
02130,Flood,0,0,0
02130,Tornado,0,0,0
02130,Tropical Storm,0,0,0
02130,Snowstorm,0,0,0
02130,Coastal Storm,0,0,0
02130,Severe Ice Storm,0,0,0
02150,Severe Storm,0,0,0
02150,Fire,0,0,0
02150,Hurricane,0,0,0
02150,Winter Storm,0,0,0
02150,Flood,0,0,0
02150,Tornado,0,0,0
02150,Tropical Storm,0,0,0
02150,Snowstorm,0,0,0
02150,Coastal Storm,0,0,0
02150,Severe Ice Storm,0,0,0
02164,Severe Storm,0,0,0
02164,Fire,0,0,0
02164,Hurricane,0,0,0
02164,Winter Storm,0,0,0
02164,Flood,0,0,0
02164,Tornado,0,0,0
02164,Tropical Storm,0,0,0
02164,Snowstorm,0,0,0
02164,Coastal Storm,0,0,0
02164,Severe Ice Storm,0,0,0
02170,Severe Storm,1,0,0
02170,Fire,2,0,0
02170,Hurricane,0,0,0
02170,Winter Storm,0,0,0
02170,Flood,0,0,0
02170,Tornado,0,0,0
02170,Tropical Storm,0,0,0
02170,Snowstorm,0,0,0
02170,Coastal Storm,0,0,0
02170,Severe Ice Storm,0,0,0
02180,Severe Storm,1,0,0
02180,Fire,0,0,0
02180,Hurricane,0,0,0
02180,Winter Storm,0,0,0
02180,Flood,1,0,0
02180,Tornado,0,0,0
02180,Tropical Storm,0,0,0
02180,Snowstorm,0,0,0
02180,Coastal Storm,0,0,0
02180,Severe Ice Storm,0,0,0
02185,Severe Storm,0,0,0
02185,Fire,0,0,0
02185,Hurricane,0,0,0
02185,Winter Storm,0,0,0
02185,Flood,0,0,0
02185,Tornado,0,0,0
02185,Tropical Storm,0,0,0
02185,Snowstorm,0,0,0
02185,Coastal Storm,0,0,0
02185,Severe Ice Storm,0,0,0
02188,Severe Storm,0,0,0
02188,Fire,0,0,0
02188,Hurricane,0,0,0
02188,Winter Storm,0,0,0
02188,Flood,0,0,0
02188,Tornado,0,0,0
02188,Tropical Storm,0,0,0
02188,Snowstorm,0,0,0
02188,Coastal Storm,0,0,0
02188,Severe Ice Storm,0,0,0
02195,Severe Storm,0,0,0
02195,Fire,0,0,0
02195,Hurricane,0,0,0
02195,Winter Storm,0,0,0
02195,Flood,0,0,0
02195,Tornado,0,0,0
02195,Tropical Storm,0,0,0
02195,Snowstorm,0,0,0
02195,Coastal Storm,0,0,0
02195,Severe Ice Storm,0,0,0
02198,Severe Storm,0,0,0
02198,Fire,0,0,0
02198,Hurricane,0,0,0
02198,Winter Storm,0,0,0
02198,Flood,0,0,0
02198,Tornado,0,0,0
02198,Tropical Storm,0,0,0
02198,Snowstorm,0,0,0
02198,Coastal Storm,0,0,0
02198,Severe Ice Storm,0,0,0
02220,Severe Storm,0,0,0
02220,Fire,0,0,0
02220,Hurricane,0,0,0
02220,Winter Storm,0,0,0
02220,Flood,0,0,0
02220,Tornado,0,0,0
02220,Tropical Storm,0,0,0
02220,Snowstorm,0,0,0
02220,Coastal Storm,0,0,0
02220,Severe Ice Storm,0,0,0
02230,Severe Storm,0,0,0
02230,Fire,0,0,0
02230,Hurricane,0,0,0
02230,Winter Storm,0,0,0
02230,Flood,0,0,0
02230,Tornado,0,0,0
02230,Tropical Storm,0,0,0
02230,Snowstorm,0,0,0
02230,Coastal Storm,0,0,0
02230,Severe Ice Storm,0,0,0
02240,Severe Storm,0,0,0
02240,Fire,0,0,0
02240,Hurricane,0,0,0
02240,Winter Storm,0,0,0
02240,Flood,3,0,0
02240,Tornado,0,0,0
02240,Tropical Storm,0,0,0
02240,Snowstorm,0,0,0
02240,Coastal Storm,0,0,0
02240,Severe Ice Storm,0,0,0
02261,Severe Storm,0,0,0
02261,Fire,0,0,0
02261,Hurricane,0,0,0
02261,Winter Storm,0,0,0
02261,Flood,0,0,0
02261,Tornado,0,0,0
02261,Tropical Storm,0,0,0
02261,Snowstorm,0,0,0
02261,Coastal Storm,0,0,0
02261,Severe Ice Storm,0,0,0
02270,Severe Storm,1,0,0
02270,Fire,0,0,0
02270,Hurricane,0,0,0
02270,Winter Storm,0,0,0
02270,Flood,0,0,0
02270,Tornado,0,0,0
02270,Tropical Storm,0,0,0
02270,Snowstorm,0,0,0
02270,Coastal Storm,0,0,0
02270,Severe Ice Storm,0,0,0
02275,Severe Storm,0,0,0
02275,Fire,0,0,0
02275,Hurricane,0,0,0
02275,Winter Storm,0,0,0
02275,Flood,0,0,0
02275,Tornado,0,0,0
02275,Tropical Storm,0,0,0
02275,Snowstorm,0,0,0
02275,Coastal Storm,0,0,0
02275,Severe Ice Storm,0,0,0
02282,Severe Storm,0,0,0
02282,Fire,0,0,0
02282,Hurricane,0,0,0
02282,Winter Storm,0,0,0
02282,Flood,0,0,0
02282,Tornado,0,0,0
02282,Tropical Storm,0,0,0
02282,Snowstorm,0,0,0
02282,Coastal Storm,0,0,0
02282,Severe Ice Storm,0,0,0
02290,Severe Storm,1,0,0
02290,Fire,1,0,0
02290,Hurricane,0,0,0
02290,Winter Storm,0,0,0
02290,Flood,1,0,0
02290,Tornado,0,0,0
02290,Tropical Storm,0,0,0
02290,Snowstorm,0,0,0
02290,Coastal Storm,0,0,0
02290,Severe Ice Storm,0,0,0
04001,Severe Storm,0,0,0
04001,Fire,0,0,0
04001,Hurricane,0,0,0
04001,Winter Storm,0,0,0
04001,Flood,1,0,0
04001,Tornado,0,0,0
04001,Tropical Storm,0,0,0
04001,Snowstorm,0,0,0
04001,Coastal Storm,0,0,0
04001,Severe Ice Storm,0,0,0
04003,Severe Storm,0,0,0
04003,Fire,0,0,0
04003,Hurricane,0,0,0
04003,Winter Storm,0,0,0
04003,Flood,0,0,0
04003,Tornado,0,0,0
04003,Tropical Storm,0,0,0
04003,Snowstorm,0,0,0
04003,Coastal Storm,0,0,0
04003,Severe Ice Storm,0,0,0
04005,Severe Storm,0,1,1
04005,Fire,3,1,1
04005,Hurricane,0,1,1
04005,Winter Storm,0,1,1
04005,Flood,1,1,1
04005,Tornado,0,1,1
04005,Tropical Storm,0,1,1
04005,Snowstorm,0,1,1
04005,Coastal Storm,0,1,1
04005,Severe Ice Storm,0,1,1
04007,Severe Storm,0,0,0
04007,Fire,3,0,0
04007,Hurricane,0,0,0
04007,Winter Storm,0,0,0
04007,Flood,0,0,0
04007,Tornado,0,0,0
04007,Tropical Storm,0,0,0
04007,Snowstorm,0,0,0
04007,Coastal Storm,0,0,0
04007,Severe Ice Storm,0,0,0
04009,Severe Storm,0,0,0
04009,Fire,0,0,0
04009,Hurricane,0,0,0
04009,Winter Storm,0,0,0
04009,Flood,0,0,0
04009,Tornado,0,0,0
04009,Tropical Storm,0,0,0
04009,Snowstorm,0,0,0
04009,Coastal Storm,0,0,0
04009,Severe Ice Storm,0,0,0
04011,Severe Storm,0,0,0
04011,Fire,0,0,0
04011,Hurricane,0,0,0
04011,Winter Storm,0,0,0
04011,Flood,0,0,0
04011,Tornado,0,0,0
04011,Tropical Storm,0,0,0
04011,Snowstorm,0,0,0
04011,Coastal Storm,0,0,0
04011,Severe Ice Storm,0,0,0
04012,Severe Storm,0,0,0
04012,Fire,0,0,0
04012,Hurricane,0,0,0
04012,Winter Storm,0,0,0
04012,Flood,0,0,0
04012,Tornado,0,0,0
04012,Tropical Storm,0,0,0
04012,Snowstorm,0,0,0
04012,Coastal Storm,0,0,0
04012,Severe Ice Storm,0,0,0
04013,Severe Storm,0,1,21
04013,Fire,8,1,21
04013,Hurricane,0,1,21
04013,Winter Storm,0,1,21
04013,Flood,0,1,21
04013,Tornado,0,1,21
04013,Tropical Storm,0,1,21
04013,Snowstorm,0,1,21
04013,Coastal Storm,0,1,21
04013,Severe Ice Storm,0,1,21
04015,Severe Storm,0,0,0
04015,Fire,0,0,0
04015,Hurricane,0,0,0
04015,Winter Storm,0,0,0
04015,Flood,0,0,0
04015,Tornado,0,0,0
04015,Tropical Storm,0,0,0
04015,Snowstorm,0,0,0
04015,Coastal Storm,0,0,0
04015,Severe Ice Storm,0,0,0
04017,Severe Storm,0,0,0
04017,Fire,0,0,0
04017,Hurricane,0,0,0
04017,Winter Storm,0,0,0
04017,Flood,1,0,0
04017,Tornado,0,0,0
04017,Tropical Storm,0,0,0
04017,Snowstorm,0,0,0
04017,Coastal Storm,0,0,0
04017,Severe Ice Storm,0,0,0
04019,Severe Storm,0,1,3
04019,Fire,1,1,3
04019,Hurricane,0,1,3
04019,Winter Storm,0,1,3
04019,Flood,0,1,3
04019,Tornado,0,1,3
04019,Tropical Storm,0,1,3
04019,Snowstorm,0,1,3
04019,Coastal Storm,0,1,3
04019,Severe Ice Storm,0,1,3
04021,Severe Storm,0,1,7
04021,Fire,4,1,7
04021,Hurricane,0,1,7
04021,Winter Storm,0,1,7
04021,Flood,0,1,7
04021,Tornado,0,1,7
04021,Tropical Storm,0,1,7
04021,Snowstorm,0,1,7
04021,Coastal Storm,0,1,7
04021,Severe Ice Storm,0,1,7
04023,Severe Storm,0,0,0
04023,Fire,0,0,0
04023,Hurricane,0,0,0
04023,Winter Storm,0,0,0
04023,Flood,0,0,0
04023,Tornado,0,0,0
04023,Tropical Storm,0,0,0
04023,Snowstorm,0,0,0
04023,Coastal Storm,0,0,0
04023,Severe Ice Storm,0,0,0
04025,Severe Storm,0,1,1
04025,Fire,2,1,1
04025,Hurricane,0,1,1
04025,Winter Storm,0,1,1
04025,Flood,0,1,1
04025,Tornado,0,1,1
04025,Tropical Storm,0,1,1
04025,Snowstorm,0,1,1
04025,Coastal Storm,0,1,1
04025,Severe Ice Storm,0,1,1
04027,Severe Storm,0,0,0
04027,Fire,0,0,0
04027,Hurricane,0,0,0
04027,Winter Storm,0,0,0
04027,Flood,0,0,0
04027,Tornado,0,0,0
04027,Tropical Storm,0,0,0
04027,Snowstorm,0,0,0
04027,Coastal Storm,0,0,0
04027,Severe Ice Storm,0,0,0
05001,Severe Storm,1,0,0
05001,Fire,0,0,0
05001,Hurricane,1,0,0
05001,Winter Storm,0,0,0
05001,Flood,2,0,0
05001,Tornado,1,0,0
05001,Tropical Storm,0,0,0
05001,Snowstorm,0,0,0
05001,Coastal Storm,0,0,0
05001,Severe Ice Storm,0,0,0
05003,Severe Storm,0,0,0
05003,Fire,0,0,0
05003,Hurricane,1,0,0
05003,Winter Storm,0,0,0
05003,Flood,0,0,0
05003,Tornado,0,0,0
05003,Tropical Storm,0,0,0
05003,Snowstorm,0,0,0
05003,Coastal Storm,0,0,0
05003,Severe Ice Storm,0,0,0
05005,Severe Storm,1,0,0
05005,Fire,0,0,0
05005,Hurricane,1,0,0
05005,Winter Storm,0,0,0
05005,Flood,0,0,0
05005,Tornado,0,0,0
05005,Tropical Storm,0,0,0
05005,Snowstorm,0,0,0
05005,Coastal Storm,0,0,0
05005,Severe Ice Storm,0,0,0
05007,Severe Storm,1,0,0
05007,Fire,0,0,0
05007,Hurricane,1,0,0
05007,Winter Storm,0,0,0
05007,Flood,0,0,0
05007,Tornado,0,0,0
05007,Tropical Storm,0,0,0
05007,Snowstorm,0,0,0
05007,Coastal Storm,0,0,0
05007,Severe Ice Storm,0,0,0
05009,Severe Storm,1,1,1
05009,Fire,0,1,1
05009,Hurricane,1,1,1
05009,Winter Storm,0,1,1
05009,Flood,0,1,1
05009,Tornado,0,1,1
05009,Tropical Storm,0,1,1
05009,Snowstorm,0,1,1
05009,Coastal Storm,0,1,1
05009,Severe Ice Storm,0,1,1
05011,Severe Storm,0,0,0
05011,Fire,0,0,0
05011,Hurricane,1,0,0
05011,Winter Storm,1,0,0
05011,Flood,0,0,0
05011,Tornado,1,0,0
05011,Tropical Storm,0,0,0
05011,Snowstorm,0,0,0
05011,Coastal Storm,0,0,0
05011,Severe Ice Storm,0,0,0
05013,Severe Storm,0,0,0
05013,Fire,0,0,0
05013,Hurricane,1,0,0
05013,Winter Storm,1,0,0
05013,Flood,0,0,0
05013,Tornado,0,0,0
05013,Tropical Storm,0,0,0
05013,Snowstorm,0,0,0
05013,Coastal Storm,0,0,0
05013,Severe Ice Storm,0,0,0
05015,Severe Storm,1,1,1
05015,Fire,0,1,1
05015,Hurricane,1,1,1
05015,Winter Storm,0,1,1
05015,Flood,0,1,1
05015,Tornado,0,1,1
05015,Tropical Storm,0,1,1
05015,Snowstorm,0,1,1
05015,Coastal Storm,0,1,1
05015,Severe Ice Storm,0,1,1
05017,Severe Storm,0,0,0
05017,Fire,0,0,0
05017,Hurricane,1,0,0
05017,Winter Storm,0,0,0
05017,Flood,2,0,0
05017,Tornado,0,0,0
05017,Tropical Storm,0,0,0
05017,Snowstorm,0,0,0
05017,Coastal Storm,0,0,0
05017,Severe Ice Storm,0,0,0
05019,Severe Storm,0,0,0
05019,Fire,0,0,0
05019,Hurricane,1,0,0
05019,Winter Storm,0,0,0
05019,Flood,0,0,0
05019,Tornado,0,0,0
05019,Tropical Storm,0,0,0
05019,Snowstorm,0,0,0
05019,Coastal Storm,0,0,0
05019,Severe Ice Storm,0,0,0
05021,Severe Storm,0,0,0
05021,Fire,0,0,0
05021,Hurricane,1,0,0
05021,Winter Storm,0,0,0
05021,Flood,0,0,0
05021,Tornado,0,0,0
05021,Tropical Storm,0,0,0
05021,Snowstorm,0,0,0
05021,Coastal Storm,0,0,0
05021,Severe Ice Storm,0,0,0
05023,Severe Storm,0,0,0
05023,Fire,0,0,0
05023,Hurricane,1,0,0
05023,Winter Storm,0,0,0
05023,Flood,0,0,0
05023,Tornado,0,0,0
05023,Tropical Storm,0,0,0
05023,Snowstorm,0,0,0
05023,Coastal Storm,0,0,0
05023,Severe Ice Storm,0,0,0
05025,Severe Storm,0,0,0
05025,Fire,0,0,0
05025,Hurricane,1,0,0
05025,Winter Storm,1,0,0
05025,Flood,0,0,0
05025,Tornado,1,0,0
05025,Tropical Storm,0,0,0
05025,Snowstorm,0,0,0
05025,Coastal Storm,0,0,0
05025,Severe Ice Storm,0,0,0
05027,Severe Storm,0,0,0
05027,Fire,0,0,0
05027,Hurricane,1,0,0
05027,Winter Storm,0,0,0
05027,Flood,0,0,0
05027,Tornado,0,0,0
05027,Tropical Storm,0,0,0
05027,Snowstorm,0,0,0
05027,Coastal Storm,0,0,0
05027,Severe Ice Storm,0,0,0
05029,Severe Storm,0,0,0
05029,Fire,0,0,0
05029,Hurricane,1,0,0
05029,Winter Storm,0,0,0
05029,Flood,2,0,0
05029,Tornado,0,0,0
05029,Tropical Storm,0,0,0
05029,Snowstorm,0,0,0
05029,Coastal Storm,0,0,0
05029,Severe Ice Storm,0,0,0
05031,Severe Storm,0,0,0
05031,Fire,0,0,0
05031,Hurricane,1,0,0
05031,Winter Storm,0,0,0
05031,Flood,0,0,0
05031,Tornado,2,0,0
05031,Tropical Storm,0,0,0
05031,Snowstorm,0,0,0
05031,Coastal Storm,0,0,0
05031,Severe Ice Storm,0,0,0
05033,Severe Storm,0,0,0
05033,Fire,0,0,0
05033,Hurricane,1,0,0
05033,Winter Storm,0,0,0
05033,Flood,2,0,0
05033,Tornado,0,0,0
05033,Tropical Storm,0,0,0
05033,Snowstorm,0,0,0
05033,Coastal Storm,0,0,0
05033,Severe Ice Storm,0,0,0
05035,Severe Storm,0,1,1
05035,Fire,0,1,1
05035,Hurricane,1,1,1
05035,Winter Storm,0,1,1
05035,Flood,0,1,1
05035,Tornado,0,1,1
05035,Tropical Storm,0,1,1
05035,Snowstorm,0,1,1
05035,Coastal Storm,0,1,1
05035,Severe Ice Storm,0,1,1
05037,Severe Storm,1,0,0
05037,Fire,0,0,0
05037,Hurricane,1,0,0
05037,Winter Storm,0,0,0
05037,Flood,0,0,0
05037,Tornado,0,0,0
05037,Tropical Storm,0,0,0
05037,Snowstorm,0,0,0
05037,Coastal Storm,0,0,0
05037,Severe Ice Storm,0,0,0
05039,Severe Storm,0,0,0
05039,Fire,0,0,0
05039,Hurricane,1,0,0
05039,Winter Storm,1,0,0
05039,Flood,0,0,0
05039,Tornado,1,0,0
05039,Tropical Storm,0,0,0
05039,Snowstorm,0,0,0
05039,Coastal Storm,0,0,0
05039,Severe Ice Storm,0,0,0
05041,Severe Storm,0,0,0
05041,Fire,0,0,0
05041,Hurricane,1,0,0
05041,Winter Storm,1,0,0
05041,Flood,2,0,0
05041,Tornado,1,0,0
05041,Tropical Storm,0,0,0
05041,Snowstorm,0,0,0
05041,Coastal Storm,0,0,0
05041,Severe Ice Storm,0,0,0
05043,Severe Storm,0,0,0
05043,Fire,0,0,0
05043,Hurricane,1,0,0
05043,Winter Storm,1,0,0
05043,Flood,0,0,0
05043,Tornado,1,0,0
05043,Tropical Storm,0,0,0
05043,Snowstorm,0,0,0
05043,Coastal Storm,0,0,0
05043,Severe Ice Storm,0,0,0
05045,Severe Storm,1,0,0
05045,Fire,0,0,0
05045,Hurricane,1,0,0
05045,Winter Storm,0,0,0
05045,Flood,2,0,0
05045,Tornado,0,0,0
05045,Tropical Storm,0,0,0
05045,Snowstorm,0,0,0
05045,Coastal Storm,0,0,0
05045,Severe Ice Storm,0,0,0
05047,Severe Storm,0,0,0
05047,Fire,0,0,0
05047,Hurricane,1,0,0
05047,Winter Storm,0,0,0
05047,Flood,2,0,0
05047,Tornado,0,0,0
05047,Tropical Storm,0,0,0
05047,Snowstorm,0,0,0
05047,Coastal Storm,0,0,0
05047,Severe Ice Storm,0,0,0
05049,Severe Storm,1,0,0
05049,Fire,0,0,0
05049,Hurricane,1,0,0
05049,Winter Storm,0,0,0
05049,Flood,0,0,0
05049,Tornado,0,0,0
05049,Tropical Storm,0,0,0
05049,Snowstorm,0,0,0
05049,Coastal Storm,0,0,0
05049,Severe Ice Storm,0,0,0
05051,Severe Storm,0,0,0
05051,Fire,0,0,0
05051,Hurricane,1,0,0
05051,Winter Storm,0,0,0
05051,Flood,0,0,0
05051,Tornado,0,0,0
05051,Tropical Storm,0,0,0
05051,Snowstorm,0,0,0
05051,Coastal Storm,0,0,0
05051,Severe Ice Storm,0,0,0
05053,Severe Storm,0,0,0
05053,Fire,0,0,0
05053,Hurricane,1,0,0
05053,Winter Storm,1,0,0
05053,Flood,0,0,0
05053,Tornado,1,0,0
05053,Tropical Storm,0,0,0
05053,Snowstorm,0,0,0
05053,Coastal Storm,0,0,0
05053,Severe Ice Storm,0,0,0
05055,Severe Storm,1,0,0
05055,Fire,0,0,0
05055,Hurricane,1,0,0
05055,Winter Storm,0,0,0
05055,Flood,0,0,0
05055,Tornado,0,0,0
05055,Tropical Storm,0,0,0
05055,Snowstorm,0,0,0
05055,Coastal Storm,0,0,0
05055,Severe Ice Storm,0,0,0
05057,Severe Storm,0,0,0
05057,Fire,0,0,0
05057,Hurricane,1,0,0
05057,Winter Storm,0,0,0
05057,Flood,0,0,0
05057,Tornado,0,0,0
05057,Tropical Storm,0,0,0
05057,Snowstorm,0,0,0
05057,Coastal Storm,0,0,0
05057,Severe Ice Storm,0,0,0
05059,Severe Storm,0,0,0
05059,Fire,0,0,0
05059,Hurricane,1,0,0
05059,Winter Storm,0,0,0
05059,Flood,0,0,0
05059,Tornado,0,0,0
05059,Tropical Storm,0,0,0
05059,Snowstorm,0,0,0
05059,Coastal Storm,0,0,0
05059,Severe Ice Storm,0,0,0
05061,Severe Storm,0,0,0
05061,Fire,0,0,0
05061,Hurricane,1,0,0
05061,Winter Storm,0,0,0
05061,Flood,0,0,0
05061,Tornado,0,0,0
05061,Tropical Storm,0,0,0
05061,Snowstorm,0,0,0
05061,Coastal Storm,0,0,0
05061,Severe Ice Storm,0,0,0
05063,Severe Storm,0,0,0
05063,Fire,0,0,0
05063,Hurricane,1,0,0
05063,Winter Storm,0,0,0
05063,Flood,0,0,0
05063,Tornado,0,0,0
05063,Tropical Storm,0,0,0
05063,Snowstorm,0,0,0
05063,Coastal Storm,0,0,0
05063,Severe Ice Storm,0,0,0
05065,Severe Storm,0,0,0
05065,Fire,0,0,0
05065,Hurricane,1,0,0
05065,Winter Storm,0,0,0
05065,Flood,0,0,0
05065,Tornado,0,0,0
05065,Tropical Storm,0,0,0
05065,Snowstorm,0,0,0
05065,Coastal Storm,0,0,0
05065,Severe Ice Storm,0,0,0
05067,Severe Storm,0,0,0
05067,Fire,0,0,0
05067,Hurricane,1,0,0
05067,Winter Storm,0,0,0
05067,Flood,0,0,0
05067,Tornado,1,0,0
05067,Tropical Storm,0,0,0
05067,Snowstorm,0,0,0
05067,Coastal Storm,0,0,0
05067,Severe Ice Storm,0,0,0
05069,Severe Storm,0,0,0
05069,Fire,0,0,0
05069,Hurricane,1,0,0
05069,Winter Storm,1,0,0
05069,Flood,2,0,0
05069,Tornado,1,0,0
05069,Tropical Storm,0,0,0
05069,Snowstorm,0,0,0
05069,Coastal Storm,0,0,0
05069,Severe Ice Storm,0,0,0
05071,Severe Storm,0,1,1
05071,Fire,0,1,1
05071,Hurricane,1,1,1
05071,Winter Storm,0,1,1
05071,Flood,2,1,1
05071,Tornado,0,1,1
05071,Tropical Storm,0,1,1
05071,Snowstorm,0,1,1
05071,Coastal Storm,0,1,1
05071,Severe Ice Storm,0,1,1
05073,Severe Storm,0,0,0
05073,Fire,0,0,0
05073,Hurricane,1,0,0
05073,Winter Storm,0,0,0
05073,Flood,0,0,0
05073,Tornado,0,0,0
05073,Tropical Storm,0,0,0
05073,Snowstorm,0,0,0
05073,Coastal Storm,0,0,0
05073,Severe Ice Storm,0,0,0
05075,Severe Storm,0,0,0
05075,Fire,0,0,0
05075,Hurricane,1,0,0
05075,Winter Storm,0,0,0
05075,Flood,0,0,0
05075,Tornado,0,0,0
05075,Tropical Storm,0,0,0
05075,Snowstorm,0,0,0
05075,Coastal Storm,0,0,0
05075,Severe Ice Storm,0,0,0
05077,Severe Storm,0,0,0
05077,Fire,0,0,0
05077,Hurricane,1,0,0
05077,Winter Storm,0,0,0
05077,Flood,0,0,0
05077,Tornado,0,0,0
05077,Tropical Storm,0,0,0
05077,Snowstorm,0,0,0
05077,Coastal Storm,0,0,0
05077,Severe Ice Storm,0,0,0
05079,Severe Storm,0,0,0
05079,Fire,0,0,0
05079,Hurricane,1,0,0
05079,Winter Storm,1,0,0
05079,Flood,2,0,0
05079,Tornado,1,0,0
05079,Tropical Storm,0,0,0
05079,Snowstorm,0,0,0
05079,Coastal Storm,0,0,0
05079,Severe Ice Storm,0,0,0
05081,Severe Storm,0,0,0
05081,Fire,0,0,0
05081,Hurricane,1,0,0
05081,Winter Storm,0,0,0
05081,Flood,0,0,0
05081,Tornado,0,0,0
05081,Tropical Storm,0,0,0
05081,Snowstorm,0,0,0
05081,Coastal Storm,0,0,0
05081,Severe Ice Storm,0,0,0
05083,Severe Storm,0,0,0
05083,Fire,0,0,0
05083,Hurricane,1,0,0
05083,Winter Storm,0,0,0
05083,Flood,2,0,0
05083,Tornado,0,0,0
05083,Tropical Storm,0,0,0
05083,Snowstorm,0,0,0
05083,Coastal Storm,0,0,0
05083,Severe Ice Storm,0,0,0
05085,Severe Storm,2,0,0
05085,Fire,0,0,0
05085,Hurricane,1,0,0
05085,Winter Storm,0,0,0
05085,Flood,0,0,0
05085,Tornado,0,0,0
05085,Tropical Storm,0,0,0
05085,Snowstorm,0,0,0
05085,Coastal Storm,0,0,0
05085,Severe Ice Storm,0,0,0
05087,Severe Storm,1,0,0
05087,Fire,0,0,0
05087,Hurricane,1,0,0
05087,Winter Storm,0,0,0
05087,Flood,1,0,0
05087,Tornado,0,0,0
05087,Tropical Storm,0,0,0
05087,Snowstorm,0,0,0
05087,Coastal Storm,0,0,0
05087,Severe Ice Storm,0,0,0
05089,Severe Storm,1,1,1
05089,Fire,0,1,1
05089,Hurricane,1,1,1
05089,Winter Storm,0,1,1
05089,Flood,0,1,1
05089,Tornado,0,1,1
05089,Tropical Storm,0,1,1
05089,Snowstorm,0,1,1
05089,Coastal Storm,0,1,1
05089,Severe Ice Storm,0,1,1
05091,Severe Storm,0,0,0
05091,Fire,0,0,0
05091,Hurricane,1,0,0
05091,Winter Storm,0,0,0
05091,Flood,0,0,0
05091,Tornado,0,0,0
05091,Tropical Storm,0,0,0
05091,Snowstorm,0,0,0
05091,Coastal Storm,0,0,0
05091,Severe Ice Storm,0,0,0
05093,Severe Storm,0,0,0
05093,Fire,0,0,0
05093,Hurricane,1,0,0
05093,Winter Storm,0,0,0
05093,Flood,0,0,0
05093,Tornado,1,0,0
05093,Tropical Storm,0,0,0
05093,Snowstorm,0,0,0
05093,Coastal Storm,0,0,0
05093,Severe Ice Storm,0,0,0
05095,Severe Storm,0,0,0
05095,Fire,0,0,0
05095,Hurricane,1,0,0
05095,Winter Storm,0,0,0
05095,Flood,0,0,0
05095,Tornado,1,0,0
05095,Tropical Storm,0,0,0
05095,Snowstorm,0,0,0
05095,Coastal Storm,0,0,0
05095,Severe Ice Storm,0,0,0
05097,Severe Storm,0,0,0
05097,Fire,0,0,0
05097,Hurricane,1,0,0
05097,Winter Storm,0,0,0
05097,Flood,0,0,0
05097,Tornado,0,0,0
05097,Tropical Storm,0,0,0
05097,Snowstorm,0,0,0
05097,Coastal Storm,0,0,0
05097,Severe Ice Storm,0,0,0
05099,Severe Storm,1,0,0
05099,Fire,0,0,0
05099,Hurricane,1,0,0
05099,Winter Storm,1,0,0
05099,Flood,0,0,0
05099,Tornado,0,0,0
05099,Tropical Storm,0,0,0
05099,Snowstorm,0,0,0
05099,Coastal Storm,0,0,0
05099,Severe Ice Storm,0,0,0
05101,Severe Storm,0,1,1
05101,Fire,0,1,1
05101,Hurricane,1,1,1
05101,Winter Storm,0,1,1
05101,Flood,1,1,1
05101,Tornado,0,1,1
05101,Tropical Storm,0,1,1
05101,Snowstorm,0,1,1
05101,Coastal Storm,0,1,1
05101,Severe Ice Storm,0,1,1
05103,Severe Storm,0,0,0
05103,Fire,0,0,0
05103,Hurricane,1,0,0
05103,Winter Storm,1,0,0
05103,Flood,0,0,0
05103,Tornado,1,0,0
05103,Tropical Storm,0,0,0
05103,Snowstorm,0,0,0
05103,Coastal Storm,0,0,0
05103,Severe Ice Storm,0,0,0
05105,Severe Storm,0,0,0
05105,Fire,0,0,0
05105,Hurricane,1,0,0
05105,Winter Storm,0,0,0
05105,Flood,2,0,0
05105,Tornado,0,0,0
05105,Tropical Storm,0,0,0
05105,Snowstorm,0,0,0
05105,Coastal Storm,0,0,0
05105,Severe Ice Storm,0,0,0
05107,Severe Storm,0,0,0
05107,Fire,0,0,0
05107,Hurricane,1,0,0
05107,Winter Storm,0,0,0
05107,Flood,0,0,0
05107,Tornado,1,0,0
05107,Tropical Storm,0,0,0
05107,Snowstorm,0,0,0
05107,Coastal Storm,0,0,0
05107,Severe Ice Storm,0,0,0
05109,Severe Storm,0,0,0
05109,Fire,0,0,0
05109,Hurricane,1,0,0
05109,Winter Storm,0,0,0
05109,Flood,0,0,0
05109,Tornado,0,0,0
05109,Tropical Storm,0,0,0
05109,Snowstorm,0,0,0
05109,Coastal Storm,0,0,0
05109,Severe Ice Storm,0,0,0
05111,Severe Storm,1,0,0
05111,Fire,0,0,0
05111,Hurricane,1,0,0
05111,Winter Storm,0,0,0
05111,Flood,0,0,0
05111,Tornado,1,0,0
05111,Tropical Storm,0,0,0
05111,Snowstorm,0,0,0
05111,Coastal Storm,0,0,0
05111,Severe Ice Storm,0,0,0
05113,Severe Storm,0,0,0
05113,Fire,0,0,0
05113,Hurricane,1,0,0
05113,Winter Storm,0,0,0
05113,Flood,0,0,0
05113,Tornado,0,0,0
05113,Tropical Storm,0,0,0
05113,Snowstorm,0,0,0
05113,Coastal Storm,0,0,0
05113,Severe Ice Storm,0,0,0
05115,Severe Storm,0,1,1
05115,Fire,0,1,1
05115,Hurricane,1,1,1
05115,Winter Storm,0,1,1
05115,Flood,2,1,1
05115,Tornado,0,1,1
05115,Tropical Storm,0,1,1
05115,Snowstorm,0,1,1
05115,Coastal Storm,0,1,1
05115,Severe Ice Storm,0,1,1
05117,Severe Storm,0,0,0
05117,Fire,0,0,0
05117,Hurricane,1,0,0
05117,Winter Storm,0,0,0
05117,Flood,0,0,0
05117,Tornado,0,0,0
05117,Tropical Storm,0,0,0
05117,Snowstorm,0,0,0
05117,Coastal Storm,0,0,0
05117,Severe Ice Storm,0,0,0
05119,Severe Storm,1,1,1
05119,Fire,0,1,1
05119,Hurricane,1,1,1
05119,Winter Storm,0,1,1
05119,Flood,2,1,1
05119,Tornado,0,1,1
05119,Tropical Storm,0,1,1
05119,Snowstorm,0,1,1
05119,Coastal Storm,0,1,1
05119,Severe Ice Storm,0,1,1
05121,Severe Storm,1,0,0
05121,Fire,0,0,0
05121,Hurricane,1,0,0
05121,Winter Storm,0,0,0
05121,Flood,0,0,0
05121,Tornado,0,0,0
05121,Tropical Storm,0,0,0
05121,Snowstorm,0,0,0
05121,Coastal Storm,0,0,0
05121,Severe Ice Storm,0,0,0
05123,Severe Storm,0,1,1
05123,Fire,0,1,1
05123,Hurricane,1,1,1
05123,Winter Storm,0,1,1
05123,Flood,0,1,1
05123,Tornado,0,1,1
05123,Tropical Storm,0,1,1
05123,Snowstorm,0,1,1
05123,Coastal Storm,0,1,1
05123,Severe Ice Storm,0,1,1
05125,Severe Storm,0,1,1
05125,Fire,0,1,1
05125,Hurricane,1,1,1
05125,Winter Storm,0,1,1
05125,Flood,0,1,1
05125,Tornado,0,1,1
05125,Tropical Storm,0,1,1
05125,Snowstorm,0,1,1
05125,Coastal Storm,0,1,1
05125,Severe Ice Storm,0,1,1
05127,Severe Storm,0,0,0
05127,Fire,0,0,0
05127,Hurricane,1,0,0
05127,Winter Storm,0,0,0
05127,Flood,0,0,0
05127,Tornado,0,0,0
05127,Tropical Storm,0,0,0
05127,Snowstorm,0,0,0
05127,Coastal Storm,0,0,0
05127,Severe Ice Storm,0,0,0
05129,Severe Storm,0,0,0
05129,Fire,0,0,0
05129,Hurricane,1,0,0
05129,Winter Storm,1,0,0
05129,Flood,1,0,0
05129,Tornado,0,0,0
05129,Tropical Storm,0,0,0
05129,Snowstorm,0,0,0
05129,Coastal Storm,0,0,0
05129,Severe Ice Storm,0,0,0
05131,Severe Storm,0,0,0
05131,Fire,0,0,0
05131,Hurricane,1,0,0
05131,Winter Storm,0,0,0
05131,Flood,2,0,0
05131,Tornado,0,0,0
05131,Tropical Storm,0,0,0
05131,Snowstorm,0,0,0
05131,Coastal Storm,0,0,0
05131,Severe Ice Storm,0,0,0
05133,Severe Storm,0,0,0
05133,Fire,0,0,0
05133,Hurricane,1,0,0
05133,Winter Storm,0,0,0
05133,Flood,0,0,0
05133,Tornado,0,0,0
05133,Tropical Storm,0,0,0
05133,Snowstorm,0,0,0
05133,Coastal Storm,0,0,0
05133,Severe Ice Storm,0,0,0
05135,Severe Storm,1,0,0
05135,Fire,0,0,0
05135,Hurricane,1,0,0
05135,Winter Storm,0,0,0
05135,Flood,0,0,0
05135,Tornado,0,0,0
05135,Tropical Storm,0,0,0
05135,Snowstorm,0,0,0
05135,Coastal Storm,0,0,0
05135,Severe Ice Storm,0,0,0
05137,Severe Storm,0,0,0
05137,Fire,0,0,0
05137,Hurricane,1,0,0
05137,Winter Storm,1,0,0
05137,Flood,0,0,0
05137,Tornado,0,0,0
05137,Tropical Storm,0,0,0
05137,Snowstorm,0,0,0
05137,Coastal Storm,0,0,0
05137,Severe Ice Storm,0,0,0
05139,Severe Storm,0,0,0
05139,Fire,0,0,0
05139,Hurricane,1,0,0
05139,Winter Storm,0,0,0
05139,Flood,0,0,0
05139,Tornado,0,0,0
05139,Tropical Storm,0,0,0
05139,Snowstorm,0,0,0
05139,Coastal Storm,0,0,0
05139,Severe Ice Storm,0,0,0
05141,Severe Storm,0,0,0
05141,Fire,0,0,0
05141,Hurricane,1,0,0
05141,Winter Storm,0,0,0
05141,Flood,0,0,0
05141,Tornado,0,0,0
05141,Tropical Storm,0,0,0
05141,Snowstorm,0,0,0
05141,Coastal Storm,0,0,0
05141,Severe Ice Storm,0,0,0
05143,Severe Storm,0,0,0
05143,Fire,0,0,0
05143,Hurricane,1,0,0
05143,Winter Storm,0,0,0
05143,Flood,1,0,0
05143,Tornado,0,0,0
05143,Tropical Storm,0,0,0
05143,Snowstorm,0,0,0
05143,Coastal Storm,0,0,0
05143,Severe Ice Storm,0,0,0
05145,Severe Storm,0,0,0
05145,Fire,0,0,0
05145,Hurricane,1,0,0
05145,Winter Storm,0,0,0
05145,Flood,0,0,0
05145,Tornado,0,0,0
05145,Tropical Storm,0,0,0
05145,Snowstorm,0,0,0
05145,Coastal Storm,0,0,0
05145,Severe Ice Storm,0,0,0
05147,Severe Storm,0,0,0
05147,Fire,0,0,0
05147,Hurricane,1,0,0
05147,Winter Storm,0,0,0
05147,Flood,0,0,0
05147,Tornado,1,0,0
05147,Tropical Storm,0,0,0
05147,Snowstorm,0,0,0
05147,Coastal Storm,0,0,0
05147,Severe Ice Storm,0,0,0
05149,Severe Storm,0,0,0
05149,Fire,0,0,0
05149,Hurricane,1,0,0
05149,Winter Storm,0,0,0
05149,Flood,2,0,0
05149,Tornado,0,0,0
05149,Tropical Storm,0,0,0
05149,Snowstorm,0,0,0
05149,Coastal Storm,0,0,0
05149,Severe Ice Storm,0,0,0
06001,Severe Storm,1,0,0
06001,Fire,0,0,0
06001,Hurricane,0,0,0
06001,Winter Storm,0,0,0
06001,Flood,2,0,0
06001,Tornado,0,0,0
06001,Tropical Storm,0,0,0
06001,Snowstorm,0,0,0
06001,Coastal Storm,0,0,0
06001,Severe Ice Storm,0,0,0
06003,Severe Storm,1,0,0
06003,Fire,1,0,0
06003,Hurricane,0,0,0
06003,Winter Storm,0,0,0
06003,Flood,2,0,0
06003,Tornado,0,0,0
06003,Tropical Storm,0,0,0
06003,Snowstorm,0,0,0
06003,Coastal Storm,0,0,0
06003,Severe Ice Storm,0,0,0
06005,Severe Storm,2,0,0
06005,Fire,1,0,0
06005,Hurricane,0,0,0
06005,Winter Storm,0,0,0
06005,Flood,2,0,0
06005,Tornado,0,0,0
06005,Tropical Storm,0,0,0
06005,Snowstorm,0,0,0
06005,Coastal Storm,0,0,0
06005,Severe Ice Storm,0,0,0
06007,Severe Storm,3,0,0
06007,Fire,4,0,0
06007,Hurricane,0,0,0
06007,Winter Storm,0,0,0
06007,Flood,2,0,0
06007,Tornado,0,0,0
06007,Tropical Storm,0,0,0
06007,Snowstorm,0,0,0
06007,Coastal Storm,0,0,0
06007,Severe Ice Storm,0,0,0
06009,Severe Storm,2,0,0
06009,Fire,0,0,0
06009,Hurricane,0,0,0
06009,Winter Storm,0,0,0
06009,Flood,2,0,0
06009,Tornado,0,0,0
06009,Tropical Storm,0,0,0
06009,Snowstorm,0,0,0
06009,Coastal Storm,0,0,0
06009,Severe Ice Storm,0,0,0
06011,Severe Storm,2,0,0
06011,Fire,0,0,0
06011,Hurricane,0,0,0
06011,Winter Storm,0,0,0
06011,Flood,2,0,0
06011,Tornado,0,0,0
06011,Tropical Storm,0,0,0
06011,Snowstorm,0,0,0
06011,Coastal Storm,0,0,0
06011,Severe Ice Storm,0,0,0
06013,Severe Storm,0,0,0
06013,Fire,0,0,0
06013,Hurricane,0,0,0
06013,Winter Storm,0,0,0
06013,Flood,2,0,0
06013,Tornado,0,0,0
06013,Tropical Storm,0,0,0
06013,Snowstorm,0,0,0
06013,Coastal Storm,0,0,0
06013,Severe Ice Storm,0,0,0
06015,Severe Storm,2,0,0
06015,Fire,1,0,0
06015,Hurricane,0,0,0
06015,Winter Storm,0,0,0
06015,Flood,2,0,0
06015,Tornado,0,0,0
06015,Tropical Storm,0,0,0
06015,Snowstorm,0,0,0
06015,Coastal Storm,0,0,0
06015,Severe Ice Storm,0,0,0
06017,Severe Storm,2,0,0
06017,Fire,4,0,0
06017,Hurricane,0,0,0
06017,Winter Storm,0,0,0
06017,Flood,3,0,0
06017,Tornado,0,0,0
06017,Tropical Storm,0,0,0
06017,Snowstorm,0,0,0
06017,Coastal Storm,0,0,0
06017,Severe Ice Storm,0,0,0
06019,Severe Storm,1,0,0
06019,Fire,2,0,0
06019,Hurricane,0,0,0
06019,Winter Storm,0,0,0
06019,Flood,3,0,0
06019,Tornado,0,0,0
06019,Tropical Storm,0,0,0
06019,Snowstorm,0,0,0
06019,Coastal Storm,0,0,0
06019,Severe Ice Storm,0,0,0
06021,Severe Storm,3,0,0
06021,Fire,0,0,0
06021,Hurricane,0,0,0
06021,Winter Storm,0,0,0
06021,Flood,3,0,0
06021,Tornado,0,0,0
06021,Tropical Storm,0,0,0
06021,Snowstorm,0,0,0
06021,Coastal Storm,0,0,0
06021,Severe Ice Storm,0,0,0
06023,Severe Storm,2,0,0
06023,Fire,0,0,0
06023,Hurricane,0,0,0
06023,Winter Storm,0,0,0
06023,Flood,3,0,0
06023,Tornado,0,0,0
06023,Tropical Storm,0,0,0
06023,Snowstorm,0,0,0
06023,Coastal Storm,0,0,0
06023,Severe Ice Storm,0,0,0
06025,Severe Storm,1,0,0
06025,Fire,0,0,0
06025,Hurricane,1,0,0
06025,Winter Storm,0,0,0
06025,Flood,1,0,0
06025,Tornado,0,0,0
06025,Tropical Storm,0,0,0
06025,Snowstorm,0,0,0
06025,Coastal Storm,0,0,0
06025,Severe Ice Storm,0,0,0
06027,Severe Storm,1,0,0
06027,Fire,0,0,0
06027,Hurricane,1,0,0
06027,Winter Storm,0,0,0
06027,Flood,2,0,0
06027,Tornado,0,0,0
06027,Tropical Storm,0,0,0
06027,Snowstorm,0,0,0
06027,Coastal Storm,0,0,0
06027,Severe Ice Storm,0,0,0
06029,Severe Storm,1,1,1
06029,Fire,2,1,1
06029,Hurricane,1,1,1
06029,Winter Storm,0,1,1
06029,Flood,1,1,1
06029,Tornado,0,1,1
06029,Tropical Storm,0,1,1
06029,Snowstorm,0,1,1
06029,Coastal Storm,0,1,1
06029,Severe Ice Storm,0,1,1
06031,Severe Storm,1,0,0
06031,Fire,0,0,0
06031,Hurricane,0,0,0
06031,Winter Storm,0,0,0
06031,Flood,2,0,0
06031,Tornado,0,0,0
06031,Tropical Storm,0,0,0
06031,Snowstorm,0,0,0
06031,Coastal Storm,0,0,0
06031,Severe Ice Storm,0,0,0
06033,Severe Storm,2,0,0
06033,Fire,4,0,0
06033,Hurricane,0,0,0
06033,Winter Storm,0,0,0
06033,Flood,2,0,0
06033,Tornado,0,0,0
06033,Tropical Storm,0,0,0
06033,Snowstorm,0,0,0
06033,Coastal Storm,0,0,0
06033,Severe Ice Storm,0,0,0
06035,Severe Storm,0,0,0
06035,Fire,4,0,0
06035,Hurricane,0,0,0
06035,Winter Storm,0,0,0
06035,Flood,0,0,0
06035,Tornado,0,0,0
06035,Tropical Storm,0,0,0
06035,Snowstorm,0,0,0
06035,Coastal Storm,0,0,0
06035,Severe Ice Storm,0,0,0
06037,Severe Storm,2,1,1
06037,Fire,7,1,1
06037,Hurricane,0,1,1
06037,Winter Storm,0,1,1
06037,Flood,3,1,1
06037,Tornado,0,1,1
06037,Tropical Storm,0,1,1
06037,Snowstorm,0,1,1
06037,Coastal Storm,0,1,1
06037,Severe Ice Storm,0,1,1
06039,Severe Storm,1,0,0
06039,Fire,2,0,0
06039,Hurricane,0,0,0
06039,Winter Storm,0,0,0
06039,Flood,3,0,0
06039,Tornado,0,0,0
06039,Tropical Storm,0,0,0
06039,Snowstorm,0,0,0
06039,Coastal Storm,0,0,0
06039,Severe Ice Storm,0,0,0
06041,Severe Storm,3,0,0
06041,Fire,0,0,0
06041,Hurricane,0,0,0
06041,Winter Storm,0,0,0
06041,Flood,2,0,0
06041,Tornado,0,0,0
06041,Tropical Storm,0,0,0
06041,Snowstorm,0,0,0
06041,Coastal Storm,0,0,0
06041,Severe Ice Storm,0,0,0
06043,Severe Storm,3,0,0
06043,Fire,2,0,0
06043,Hurricane,0,0,0
06043,Winter Storm,0,0,0
06043,Flood,3,0,0
06043,Tornado,0,0,0
06043,Tropical Storm,0,0,0
06043,Snowstorm,0,0,0
06043,Coastal Storm,0,0,0
06043,Severe Ice Storm,0,0,0
06045,Severe Storm,3,0,0
06045,Fire,2,0,0
06045,Hurricane,0,0,0
06045,Winter Storm,0,0,0
06045,Flood,3,0,0
06045,Tornado,0,0,0
06045,Tropical Storm,0,0,0
06045,Snowstorm,0,0,0
06045,Coastal Storm,0,0,0
06045,Severe Ice Storm,0,0,0
06047,Severe Storm,1,0,0
06047,Fire,0,0,0
06047,Hurricane,0,0,0
06047,Winter Storm,0,0,0
06047,Flood,3,0,0
06047,Tornado,0,0,0
06047,Tropical Storm,0,0,0
06047,Snowstorm,0,0,0
06047,Coastal Storm,0,0,0
06047,Severe Ice Storm,0,0,0
06049,Severe Storm,2,0,0
06049,Fire,0,0,0
06049,Hurricane,0,0,0
06049,Winter Storm,0,0,0
06049,Flood,0,0,0
06049,Tornado,0,0,0
06049,Tropical Storm,0,0,0
06049,Snowstorm,0,0,0
06049,Coastal Storm,0,0,0
06049,Severe Ice Storm,0,0,0
06051,Severe Storm,1,0,0
06051,Fire,0,0,0
06051,Hurricane,0,0,0
06051,Winter Storm,0,0,0
06051,Flood,2,0,0
06051,Tornado,0,0,0
06051,Tropical Storm,0,0,0
06051,Snowstorm,0,0,0
06051,Coastal Storm,0,0,0
06051,Severe Ice Storm,0,0,0
06053,Severe Storm,3,0,0
06053,Fire,3,0,0
06053,Hurricane,0,0,0
06053,Winter Storm,0,0,0
06053,Flood,3,0,0
06053,Tornado,0,0,0
06053,Tropical Storm,0,0,0
06053,Snowstorm,0,0,0
06053,Coastal Storm,0,0,0
06053,Severe Ice Storm,0,0,0
06055,Severe Storm,3,0,0
06055,Fire,4,0,0
06055,Hurricane,0,0,0
06055,Winter Storm,0,0,0
06055,Flood,3,0,0
06055,Tornado,0,0,0
06055,Tropical Storm,0,0,0
06055,Snowstorm,0,0,0
06055,Coastal Storm,0,0,0
06055,Severe Ice Storm,0,0,0
06057,Severe Storm,1,0,0
06057,Fire,3,0,0
06057,Hurricane,0,0,0
06057,Winter Storm,0,0,0
06057,Flood,2,0,0
06057,Tornado,0,0,0
06057,Tropical Storm,0,0,0
06057,Snowstorm,0,0,0
06057,Coastal Storm,0,0,0
06057,Severe Ice Storm,0,0,0
06059,Severe Storm,0,0,0
06059,Fire,4,0,0
06059,Hurricane,0,0,0
06059,Winter Storm,0,0,0
06059,Flood,2,0,0
06059,Tornado,0,0,0
06059,Tropical Storm,0,0,0
06059,Snowstorm,0,0,0
06059,Coastal Storm,0,0,0
06059,Severe Ice Storm,0,0,0
06061,Severe Storm,0,0,0
06061,Fire,4,0,0
06061,Hurricane,0,0,0
06061,Winter Storm,0,0,0
06061,Flood,3,0,0
06061,Tornado,0,0,0
06061,Tropical Storm,0,0,0
06061,Snowstorm,0,0,0
06061,Coastal Storm,0,0,0
06061,Severe Ice Storm,0,0,0
06063,Severe Storm,1,0,0
06063,Fire,4,0,0
06063,Hurricane,0,0,0
06063,Winter Storm,0,0,0
06063,Flood,1,0,0
06063,Tornado,0,0,0
06063,Tropical Storm,0,0,0
06063,Snowstorm,0,0,0
06063,Coastal Storm,0,0,0
06063,Severe Ice Storm,0,0,0
06065,Severe Storm,1,0,0
06065,Fire,7,0,0
06065,Hurricane,1,0,0
06065,Winter Storm,0,0,0
06065,Flood,1,0,0
06065,Tornado,0,0,0
06065,Tropical Storm,0,0,0
06065,Snowstorm,0,0,0
06065,Coastal Storm,0,0,0
06065,Severe Ice Storm,0,0,0
06067,Severe Storm,1,1,1
06067,Fire,0,1,1
06067,Hurricane,0,1,1
06067,Winter Storm,0,1,1
06067,Flood,3,1,1
06067,Tornado,0,1,1
06067,Tropical Storm,0,1,1
06067,Snowstorm,0,1,1
06067,Coastal Storm,0,1,1
06067,Severe Ice Storm,0,1,1
06069,Severe Storm,1,0,0
06069,Fire,0,0,0
06069,Hurricane,0,0,0
06069,Winter Storm,0,0,0
06069,Flood,3,0,0
06069,Tornado,0,0,0
06069,Tropical Storm,0,0,0
06069,Snowstorm,0,0,0
06069,Coastal Storm,0,0,0
06069,Severe Ice Storm,0,0,0
06071,Severe Storm,1,0,0
06071,Fire,7,0,0
06071,Hurricane,0,0,0
06071,Winter Storm,0,0,0
06071,Flood,2,0,0
06071,Tornado,0,0,0
06071,Tropical Storm,0,0,0
06071,Snowstorm,0,0,0
06071,Coastal Storm,0,0,0
06071,Severe Ice Storm,0,0,0
06073,Severe Storm,0,0,0
06073,Fire,1,0,0
06073,Hurricane,0,0,0
06073,Winter Storm,0,0,0
06073,Flood,3,0,0
06073,Tornado,0,0,0
06073,Tropical Storm,0,0,0
06073,Snowstorm,0,0,0
06073,Coastal Storm,0,0,0
06073,Severe Ice Storm,0,0,0
06075,Severe Storm,1,0,0
06075,Fire,0,0,0
06075,Hurricane,0,0,0
06075,Winter Storm,0,0,0
06075,Flood,3,0,0
06075,Tornado,0,0,0
06075,Tropical Storm,0,0,0
06075,Snowstorm,0,0,0
06075,Coastal Storm,0,0,0
06075,Severe Ice Storm,0,0,0
06077,Severe Storm,1,1,1
06077,Fire,0,1,1
06077,Hurricane,0,1,1
06077,Winter Storm,0,1,1
06077,Flood,3,1,1
06077,Tornado,0,1,1
06077,Tropical Storm,0,1,1
06077,Snowstorm,0,1,1
06077,Coastal Storm,0,1,1
06077,Severe Ice Storm,0,1,1
06079,Severe Storm,2,0,0
06079,Fire,0,0,0
06079,Hurricane,0,0,0
06079,Winter Storm,0,0,0
06079,Flood,3,0,0
06079,Tornado,0,0,0
06079,Tropical Storm,0,0,0
06079,Snowstorm,0,0,0
06079,Coastal Storm,0,0,0
06079,Severe Ice Storm,0,0,0
06081,Severe Storm,1,1,1
06081,Fire,2,1,1
06081,Hurricane,0,1,1
06081,Winter Storm,0,1,1
06081,Flood,3,1,1
06081,Tornado,0,1,1
06081,Tropical Storm,0,1,1
06081,Snowstorm,0,1,1
06081,Coastal Storm,0,1,1
06081,Severe Ice Storm,0,1,1
06083,Severe Storm,3,0,0
06083,Fire,2,0,0
06083,Hurricane,0,0,0
06083,Winter Storm,0,0,0
06083,Flood,3,0,0
06083,Tornado,0,0,0
06083,Tropical Storm,0,0,0
06083,Snowstorm,0,0,0
06083,Coastal Storm,0,0,0
06083,Severe Ice Storm,0,0,0
06085,Severe Storm,1,1,9
06085,Fire,2,1,9
06085,Hurricane,0,1,9
06085,Winter Storm,0,1,9
06085,Flood,3,1,9
06085,Tornado,0,1,9
06085,Tropical Storm,0,1,9
06085,Snowstorm,0,1,9
06085,Coastal Storm,0,1,9
06085,Severe Ice Storm,0,1,9
06087,Severe Storm,2,0,0
06087,Fire,2,0,0
06087,Hurricane,0,0,0
06087,Winter Storm,0,0,0
06087,Flood,3,0,0
06087,Tornado,0,0,0
06087,Tropical Storm,0,0,0
06087,Snowstorm,0,0,0
06087,Coastal Storm,0,0,0
06087,Severe Ice Storm,0,0,0
06089,Severe Storm,2,0,0
06089,Fire,3,0,0
06089,Hurricane,0,0,0
06089,Winter Storm,0,0,0
06089,Flood,0,0,0
06089,Tornado,0,0,0
06089,Tropical Storm,0,0,0
06089,Snowstorm,0,0,0
06089,Coastal Storm,0,0,0
06089,Severe Ice Storm,0,0,0
06091,Severe Storm,1,0,0
06091,Fire,1,0,0
06091,Hurricane,0,0,0
06091,Winter Storm,0,0,0
06091,Flood,1,0,0
06091,Tornado,0,0,0
06091,Tropical Storm,0,0,0
06091,Snowstorm,0,0,0
06091,Coastal Storm,0,0,0
06091,Severe Ice Storm,0,0,0
06093,Severe Storm,0,0,0
06093,Fire,4,0,0
06093,Hurricane,1,0,0
06093,Winter Storm,0,0,0
06093,Flood,1,0,0
06093,Tornado,0,0,0
06093,Tropical Storm,0,0,0
06093,Snowstorm,0,0,0
06093,Coastal Storm,0,0,0
06093,Severe Ice Storm,0,0,0
06095,Severe Storm,1,0,0
06095,Fire,2,0,0
06095,Hurricane,0,0,0
06095,Winter Storm,0,0,0
06095,Flood,2,0,0
06095,Tornado,0,0,0
06095,Tropical Storm,0,0,0
06095,Snowstorm,0,0,0
06095,Coastal Storm,0,0,0
06095,Severe Ice Storm,0,0,0
06097,Severe Storm,2,0,0
06097,Fire,5,0,0
06097,Hurricane,0,0,0
06097,Winter Storm,0,0,0
06097,Flood,3,0,0
06097,Tornado,0,0,0
06097,Tropical Storm,0,0,0
06097,Snowstorm,0,0,0
06097,Coastal Storm,0,0,0
06097,Severe Ice Storm,0,0,0
06099,Severe Storm,1,0,0
06099,Fire,2,0,0
06099,Hurricane,0,0,0
06099,Winter Storm,0,0,0
06099,Flood,3,0,0
06099,Tornado,0,0,0
06099,Tropical Storm,0,0,0
06099,Snowstorm,0,0,0
06099,Coastal Storm,0,0,0
06099,Severe Ice Storm,0,0,0
06101,Severe Storm,1,0,0
06101,Fire,0,0,0
06101,Hurricane,0,0,0
06101,Winter Storm,0,0,0
06101,Flood,2,0,0
06101,Tornado,0,0,0
06101,Tropical Storm,0,0,0
06101,Snowstorm,0,0,0
06101,Coastal Storm,0,0,0
06101,Severe Ice Storm,0,0,0
06103,Severe Storm,1,0,0
06103,Fire,2,0,0
06103,Hurricane,0,0,0
06103,Winter Storm,0,0,0
06103,Flood,2,0,0
06103,Tornado,0,0,0
06103,Tropical Storm,0,0,0
06103,Snowstorm,0,0,0
06103,Coastal Storm,0,0,0
06103,Severe Ice Storm,0,0,0
06105,Severe Storm,3,0,0
06105,Fire,3,0,0
06105,Hurricane,0,0,0
06105,Winter Storm,0,0,0
06105,Flood,2,0,0
06105,Tornado,0,0,0
06105,Tropical Storm,0,0,0
06105,Snowstorm,0,0,0
06105,Coastal Storm,0,0,0
06105,Severe Ice Storm,0,0,0
06107,Severe Storm,1,0,0
06107,Fire,2,0,0
06107,Hurricane,0,0,0
06107,Winter Storm,0,0,0
06107,Flood,3,0,0
06107,Tornado,0,0,0
06107,Tropical Storm,0,0,0
06107,Snowstorm,0,0,0
06107,Coastal Storm,0,0,0
06107,Severe Ice Storm,0,0,0
06109,Severe Storm,2,0,0
06109,Fire,1,0,0
06109,Hurricane,0,0,0
06109,Winter Storm,0,0,0
06109,Flood,2,0,0
06109,Tornado,0,0,0
06109,Tropical Storm,0,0,0
06109,Snowstorm,0,0,0
06109,Coastal Storm,0,0,0
06109,Severe Ice Storm,0,0,0
06111,Severe Storm,2,0,0
06111,Fire,4,0,0
06111,Hurricane,0,0,0
06111,Winter Storm,0,0,0
06111,Flood,2,0,0
06111,Tornado,0,0,0
06111,Tropical Storm,0,0,0
06111,Snowstorm,0,0,0
06111,Coastal Storm,0,0,0
06111,Severe Ice Storm,0,0,0
06113,Severe Storm,1,0,0
06113,Fire,2,0,0
06113,Hurricane,0,0,0
06113,Winter Storm,0,0,0
06113,Flood,2,0,0
06113,Tornado,0,0,0
06113,Tropical Storm,0,0,0
06113,Snowstorm,0,0,0
06113,Coastal Storm,0,0,0
06113,Severe Ice Storm,0,0,0
06115,Severe Storm,0,0,0
06115,Fire,3,0,0
06115,Hurricane,0,0,0
06115,Winter Storm,0,0,0
06115,Flood,2,0,0
06115,Tornado,0,0,0
06115,Tropical Storm,0,0,0
06115,Snowstorm,0,0,0
06115,Coastal Storm,0,0,0
06115,Severe Ice Storm,0,0,0
08001,Severe Storm,0,1,2
08001,Fire,0,1,2
08001,Hurricane,0,1,2
08001,Winter Storm,0,1,2
08001,Flood,0,1,2
08001,Tornado,0,1,2
08001,Tropical Storm,0,1,2
08001,Snowstorm,0,1,2
08001,Coastal Storm,0,1,2
08001,Severe Ice Storm,0,1,2
08003,Severe Storm,0,0,0
08003,Fire,0,0,0
08003,Hurricane,0,0,0
08003,Winter Storm,0,0,0
08003,Flood,0,0,0
08003,Tornado,0,0,0
08003,Tropical Storm,0,0,0
08003,Snowstorm,0,0,0
08003,Coastal Storm,0,0,0
08003,Severe Ice Storm,0,0,0
08005,Severe Storm,0,1,1
08005,Fire,0,1,1
08005,Hurricane,0,1,1
08005,Winter Storm,0,1,1
08005,Flood,1,1,1
08005,Tornado,0,1,1
08005,Tropical Storm,0,1,1
08005,Snowstorm,0,1,1
08005,Coastal Storm,0,1,1
08005,Severe Ice Storm,0,1,1
08007,Severe Storm,0,0,0
08007,Fire,0,0,0
08007,Hurricane,0,0,0
08007,Winter Storm,0,0,0
08007,Flood,0,0,0
08007,Tornado,0,0,0
08007,Tropical Storm,0,0,0
08007,Snowstorm,0,0,0
08007,Coastal Storm,0,0,0
08007,Severe Ice Storm,0,0,0
08009,Severe Storm,0,0,0
08009,Fire,0,0,0
08009,Hurricane,0,0,0
08009,Winter Storm,0,0,0
08009,Flood,1,0,0
08009,Tornado,0,0,0
08009,Tropical Storm,0,0,0
08009,Snowstorm,0,0,0
08009,Coastal Storm,0,0,0
08009,Severe Ice Storm,0,0,0
08011,Severe Storm,0,0,0
08011,Fire,0,0,0
08011,Hurricane,0,0,0
08011,Winter Storm,0,0,0
08011,Flood,0,0,0
08011,Tornado,0,0,0
08011,Tropical Storm,0,0,0
08011,Snowstorm,0,0,0
08011,Coastal Storm,0,0,0
08011,Severe Ice Storm,0,0,0
08013,Severe Storm,0,0,0
08013,Fire,4,0,0
08013,Hurricane,0,0,0
08013,Winter Storm,0,0,0
08013,Flood,0,0,0
08013,Tornado,0,0,0
08013,Tropical Storm,0,0,0
08013,Snowstorm,0,0,0
08013,Coastal Storm,0,0,0
08013,Severe Ice Storm,0,0,0
08014,Severe Storm,0,0,0
08014,Fire,0,0,0
08014,Hurricane,0,0,0
08014,Winter Storm,0,0,0
08014,Flood,0,0,0
08014,Tornado,0,0,0
08014,Tropical Storm,0,0,0
08014,Snowstorm,0,0,0
08014,Coastal Storm,0,0,0
08014,Severe Ice Storm,0,0,0
08015,Severe Storm,0,0,0
08015,Fire,0,0,0
08015,Hurricane,0,0,0
08015,Winter Storm,0,0,0
08015,Flood,0,0,0
08015,Tornado,0,0,0
08015,Tropical Storm,0,0,0
08015,Snowstorm,0,0,0
08015,Coastal Storm,0,0,0
08015,Severe Ice Storm,0,0,0
08017,Severe Storm,0,0,0
08017,Fire,0,0,0
08017,Hurricane,0,0,0
08017,Winter Storm,0,0,0
08017,Flood,1,0,0
08017,Tornado,0,0,0
08017,Tropical Storm,0,0,0
08017,Snowstorm,0,0,0
08017,Coastal Storm,0,0,0
08017,Severe Ice Storm,0,0,0
08019,Severe Storm,0,0,0
08019,Fire,0,0,0
08019,Hurricane,0,0,0
08019,Winter Storm,0,0,0
08019,Flood,0,0,0
08019,Tornado,0,0,0
08019,Tropical Storm,0,0,0
08019,Snowstorm,0,0,0
08019,Coastal Storm,0,0,0
08019,Severe Ice Storm,0,0,0
08021,Severe Storm,0,0,0
08021,Fire,0,0,0
08021,Hurricane,0,0,0
08021,Winter Storm,0,0,0
08021,Flood,0,0,0
08021,Tornado,0,0,0
08021,Tropical Storm,0,0,0
08021,Snowstorm,0,0,0
08021,Coastal Storm,0,0,0
08021,Severe Ice Storm,0,0,0
08023,Severe Storm,0,0,0
08023,Fire,0,0,0
08023,Hurricane,0,0,0
08023,Winter Storm,0,0,0
08023,Flood,0,0,0
08023,Tornado,0,0,0
08023,Tropical Storm,0,0,0
08023,Snowstorm,0,0,0
08023,Coastal Storm,0,0,0
08023,Severe Ice Storm,0,0,0
08025,Severe Storm,0,0,0
08025,Fire,0,0,0
08025,Hurricane,0,0,0
08025,Winter Storm,0,0,0
08025,Flood,0,0,0
08025,Tornado,0,0,0
08025,Tropical Storm,0,0,0
08025,Snowstorm,0,0,0
08025,Coastal Storm,0,0,0
08025,Severe Ice Storm,0,0,0
08027,Severe Storm,0,0,0
08027,Fire,0,0,0
08027,Hurricane,0,0,0
08027,Winter Storm,0,0,0
08027,Flood,0,0,0
08027,Tornado,0,0,0
08027,Tropical Storm,0,0,0
08027,Snowstorm,0,0,0
08027,Coastal Storm,0,0,0
08027,Severe Ice Storm,0,0,0
08029,Severe Storm,0,0,0
08029,Fire,0,0,0
08029,Hurricane,0,0,0
08029,Winter Storm,0,0,0
08029,Flood,0,0,0
08029,Tornado,0,0,0
08029,Tropical Storm,0,0,0
08029,Snowstorm,0,0,0
08029,Coastal Storm,0,0,0
08029,Severe Ice Storm,0,0,0
08031,Severe Storm,0,1,3
08031,Fire,0,1,3
08031,Hurricane,0,1,3
08031,Winter Storm,0,1,3
08031,Flood,0,1,3
08031,Tornado,0,1,3
08031,Tropical Storm,0,1,3
08031,Snowstorm,0,1,3
08031,Coastal Storm,0,1,3
08031,Severe Ice Storm,0,1,3
08033,Severe Storm,0,0,0
08033,Fire,0,0,0
08033,Hurricane,0,0,0
08033,Winter Storm,0,0,0
08033,Flood,0,0,0
08033,Tornado,0,0,0
08033,Tropical Storm,0,0,0
08033,Snowstorm,0,0,0
08033,Coastal Storm,0,0,0
08033,Severe Ice Storm,0,0,0
08035,Severe Storm,0,1,1
08035,Fire,0,1,1
08035,Hurricane,0,1,1
08035,Winter Storm,0,1,1
08035,Flood,1,1,1
08035,Tornado,0,1,1
08035,Tropical Storm,0,1,1
08035,Snowstorm,0,1,1
08035,Coastal Storm,0,1,1
08035,Severe Ice Storm,0,1,1
08037,Severe Storm,0,0,0
08037,Fire,1,0,0
08037,Hurricane,0,0,0
08037,Winter Storm,0,0,0
08037,Flood,0,0,0
08037,Tornado,0,0,0
08037,Tropical Storm,0,0,0
08037,Snowstorm,0,0,0
08037,Coastal Storm,0,0,0
08037,Severe Ice Storm,0,0,0
08039,Severe Storm,0,0,0
08039,Fire,0,0,0
08039,Hurricane,0,0,0
08039,Winter Storm,0,0,0
08039,Flood,1,0,0
08039,Tornado,0,0,0
08039,Tropical Storm,0,0,0
08039,Snowstorm,0,0,0
08039,Coastal Storm,0,0,0
08039,Severe Ice Storm,0,0,0
08041,Severe Storm,0,1,1
08041,Fire,0,1,1
08041,Hurricane,0,1,1
08041,Winter Storm,0,1,1
08041,Flood,1,1,1
08041,Tornado,0,1,1
08041,Tropical Storm,0,1,1
08041,Snowstorm,0,1,1
08041,Coastal Storm,0,1,1
08041,Severe Ice Storm,0,1,1
08043,Severe Storm,0,0,0
08043,Fire,0,0,0
08043,Hurricane,0,0,0
08043,Winter Storm,0,0,0
08043,Flood,0,0,0
08043,Tornado,0,0,0
08043,Tropical Storm,0,0,0
08043,Snowstorm,0,0,0
08043,Coastal Storm,0,0,0
08043,Severe Ice Storm,0,0,0
08045,Severe Storm,0,0,0
08045,Fire,2,0,0
08045,Hurricane,0,0,0
08045,Winter Storm,0,0,0
08045,Flood,0,0,0
08045,Tornado,0,0,0
08045,Tropical Storm,0,0,0
08045,Snowstorm,0,0,0
08045,Coastal Storm,0,0,0
08045,Severe Ice Storm,0,0,0
08047,Severe Storm,0,0,0
08047,Fire,0,0,0
08047,Hurricane,0,0,0
08047,Winter Storm,0,0,0
08047,Flood,0,0,0
08047,Tornado,0,0,0
08047,Tropical Storm,0,0,0
08047,Snowstorm,0,0,0
08047,Coastal Storm,0,0,0
08047,Severe Ice Storm,0,0,0
08049,Severe Storm,0,0,0
08049,Fire,2,0,0
08049,Hurricane,0,0,0
08049,Winter Storm,0,0,0
08049,Flood,0,0,0
08049,Tornado,0,0,0
08049,Tropical Storm,0,0,0
08049,Snowstorm,0,0,0
08049,Coastal Storm,0,0,0
08049,Severe Ice Storm,0,0,0
08051,Severe Storm,0,0,0
08051,Fire,0,0,0
08051,Hurricane,0,0,0
08051,Winter Storm,0,0,0
08051,Flood,0,0,0
08051,Tornado,0,0,0
08051,Tropical Storm,0,0,0
08051,Snowstorm,0,0,0
08051,Coastal Storm,0,0,0
08051,Severe Ice Storm,0,0,0
08053,Severe Storm,0,0,0
08053,Fire,0,0,0
08053,Hurricane,0,0,0
08053,Winter Storm,0,0,0
08053,Flood,0,0,0
08053,Tornado,0,0,0
08053,Tropical Storm,0,0,0
08053,Snowstorm,0,0,0
08053,Coastal Storm,0,0,0
08053,Severe Ice Storm,0,0,0
08055,Severe Storm,0,0,0
08055,Fire,0,0,0
08055,Hurricane,0,0,0
08055,Winter Storm,0,0,0
08055,Flood,0,0,0
08055,Tornado,0,0,0
08055,Tropical Storm,0,0,0
08055,Snowstorm,0,0,0
08055,Coastal Storm,0,0,0
08055,Severe Ice Storm,0,0,0
08057,Severe Storm,0,0,0
08057,Fire,0,0,0
08057,Hurricane,0,0,0
08057,Winter Storm,0,0,0
08057,Flood,0,0,0
08057,Tornado,0,0,0
08057,Tropical Storm,0,0,0
08057,Snowstorm,0,0,0
08057,Coastal Storm,0,0,0
08057,Severe Ice Storm,0,0,0
08059,Severe Storm,0,0,0
08059,Fire,1,0,0
08059,Hurricane,0,0,0
08059,Winter Storm,0,0,0
08059,Flood,1,0,0
08059,Tornado,0,0,0
08059,Tropical Storm,0,0,0
08059,Snowstorm,0,0,0
08059,Coastal Storm,0,0,0
08059,Severe Ice Storm,0,0,0
08061,Severe Storm,0,0,0
08061,Fire,0,0,0
08061,Hurricane,0,0,0
08061,Winter Storm,0,0,0
08061,Flood,1,0,0
08061,Tornado,0,0,0
08061,Tropical Storm,0,0,0
08061,Snowstorm,0,0,0
08061,Coastal Storm,0,0,0
08061,Severe Ice Storm,0,0,0
08063,Severe Storm,0,0,0
08063,Fire,0,0,0
08063,Hurricane,0,0,0
08063,Winter Storm,0,0,0
08063,Flood,1,0,0
08063,Tornado,0,0,0
08063,Tropical Storm,0,0,0
08063,Snowstorm,0,0,0
08063,Coastal Storm,0,0,0
08063,Severe Ice Storm,0,0,0
08065,Severe Storm,0,0,0
08065,Fire,0,0,0
08065,Hurricane,0,0,0
08065,Winter Storm,0,0,0
08065,Flood,0,0,0
08065,Tornado,0,0,0
08065,Tropical Storm,0,0,0
08065,Snowstorm,0,0,0
08065,Coastal Storm,0,0,0
08065,Severe Ice Storm,0,0,0
08067,Severe Storm,0,0,0
08067,Fire,0,0,0
08067,Hurricane,0,0,0
08067,Winter Storm,0,0,0
08067,Flood,0,0,0
08067,Tornado,0,0,0
08067,Tropical Storm,0,0,0
08067,Snowstorm,0,0,0
08067,Coastal Storm,0,0,0
08067,Severe Ice Storm,0,0,0
08069,Severe Storm,0,0,0
08069,Fire,4,0,0
08069,Hurricane,0,0,0
08069,Winter Storm,0,0,0
08069,Flood,0,0,0
08069,Tornado,0,0,0
08069,Tropical Storm,0,0,0
08069,Snowstorm,0,0,0
08069,Coastal Storm,0,0,0
08069,Severe Ice Storm,0,0,0
08071,Severe Storm,0,0,0
08071,Fire,0,0,0
08071,Hurricane,0,0,0
08071,Winter Storm,0,0,0
08071,Flood,0,0,0
08071,Tornado,0,0,0
08071,Tropical Storm,0,0,0
08071,Snowstorm,0,0,0
08071,Coastal Storm,0,0,0
08071,Severe Ice Storm,0,0,0
08073,Severe Storm,0,0,0
08073,Fire,0,0,0
08073,Hurricane,0,0,0
08073,Winter Storm,0,0,0
08073,Flood,1,0,0
08073,Tornado,0,0,0
08073,Tropical Storm,0,0,0
08073,Snowstorm,0,0,0
08073,Coastal Storm,0,0,0
08073,Severe Ice Storm,0,0,0
08075,Severe Storm,0,0,0
08075,Fire,0,0,0
08075,Hurricane,0,0,0
08075,Winter Storm,0,0,0
08075,Flood,1,0,0
08075,Tornado,0,0,0
08075,Tropical Storm,0,0,0
08075,Snowstorm,0,0,0
08075,Coastal Storm,0,0,0
08075,Severe Ice Storm,0,0,0
08077,Severe Storm,0,0,0
08077,Fire,1,0,0
08077,Hurricane,0,0,0
08077,Winter Storm,0,0,0
08077,Flood,0,0,0
08077,Tornado,0,0,0
08077,Tropical Storm,0,0,0
08077,Snowstorm,0,0,0
08077,Coastal Storm,0,0,0
08077,Severe Ice Storm,0,0,0
08079,Severe Storm,0,0,0
08079,Fire,0,0,0
08079,Hurricane,0,0,0
08079,Winter Storm,0,0,0
08079,Flood,0,0,0
08079,Tornado,0,0,0
08079,Tropical Storm,0,0,0
08079,Snowstorm,0,0,0
08079,Coastal Storm,0,0,0
08079,Severe Ice Storm,0,0,0
08081,Severe Storm,0,0,0
08081,Fire,0,0,0
08081,Hurricane,0,0,0
08081,Winter Storm,0,0,0
08081,Flood,0,0,0
08081,Tornado,0,0,0
08081,Tropical Storm,0,0,0
08081,Snowstorm,0,0,0
08081,Coastal Storm,0,0,0
08081,Severe Ice Storm,0,0,0
08083,Severe Storm,0,0,0
08083,Fire,0,0,0
08083,Hurricane,0,0,0
08083,Winter Storm,0,0,0
08083,Flood,0,0,0
08083,Tornado,0,0,0
08083,Tropical Storm,0,0,0
08083,Snowstorm,0,0,0
08083,Coastal Storm,0,0,0
08083,Severe Ice Storm,0,0,0
08085,Severe Storm,0,0,0
08085,Fire,0,0,0
08085,Hurricane,0,0,0
08085,Winter Storm,0,0,0
08085,Flood,0,0,0
08085,Tornado,0,0,0
08085,Tropical Storm,0,0,0
08085,Snowstorm,0,0,0
08085,Coastal Storm,0,0,0
08085,Severe Ice Storm,0,0,0
08087,Severe Storm,0,0,0
08087,Fire,0,0,0
08087,Hurricane,0,0,0
08087,Winter Storm,0,0,0
08087,Flood,0,0,0
08087,Tornado,0,0,0
08087,Tropical Storm,0,0,0
08087,Snowstorm,0,0,0
08087,Coastal Storm,0,0,0
08087,Severe Ice Storm,0,0,0
08089,Severe Storm,0,0,0
08089,Fire,0,0,0
08089,Hurricane,0,0,0
08089,Winter Storm,0,0,0
08089,Flood,0,0,0
08089,Tornado,0,0,0
08089,Tropical Storm,0,0,0
08089,Snowstorm,0,0,0
08089,Coastal Storm,0,0,0
08089,Severe Ice Storm,0,0,0
08091,Severe Storm,0,0,0
08091,Fire,0,0,0
08091,Hurricane,0,0,0
08091,Winter Storm,0,0,0
08091,Flood,0,0,0
08091,Tornado,0,0,0
08091,Tropical Storm,0,0,0
08091,Snowstorm,0,0,0
08091,Coastal Storm,0,0,0
08091,Severe Ice Storm,0,0,0
08093,Severe Storm,0,0,0
08093,Fire,0,0,0
08093,Hurricane,0,0,0
08093,Winter Storm,0,0,0
08093,Flood,0,0,0
08093,Tornado,0,0,0
08093,Tropical Storm,0,0,0
08093,Snowstorm,0,0,0
08093,Coastal Storm,0,0,0
08093,Severe Ice Storm,0,0,0
08095,Severe Storm,0,0,0
08095,Fire,0,0,0
08095,Hurricane,0,0,0
08095,Winter Storm,0,0,0
08095,Flood,0,0,0
08095,Tornado,0,0,0
08095,Tropical Storm,0,0,0
08095,Snowstorm,0,0,0
08095,Coastal Storm,0,0,0
08095,Severe Ice Storm,0,0,0
08097,Severe Storm,0,0,0
08097,Fire,0,0,0
08097,Hurricane,0,0,0
08097,Winter Storm,0,0,0
08097,Flood,0,0,0
08097,Tornado,0,0,0
08097,Tropical Storm,0,0,0
08097,Snowstorm,0,0,0
08097,Coastal Storm,0,0,0
08097,Severe Ice Storm,0,0,0
08099,Severe Storm,0,0,0
08099,Fire,0,0,0
08099,Hurricane,0,0,0
08099,Winter Storm,0,0,0
08099,Flood,1,0,0
08099,Tornado,0,0,0
08099,Tropical Storm,0,0,0
08099,Snowstorm,0,0,0
08099,Coastal Storm,0,0,0
08099,Severe Ice Storm,0,0,0
08101,Severe Storm,0,0,0
08101,Fire,0,0,0
08101,Hurricane,0,0,0
08101,Winter Storm,0,0,0
08101,Flood,0,0,0
08101,Tornado,0,0,0
08101,Tropical Storm,0,0,0
08101,Snowstorm,0,0,0
08101,Coastal Storm,0,0,0
08101,Severe Ice Storm,0,0,0
08103,Severe Storm,0,0,0
08103,Fire,0,0,0
08103,Hurricane,0,0,0
08103,Winter Storm,0,0,0
08103,Flood,0,0,0
08103,Tornado,0,0,0
08103,Tropical Storm,0,0,0
08103,Snowstorm,0,0,0
08103,Coastal Storm,0,0,0
08103,Severe Ice Storm,0,0,0
08105,Severe Storm,0,0,0
08105,Fire,0,0,0
08105,Hurricane,0,0,0
08105,Winter Storm,0,0,0
08105,Flood,0,0,0
08105,Tornado,0,0,0
08105,Tropical Storm,0,0,0
08105,Snowstorm,0,0,0
08105,Coastal Storm,0,0,0
08105,Severe Ice Storm,0,0,0
08107,Severe Storm,0,0,0
08107,Fire,0,0,0
08107,Hurricane,0,0,0
08107,Winter Storm,0,0,0
08107,Flood,0,0,0
08107,Tornado,0,0,0
08107,Tropical Storm,0,0,0
08107,Snowstorm,0,0,0
08107,Coastal Storm,0,0,0
08107,Severe Ice Storm,0,0,0
08109,Severe Storm,0,0,0
08109,Fire,0,0,0
08109,Hurricane,0,0,0
08109,Winter Storm,0,0,0
08109,Flood,0,0,0
08109,Tornado,0,0,0
08109,Tropical Storm,0,0,0
08109,Snowstorm,0,0,0
08109,Coastal Storm,0,0,0
08109,Severe Ice Storm,0,0,0
08111,Severe Storm,0,0,0
08111,Fire,0,0,0
08111,Hurricane,0,0,0
08111,Winter Storm,0,0,0
08111,Flood,0,0,0
08111,Tornado,0,0,0
08111,Tropical Storm,0,0,0
08111,Snowstorm,0,0,0
08111,Coastal Storm,0,0,0
08111,Severe Ice Storm,0,0,0
08113,Severe Storm,0,0,0
08113,Fire,0,0,0
08113,Hurricane,0,0,0
08113,Winter Storm,0,0,0
08113,Flood,0,0,0
08113,Tornado,0,0,0
08113,Tropical Storm,0,0,0
08113,Snowstorm,0,0,0
08113,Coastal Storm,0,0,0
08113,Severe Ice Storm,0,0,0
08115,Severe Storm,0,0,0
08115,Fire,0,0,0
08115,Hurricane,0,0,0
08115,Winter Storm,0,0,0
08115,Flood,0,0,0
08115,Tornado,0,0,0
08115,Tropical Storm,0,0,0
08115,Snowstorm,0,0,0
08115,Coastal Storm,0,0,0
08115,Severe Ice Storm,0,0,0
08117,Severe Storm,0,0,0
08117,Fire,0,0,0
08117,Hurricane,0,0,0
08117,Winter Storm,0,0,0
08117,Flood,0,0,0
08117,Tornado,0,0,0
08117,Tropical Storm,0,0,0
08117,Snowstorm,0,0,0
08117,Coastal Storm,0,0,0
08117,Severe Ice Storm,0,0,0
08119,Severe Storm,0,0,0
08119,Fire,0,0,0
08119,Hurricane,0,0,0
08119,Winter Storm,0,0,0
08119,Flood,1,0,0
08119,Tornado,0,0,0
08119,Tropical Storm,0,0,0
08119,Snowstorm,0,0,0
08119,Coastal Storm,0,0,0
08119,Severe Ice Storm,0,0,0
08121,Severe Storm,0,0,0
08121,Fire,0,0,0
08121,Hurricane,0,0,0
08121,Winter Storm,0,0,0
08121,Flood,1,0,0
08121,Tornado,0,0,0
08121,Tropical Storm,0,0,0
08121,Snowstorm,0,0,0
08121,Coastal Storm,0,0,0
08121,Severe Ice Storm,0,0,0
08123,Severe Storm,0,1,1
08123,Fire,0,1,1
08123,Hurricane,0,1,1
08123,Winter Storm,0,1,1
08123,Flood,0,1,1
08123,Tornado,0,1,1
08123,Tropical Storm,0,1,1
08123,Snowstorm,0,1,1
08123,Coastal Storm,0,1,1
08123,Severe Ice Storm,0,1,1
08125,Severe Storm,0,0,0
08125,Fire,0,0,0
08125,Hurricane,0,0,0
08125,Winter Storm,0,0,0
08125,Flood,0,0,0
08125,Tornado,0,0,0
08125,Tropical Storm,0,0,0
08125,Snowstorm,0,0,0
08125,Coastal Storm,0,0,0
08125,Severe Ice Storm,0,0,0
09001,Severe Storm,2,0,0
09001,Fire,0,0,0
09001,Hurricane,4,0,0
09001,Winter Storm,0,0,0
09001,Flood,0,0,0
09001,Tornado,0,0,0
09001,Tropical Storm,0,0,0
09001,Snowstorm,0,0,0
09001,Coastal Storm,0,0,0
09001,Severe Ice Storm,0,0,0
09003,Severe Storm,0,0,0
09003,Fire,1,0,0
09003,Hurricane,3,0,0
09003,Winter Storm,0,0,0
09003,Flood,0,0,0
09003,Tornado,0,0,0
09003,Tropical Storm,0,0,0
09003,Snowstorm,0,0,0
09003,Coastal Storm,0,0,0
09003,Severe Ice Storm,0,0,0
09005,Severe Storm,2,0,0
09005,Fire,0,0,0
09005,Hurricane,4,0,0
09005,Winter Storm,0,0,0
09005,Flood,0,0,0
09005,Tornado,0,0,0
09005,Tropical Storm,0,0,0
09005,Snowstorm,0,0,0
09005,Coastal Storm,0,0,0
09005,Severe Ice Storm,0,0,0
09007,Severe Storm,0,0,0
09007,Fire,0,0,0
09007,Hurricane,4,0,0
09007,Winter Storm,0,0,0
09007,Flood,0,0,0
09007,Tornado,0,0,0
09007,Tropical Storm,0,0,0
09007,Snowstorm,0,0,0
09007,Coastal Storm,0,0,0
09007,Severe Ice Storm,0,0,0
09009,Severe Storm,2,0,0
09009,Fire,1,0,0
09009,Hurricane,4,0,0
09009,Winter Storm,0,0,0
09009,Flood,0,0,0
09009,Tornado,0,0,0
09009,Tropical Storm,0,0,0
09009,Snowstorm,0,0,0
09009,Coastal Storm,0,0,0
09009,Severe Ice Storm,0,0,0
09011,Severe Storm,1,0,0
09011,Fire,0,0,0
09011,Hurricane,4,0,0
09011,Winter Storm,0,0,0
09011,Flood,0,0,0
09011,Tornado,0,0,0
09011,Tropical Storm,0,0,0
09011,Snowstorm,0,0,0
09011,Coastal Storm,0,0,0
09011,Severe Ice Storm,0,0,0
09013,Severe Storm,0,0,0
09013,Fire,0,0,0
09013,Hurricane,3,0,0
09013,Winter Storm,0,0,0
09013,Flood,0,0,0
09013,Tornado,0,0,0
09013,Tropical Storm,0,0,0
09013,Snowstorm,0,0,0
09013,Coastal Storm,0,0,0
09013,Severe Ice Storm,0,0,0
09015,Severe Storm,0,0,0
09015,Fire,0,0,0
09015,Hurricane,3,0,0
09015,Winter Storm,0,0,0
09015,Flood,0,0,0
09015,Tornado,0,0,0
09015,Tropical Storm,0,0,0
09015,Snowstorm,0,0,0
09015,Coastal Storm,0,0,0
09015,Severe Ice Storm,0,0,0
10001,Severe Storm,0,0,0
10001,Fire,0,0,0
10001,Hurricane,1,0,0
10001,Winter Storm,0,0,0
10001,Flood,0,0,0
10001,Tornado,0,0,0
10001,Tropical Storm,0,0,0
10001,Snowstorm,0,0,0
10001,Coastal Storm,0,0,0
10001,Severe Ice Storm,0,0,0
10003,Severe Storm,0,1,1
10003,Fire,0,1,1
10003,Hurricane,2,1,1
10003,Winter Storm,0,1,1
10003,Flood,0,1,1
10003,Tornado,0,1,1
10003,Tropical Storm,0,1,1
10003,Snowstorm,0,1,1
10003,Coastal Storm,0,1,1
10003,Severe Ice Storm,0,1,1
10005,Severe Storm,0,0,0
10005,Fire,0,0,0
10005,Hurricane,0,0,0
10005,Winter Storm,0,0,0
10005,Flood,0,0,0
10005,Tornado,0,0,0
10005,Tropical Storm,0,0,0
10005,Snowstorm,0,0,0
10005,Coastal Storm,0,0,0
10005,Severe Ice Storm,0,0,0
11001,Severe Storm,0,0,0
11001,Fire,0,0,0
11001,Hurricane,0,0,0
11001,Winter Storm,0,0,0
11001,Flood,0,0,0
11001,Tornado,0,0,0
11001,Tropical Storm,0,0,0
11001,Snowstorm,0,0,0
11001,Coastal Storm,0,0,0
11001,Severe Ice Storm,0,0,0
12001,Severe Storm,1,0,0
12001,Fire,0,0,0
12001,Hurricane,9,0,0
12001,Winter Storm,0,0,0
12001,Flood,0,0,0
12001,Tornado,0,0,0
12001,Tropical Storm,5,0,0
12001,Snowstorm,0,0,0
12001,Coastal Storm,0,0,0
12001,Severe Ice Storm,0,0,0
12003,Severe Storm,2,0,0
12003,Fire,0,0,0
12003,Hurricane,8,0,0
12003,Winter Storm,0,0,0
12003,Flood,0,0,0
12003,Tornado,0,0,0
12003,Tropical Storm,3,0,0
12003,Snowstorm,0,0,0
12003,Coastal Storm,0,0,0
12003,Severe Ice Storm,0,0,0
12005,Severe Storm,0,0,0
12005,Fire,2,0,0
12005,Hurricane,8,0,0
12005,Winter Storm,0,0,0
12005,Flood,0,0,0
12005,Tornado,0,0,0
12005,Tropical Storm,4,0,0
12005,Snowstorm,0,0,0
12005,Coastal Storm,0,0,0
12005,Severe Ice Storm,0,0,0
12007,Severe Storm,1,0,0
12007,Fire,0,0,0
12007,Hurricane,8,0,0
12007,Winter Storm,0,0,0
12007,Flood,0,0,0
12007,Tornado,0,0,0
12007,Tropical Storm,5,0,0
12007,Snowstorm,0,0,0
12007,Coastal Storm,0,0,0
12007,Severe Ice Storm,0,0,0
12009,Severe Storm,0,0,0
12009,Fire,0,0,0
12009,Hurricane,9,0,0
12009,Winter Storm,0,0,0
12009,Flood,0,0,0
12009,Tornado,0,0,0
12009,Tropical Storm,4,0,0
12009,Snowstorm,0,0,0
12009,Coastal Storm,0,0,0
12009,Severe Ice Storm,0,0,0
12011,Severe Storm,0,0,0
12011,Fire,0,0,0
12011,Hurricane,8,0,0
12011,Winter Storm,0,0,0
12011,Flood,1,0,0
12011,Tornado,0,0,0
12011,Tropical Storm,1,0,0
12011,Snowstorm,0,0,0
12011,Coastal Storm,0,0,0
12011,Severe Ice Storm,0,0,0
12013,Severe Storm,0,0,0
12013,Fire,1,0,0
12013,Hurricane,9,0,0
12013,Winter Storm,0,0,0
12013,Flood,0,0,0
12013,Tornado,0,0,0
12013,Tropical Storm,4,0,0
12013,Snowstorm,0,0,0
12013,Coastal Storm,0,0,0
12013,Severe Ice Storm,0,0,0
12015,Severe Storm,1,0,0
12015,Fire,0,0,0
12015,Hurricane,8,0,0
12015,Winter Storm,0,0,0
12015,Flood,0,0,0
12015,Tornado,0,0,0
12015,Tropical Storm,5,0,0
12015,Snowstorm,0,0,0
12015,Coastal Storm,0,0,0
12015,Severe Ice Storm,0,0,0
12017,Severe Storm,1,0,0
12017,Fire,0,0,0
12017,Hurricane,10,0,0
12017,Winter Storm,0,0,0
12017,Flood,0,0,0
12017,Tornado,0,0,0
12017,Tropical Storm,5,0,0
12017,Snowstorm,0,0,0
12017,Coastal Storm,0,0,0
12017,Severe Ice Storm,0,0,0
12019,Severe Storm,1,0,0
12019,Fire,0,0,0
12019,Hurricane,9,0,0
12019,Winter Storm,0,0,0
12019,Flood,0,0,0
12019,Tornado,0,0,0
12019,Tropical Storm,4,0,0
12019,Snowstorm,0,0,0
12019,Coastal Storm,0,0,0
12019,Severe Ice Storm,0,0,0
12021,Severe Storm,1,0,0
12021,Fire,1,0,0
12021,Hurricane,8,0,0
12021,Winter Storm,0,0,0
12021,Flood,0,0,0
12021,Tornado,0,0,0
12021,Tropical Storm,5,0,0
12021,Snowstorm,0,0,0
12021,Coastal Storm,0,0,0
12021,Severe Ice Storm,0,0,0
12023,Severe Storm,2,0,0
12023,Fire,0,0,0
12023,Hurricane,8,0,0
12023,Winter Storm,0,0,0
12023,Flood,0,0,0
12023,Tornado,0,0,0
12023,Tropical Storm,4,0,0
12023,Snowstorm,0,0,0
12023,Coastal Storm,0,0,0
12023,Severe Ice Storm,0,0,0
12027,Severe Storm,1,0,0
12027,Fire,0,0,0
12027,Hurricane,8,0,0
12027,Winter Storm,0,0,0
12027,Flood,0,0,0
12027,Tornado,0,0,0
12027,Tropical Storm,4,0,0
12027,Snowstorm,0,0,0
12027,Coastal Storm,0,0,0
12027,Severe Ice Storm,0,0,0
12029,Severe Storm,1,0,0
12029,Fire,0,0,0
12029,Hurricane,10,0,0
12029,Winter Storm,0,0,0
12029,Flood,0,0,0
12029,Tornado,0,0,0
12029,Tropical Storm,5,0,0
12029,Snowstorm,0,0,0
12029,Coastal Storm,0,0,0
12029,Severe Ice Storm,0,0,0
12031,Severe Storm,1,0,0
12031,Fire,0,0,0
12031,Hurricane,10,0,0
12031,Winter Storm,0,0,0
12031,Flood,0,0,0
12031,Tornado,0,0,0
12031,Tropical Storm,4,0,0
12031,Snowstorm,0,0,0
12031,Coastal Storm,0,0,0
12031,Severe Ice Storm,0,0,0
12033,Severe Storm,0,0,0
12033,Fire,0,0,0
12033,Hurricane,7,0,0
12033,Winter Storm,0,0,0
12033,Flood,0,0,0
12033,Tornado,0,0,0
12033,Tropical Storm,3,0,0
12033,Snowstorm,0,0,0
12033,Coastal Storm,0,0,0
12033,Severe Ice Storm,0,0,0
12035,Severe Storm,0,0,0
12035,Fire,0,0,0
12035,Hurricane,9,0,0
12035,Winter Storm,0,0,0
12035,Flood,0,0,0
12035,Tornado,0,0,0
12035,Tropical Storm,4,0,0
12035,Snowstorm,0,0,0
12035,Coastal Storm,0,0,0
12035,Severe Ice Storm,0,0,0
12037,Severe Storm,1,0,0
12037,Fire,0,0,0
12037,Hurricane,9,0,0
12037,Winter Storm,0,0,0
12037,Flood,0,0,0
12037,Tornado,0,0,0
12037,Tropical Storm,4,0,0
12037,Snowstorm,0,0,0
12037,Coastal Storm,0,0,0
12037,Severe Ice Storm,0,0,0
12039,Severe Storm,1,0,0
12039,Fire,0,0,0
12039,Hurricane,9,0,0
12039,Winter Storm,0,0,0
12039,Flood,0,0,0
12039,Tornado,0,0,0
12039,Tropical Storm,4,0,0
12039,Snowstorm,0,0,0
12039,Coastal Storm,0,0,0
12039,Severe Ice Storm,0,0,0
12041,Severe Storm,1,0,0
12041,Fire,0,0,0
12041,Hurricane,10,0,0
12041,Winter Storm,0,0,0
12041,Flood,0,0,0
12041,Tornado,0,0,0
12041,Tropical Storm,5,0,0
12041,Snowstorm,0,0,0
12041,Coastal Storm,0,0,0
12041,Severe Ice Storm,0,0,0
12043,Severe Storm,0,0,0
12043,Fire,0,0,0
12043,Hurricane,6,0,0
12043,Winter Storm,0,0,0
12043,Flood,0,0,0
12043,Tornado,0,0,0
12043,Tropical Storm,3,0,0
12043,Snowstorm,0,0,0
12043,Coastal Storm,0,0,0
12043,Severe Ice Storm,0,0,0
12045,Severe Storm,0,0,0
12045,Fire,0,0,0
12045,Hurricane,9,0,0
12045,Winter Storm,0,0,0
12045,Flood,0,0,0
12045,Tornado,0,0,0
12045,Tropical Storm,4,0,0
12045,Snowstorm,0,0,0
12045,Coastal Storm,0,0,0
12045,Severe Ice Storm,0,0,0
12047,Severe Storm,2,0,0
12047,Fire,0,0,0
12047,Hurricane,8,0,0
12047,Winter Storm,0,0,0
12047,Flood,0,0,0
12047,Tornado,0,0,0
12047,Tropical Storm,4,0,0
12047,Snowstorm,0,0,0
12047,Coastal Storm,0,0,0
12047,Severe Ice Storm,0,0,0
12049,Severe Storm,1,1,1
12049,Fire,0,1,1
12049,Hurricane,7,1,1
12049,Winter Storm,0,1,1
12049,Flood,0,1,1
12049,Tornado,0,1,1
12049,Tropical Storm,4,1,1
12049,Snowstorm,0,1,1
12049,Coastal Storm,0,1,1
12049,Severe Ice Storm,0,1,1
12051,Severe Storm,0,0,0
12051,Fire,0,0,0
12051,Hurricane,6,0,0
12051,Winter Storm,0,0,0
12051,Flood,0,0,0
12051,Tornado,0,0,0
12051,Tropical Storm,3,0,0
12051,Snowstorm,0,0,0
12051,Coastal Storm,0,0,0
12051,Severe Ice Storm,0,0,0
12053,Severe Storm,1,0,0
12053,Fire,0,0,0
12053,Hurricane,9,0,0
12053,Winter Storm,0,0,0
12053,Flood,0,0,0
12053,Tornado,0,0,0
12053,Tropical Storm,5,0,0
12053,Snowstorm,0,0,0
12053,Coastal Storm,0,0,0
12053,Severe Ice Storm,0,0,0
12055,Severe Storm,0,0,0
12055,Fire,0,0,0
12055,Hurricane,6,0,0
12055,Winter Storm,0,0,0
12055,Flood,0,0,0
12055,Tornado,0,0,0
12055,Tropical Storm,3,0,0
12055,Snowstorm,0,0,0
12055,Coastal Storm,0,0,0
12055,Severe Ice Storm,0,0,0
12057,Severe Storm,1,0,0
12057,Fire,0,0,0
12057,Hurricane,9,0,0
12057,Winter Storm,0,0,0
12057,Flood,0,0,0
12057,Tornado,0,0,0
12057,Tropical Storm,5,0,0
12057,Snowstorm,0,0,0
12057,Coastal Storm,0,0,0
12057,Severe Ice Storm,0,0,0
12059,Severe Storm,0,0,0
12059,Fire,0,0,0
12059,Hurricane,8,0,0
12059,Winter Storm,0,0,0
12059,Flood,0,0,0
12059,Tornado,0,0,0
12059,Tropical Storm,3,0,0
12059,Snowstorm,0,0,0
12059,Coastal Storm,0,0,0
12059,Severe Ice Storm,0,0,0
12061,Severe Storm,0,0,0
12061,Fire,0,0,0
12061,Hurricane,8,0,0
12061,Winter Storm,0,0,0
12061,Flood,0,0,0
12061,Tornado,0,0,0
12061,Tropical Storm,1,0,0
12061,Snowstorm,0,0,0
12061,Coastal Storm,0,0,0
12061,Severe Ice Storm,0,0,0
12063,Severe Storm,0,0,0
12063,Fire,0,0,0
12063,Hurricane,8,0,0
12063,Winter Storm,0,0,0
12063,Flood,0,0,0
12063,Tornado,0,0,0
12063,Tropical Storm,3,0,0
12063,Snowstorm,0,0,0
12063,Coastal Storm,0,0,0
12063,Severe Ice Storm,0,0,0
12065,Severe Storm,2,0,0
12065,Fire,0,0,0
12065,Hurricane,8,0,0
12065,Winter Storm,0,0,0
12065,Flood,0,0,0
12065,Tornado,0,0,0
12065,Tropical Storm,5,0,0
12065,Snowstorm,0,0,0
12065,Coastal Storm,0,0,0
12065,Severe Ice Storm,0,0,0
12067,Severe Storm,2,0,0
12067,Fire,0,0,0
12067,Hurricane,9,0,0
12067,Winter Storm,0,0,0
12067,Flood,0,0,0
12067,Tornado,0,0,0
12067,Tropical Storm,4,0,0
12067,Snowstorm,0,0,0
12067,Coastal Storm,0,0,0
12067,Severe Ice Storm,0,0,0
12069,Severe Storm,1,0,0
12069,Fire,0,0,0
12069,Hurricane,7,0,0
12069,Winter Storm,0,0,0
12069,Flood,0,0,0
12069,Tornado,0,0,0
12069,Tropical Storm,4,0,0
12069,Snowstorm,0,0,0
12069,Coastal Storm,0,0,0
12069,Severe Ice Storm,0,0,0
12071,Severe Storm,1,0,0
12071,Fire,0,0,0
12071,Hurricane,8,0,0
12071,Winter Storm,0,0,0
12071,Flood,0,0,0
12071,Tornado,0,0,0
12071,Tropical Storm,5,0,0
12071,Snowstorm,0,0,0
12071,Coastal Storm,0,0,0
12071,Severe Ice Storm,0,0,0
12073,Severe Storm,1,0,0
12073,Fire,0,0,0
12073,Hurricane,7,0,0
12073,Winter Storm,0,0,0
12073,Flood,0,0,0
12073,Tornado,0,0,0
12073,Tropical Storm,4,0,0
12073,Snowstorm,0,0,0
12073,Coastal Storm,0,0,0
12073,Severe Ice Storm,0,0,0
12075,Severe Storm,1,0,0
12075,Fire,0,0,0
12075,Hurricane,10,0,0
12075,Winter Storm,0,0,0
12075,Flood,0,0,0
12075,Tornado,0,0,0
12075,Tropical Storm,5,0,0
12075,Snowstorm,0,0,0
12075,Coastal Storm,0,0,0
12075,Severe Ice Storm,0,0,0
12077,Severe Storm,1,0,0
12077,Fire,0,0,0
12077,Hurricane,9,0,0
12077,Winter Storm,0,0,0
12077,Flood,0,0,0
12077,Tornado,0,0,0
12077,Tropical Storm,4,0,0
12077,Snowstorm,0,0,0
12077,Coastal Storm,0,0,0
12077,Severe Ice Storm,0,0,0
12079,Severe Storm,2,0,0
12079,Fire,0,0,0
12079,Hurricane,8,0,0
12079,Winter Storm,0,0,0
12079,Flood,0,0,0
12079,Tornado,0,0,0
12079,Tropical Storm,4,0,0
12079,Snowstorm,0,0,0
12079,Coastal Storm,0,0,0
12079,Severe Ice Storm,0,0,0
12081,Severe Storm,1,0,0
12081,Fire,0,0,0
12081,Hurricane,10,0,0
12081,Winter Storm,0,0,0
12081,Flood,0,0,0
12081,Tornado,0,0,0
12081,Tropical Storm,5,0,0
12081,Snowstorm,0,0,0
12081,Coastal Storm,0,0,0
12081,Severe Ice Storm,0,0,0
12083,Severe Storm,1,0,0
12083,Fire,0,0,0
12083,Hurricane,9,0,0
12083,Winter Storm,0,0,0
12083,Flood,0,0,0
12083,Tornado,0,0,0
12083,Tropical Storm,5,0,0
12083,Snowstorm,0,0,0
12083,Coastal Storm,0,0,0
12083,Severe Ice Storm,0,0,0
12085,Severe Storm,0,0,0
12085,Fire,0,0,0
12085,Hurricane,8,0,0
12085,Winter Storm,0,0,0
12085,Flood,0,0,0
12085,Tornado,0,0,0
12085,Tropical Storm,1,0,0
12085,Snowstorm,0,0,0
12085,Coastal Storm,0,0,0
12085,Severe Ice Storm,0,0,0
12086,Severe Storm,1,1,1
12086,Fire,0,1,1
12086,Hurricane,7,1,1
12086,Winter Storm,0,1,1
12086,Flood,0,1,1
12086,Tornado,0,1,1
12086,Tropical Storm,1,1,1
12086,Snowstorm,0,1,1
12086,Coastal Storm,0,1,1
12086,Severe Ice Storm,0,1,1
12087,Severe Storm,1,0,0
12087,Fire,0,0,0
12087,Hurricane,7,0,0
12087,Winter Storm,0,0,0
12087,Flood,0,0,0
12087,Tornado,0,0,0
12087,Tropical Storm,3,0,0
12087,Snowstorm,0,0,0
12087,Coastal Storm,0,0,0
12087,Severe Ice Storm,0,0,0
12089,Severe Storm,1,0,0
12089,Fire,0,0,0
12089,Hurricane,10,0,0
12089,Winter Storm,0,0,0
12089,Flood,0,0,0
12089,Tornado,0,0,0
12089,Tropical Storm,4,0,0
12089,Snowstorm,0,0,0
12089,Coastal Storm,0,0,0
12089,Severe Ice Storm,0,0,0
12091,Severe Storm,0,0,0
12091,Fire,0,0,0
12091,Hurricane,7,0,0
12091,Winter Storm,0,0,0
12091,Flood,0,0,0
12091,Tornado,0,0,0
12091,Tropical Storm,3,0,0
12091,Snowstorm,0,0,0
12091,Coastal Storm,0,0,0
12091,Severe Ice Storm,0,0,0
12093,Severe Storm,0,0,0
12093,Fire,0,0,0
12093,Hurricane,7,0,0
12093,Winter Storm,0,0,0
12093,Flood,0,0,0
12093,Tornado,0,0,0
12093,Tropical Storm,3,0,0
12093,Snowstorm,0,0,0
12093,Coastal Storm,0,0,0
12093,Severe Ice Storm,0,0,0
12095,Severe Storm,0,1,1
12095,Fire,0,1,1
12095,Hurricane,8,1,1
12095,Winter Storm,0,1,1
12095,Flood,0,1,1
12095,Tornado,0,1,1
12095,Tropical Storm,4,1,1
12095,Snowstorm,0,1,1
12095,Coastal Storm,0,1,1
12095,Severe Ice Storm,0,1,1
12097,Severe Storm,0,0,0
12097,Fire,0,0,0
12097,Hurricane,9,0,0
12097,Winter Storm,0,0,0
12097,Flood,0,0,0
12097,Tornado,0,0,0
12097,Tropical Storm,4,0,0
12097,Snowstorm,0,0,0
12097,Coastal Storm,0,0,0
12097,Severe Ice Storm,0,0,0
12099,Severe Storm,0,1,1
12099,Fire,0,1,1
12099,Hurricane,8,1,1
12099,Winter Storm,0,1,1
12099,Flood,0,1,1
12099,Tornado,0,1,1
12099,Tropical Storm,1,1,1
12099,Snowstorm,0,1,1
12099,Coastal Storm,0,1,1
12099,Severe Ice Storm,0,1,1
12101,Severe Storm,1,0,0
12101,Fire,0,0,0
12101,Hurricane,9,0,0
12101,Winter Storm,0,0,0
12101,Flood,0,0,0
12101,Tornado,0,0,0
12101,Tropical Storm,5,0,0
12101,Snowstorm,0,0,0
12101,Coastal Storm,0,0,0
12101,Severe Ice Storm,0,0,0
12103,Severe Storm,1,0,0
12103,Fire,0,0,0
12103,Hurricane,9,0,0
12103,Winter Storm,0,0,0
12103,Flood,0,0,0
12103,Tornado,0,0,0
12103,Tropical Storm,5,0,0
12103,Snowstorm,0,0,0
12103,Coastal Storm,0,0,0
12103,Severe Ice Storm,0,0,0
12105,Severe Storm,0,1,2
12105,Fire,0,1,2
12105,Hurricane,7,1,2
12105,Winter Storm,0,1,2
12105,Flood,0,1,2
12105,Tornado,0,1,2
12105,Tropical Storm,4,1,2
12105,Snowstorm,0,1,2
12105,Coastal Storm,0,1,2
12105,Severe Ice Storm,0,1,2
12107,Severe Storm,1,0,0
12107,Fire,0,0,0
12107,Hurricane,10,0,0
12107,Winter Storm,0,0,0
12107,Flood,0,0,0
12107,Tornado,0,0,0
12107,Tropical Storm,4,0,0
12107,Snowstorm,0,0,0
12107,Coastal Storm,0,0,0
12107,Severe Ice Storm,0,0,0
12109,Severe Storm,0,0,0
12109,Fire,0,0,0
12109,Hurricane,9,0,0
12109,Winter Storm,0,0,0
12109,Flood,0,0,0
12109,Tornado,0,0,0
12109,Tropical Storm,4,0,0
12109,Snowstorm,0,0,0
12109,Coastal Storm,0,0,0
12109,Severe Ice Storm,0,0,0
12111,Severe Storm,0,1,1
12111,Fire,0,1,1
12111,Hurricane,8,1,1
12111,Winter Storm,0,1,1
12111,Flood,0,1,1
12111,Tornado,0,1,1
12111,Tropical Storm,1,1,1
12111,Snowstorm,0,1,1
12111,Coastal Storm,0,1,1
12111,Severe Ice Storm,0,1,1
12113,Severe Storm,1,0,0
12113,Fire,1,0,0
12113,Hurricane,7,0,0
12113,Winter Storm,0,0,0
12113,Flood,0,0,0
12113,Tornado,0,0,0
12113,Tropical Storm,3,0,0
12113,Snowstorm,0,0,0
12113,Coastal Storm,0,0,0
12113,Severe Ice Storm,0,0,0
12115,Severe Storm,1,0,0
12115,Fire,0,0,0
12115,Hurricane,9,0,0
12115,Winter Storm,0,0,0
12115,Flood,0,0,0
12115,Tornado,0,0,0
12115,Tropical Storm,5,0,0
12115,Snowstorm,0,0,0
12115,Coastal Storm,0,0,0
12115,Severe Ice Storm,0,0,0
12117,Severe Storm,0,1,1
12117,Fire,0,1,1
12117,Hurricane,9,1,1
12117,Winter Storm,0,1,1
12117,Flood,0,1,1
12117,Tornado,0,1,1
12117,Tropical Storm,4,1,1
12117,Snowstorm,0,1,1
12117,Coastal Storm,0,1,1
12117,Severe Ice Storm,0,1,1
12119,Severe Storm,1,0,0
12119,Fire,0,0,0
12119,Hurricane,9,0,0
12119,Winter Storm,0,0,0
12119,Flood,0,0,0
12119,Tornado,0,0,0
12119,Tropical Storm,5,0,0
12119,Snowstorm,0,0,0
12119,Coastal Storm,0,0,0
12119,Severe Ice Storm,0,0,0
12121,Severe Storm,2,0,0
12121,Fire,0,0,0
12121,Hurricane,8,0,0
12121,Winter Storm,0,0,0
12121,Flood,0,0,0
12121,Tornado,0,0,0
12121,Tropical Storm,4,0,0
12121,Snowstorm,0,0,0
12121,Coastal Storm,0,0,0
12121,Severe Ice Storm,0,0,0
12123,Severe Storm,2,0,0
12123,Fire,0,0,0
12123,Hurricane,9,0,0
12123,Winter Storm,0,0,0
12123,Flood,0,0,0
12123,Tornado,0,0,0
12123,Tropical Storm,5,0,0
12123,Snowstorm,0,0,0
12123,Coastal Storm,0,0,0
12123,Severe Ice Storm,0,0,0
12125,Severe Storm,1,0,0
12125,Fire,0,0,0
12125,Hurricane,8,0,0
12125,Winter Storm,0,0,0
12125,Flood,0,0,0
12125,Tornado,0,0,0
12125,Tropical Storm,4,0,0
12125,Snowstorm,0,0,0
12125,Coastal Storm,0,0,0
12125,Severe Ice Storm,0,0,0
12127,Severe Storm,0,0,0
12127,Fire,0,0,0
12127,Hurricane,9,0,0
12127,Winter Storm,0,0,0
12127,Flood,0,0,0
12127,Tornado,0,0,0
12127,Tropical Storm,4,0,0
12127,Snowstorm,0,0,0
12127,Coastal Storm,0,0,0
12127,Severe Ice Storm,0,0,0
12129,Severe Storm,2,0,0
12129,Fire,0,0,0
12129,Hurricane,7,0,0
12129,Winter Storm,0,0,0
12129,Flood,0,0,0
12129,Tornado,0,0,0
12129,Tropical Storm,5,0,0
12129,Snowstorm,0,0,0
12129,Coastal Storm,0,0,0
12129,Severe Ice Storm,0,0,0
12131,Severe Storm,0,0,0
12131,Fire,1,0,0
12131,Hurricane,7,0,0
12131,Winter Storm,0,0,0
12131,Flood,0,0,0
12131,Tornado,0,0,0
12131,Tropical Storm,3,0,0
12131,Snowstorm,0,0,0
12131,Coastal Storm,0,0,0
12131,Severe Ice Storm,0,0,0
12133,Severe Storm,0,0,0
12133,Fire,0,0,0
12133,Hurricane,8,0,0
12133,Winter Storm,0,0,0
12133,Flood,0,0,0
12133,Tornado,0,0,0
12133,Tropical Storm,3,0,0
12133,Snowstorm,0,0,0
12133,Coastal Storm,0,0,0
12133,Severe Ice Storm,0,0,0
13001,Severe Storm,0,0,0
13001,Fire,0,0,0
13001,Hurricane,2,0,0
13001,Winter Storm,0,0,0
13001,Flood,0,0,0
13001,Tornado,0,0,0
13001,Tropical Storm,3,0,0
13001,Snowstorm,0,0,0
13001,Coastal Storm,0,0,0
13001,Severe Ice Storm,0,0,0
13003,Severe Storm,0,0,0
13003,Fire,0,0,0
13003,Hurricane,2,0,0
13003,Winter Storm,0,0,0
13003,Flood,0,0,0
13003,Tornado,0,0,0
13003,Tropical Storm,3,0,0
13003,Snowstorm,0,0,0
13003,Coastal Storm,0,0,0
13003,Severe Ice Storm,0,0,0
13005,Severe Storm,0,0,0
13005,Fire,0,0,0
13005,Hurricane,2,0,0
13005,Winter Storm,0,0,0
13005,Flood,0,0,0
13005,Tornado,0,0,0
13005,Tropical Storm,3,0,0
13005,Snowstorm,0,0,0
13005,Coastal Storm,0,0,0
13005,Severe Ice Storm,0,0,0
13007,Severe Storm,0,0,0
13007,Fire,0,0,0
13007,Hurricane,0,0,0
13007,Winter Storm,0,0,0
13007,Flood,0,0,0
13007,Tornado,0,0,0
13007,Tropical Storm,1,0,0
13007,Snowstorm,0,0,0
13007,Coastal Storm,0,0,0
13007,Severe Ice Storm,0,0,0
13009,Severe Storm,0,1,1
13009,Fire,0,1,1
13009,Hurricane,1,1,1
13009,Winter Storm,0,1,1
13009,Flood,0,1,1
13009,Tornado,0,1,1
13009,Tropical Storm,1,1,1
13009,Snowstorm,0,1,1
13009,Coastal Storm,0,1,1
13009,Severe Ice Storm,0,1,1
13011,Severe Storm,0,1,1
13011,Fire,0,1,1
13011,Hurricane,2,1,1
13011,Winter Storm,0,1,1
13011,Flood,0,1,1
13011,Tornado,0,1,1
13011,Tropical Storm,1,1,1
13011,Snowstorm,0,1,1
13011,Coastal Storm,0,1,1
13011,Severe Ice Storm,0,1,1
13013,Severe Storm,0,0,0
13013,Fire,0,0,0
13013,Hurricane,0,0,0
13013,Winter Storm,0,0,0
13013,Flood,0,0,0
13013,Tornado,0,0,0
13013,Tropical Storm,1,0,0
13013,Snowstorm,0,0,0
13013,Coastal Storm,0,0,0
13013,Severe Ice Storm,0,0,0
13015,Severe Storm,0,1,8
13015,Fire,0,1,8
13015,Hurricane,0,1,8
13015,Winter Storm,0,1,8
13015,Flood,0,1,8
13015,Tornado,0,1,8
13015,Tropical Storm,1,1,8
13015,Snowstorm,0,1,8
13015,Coastal Storm,0,1,8
13015,Severe Ice Storm,0,1,8
13017,Severe Storm,0,0,0
13017,Fire,0,0,0
13017,Hurricane,1,0,0
13017,Winter Storm,0,0,0
13017,Flood,0,0,0
13017,Tornado,0,0,0
13017,Tropical Storm,2,0,0
13017,Snowstorm,0,0,0
13017,Coastal Storm,0,0,0
13017,Severe Ice Storm,0,0,0
13019,Severe Storm,0,0,0
13019,Fire,0,0,0
13019,Hurricane,2,0,0
13019,Winter Storm,0,0,0
13019,Flood,0,0,0
13019,Tornado,0,0,0
13019,Tropical Storm,3,0,0
13019,Snowstorm,0,0,0
13019,Coastal Storm,0,0,0
13019,Severe Ice Storm,0,0,0
13021,Severe Storm,0,1,2
13021,Fire,0,1,2
13021,Hurricane,0,1,2
13021,Winter Storm,0,1,2
13021,Flood,0,1,2
13021,Tornado,0,1,2
13021,Tropical Storm,1,1,2
13021,Snowstorm,0,1,2
13021,Coastal Storm,0,1,2
13021,Severe Ice Storm,0,1,2
13023,Severe Storm,0,0,0
13023,Fire,0,0,0
13023,Hurricane,1,0,0
13023,Winter Storm,0,0,0
13023,Flood,0,0,0
13023,Tornado,0,0,0
13023,Tropical Storm,1,0,0
13023,Snowstorm,0,0,0
13023,Coastal Storm,0,0,0
13023,Severe Ice Storm,0,0,0
13025,Severe Storm,0,0,0
13025,Fire,0,0,0
13025,Hurricane,3,0,0
13025,Winter Storm,0,0,0
13025,Flood,0,0,0
13025,Tornado,0,0,0
13025,Tropical Storm,3,0,0
13025,Snowstorm,0,0,0
13025,Coastal Storm,0,0,0
13025,Severe Ice Storm,0,0,0
13027,Severe Storm,0,1,1
13027,Fire,0,1,1
13027,Hurricane,2,1,1
13027,Winter Storm,0,1,1
13027,Flood,0,1,1
13027,Tornado,0,1,1
13027,Tropical Storm,3,1,1
13027,Snowstorm,0,1,1
13027,Coastal Storm,0,1,1
13027,Severe Ice Storm,0,1,1
13029,Severe Storm,0,0,0
13029,Fire,0,0,0
13029,Hurricane,2,0,0
13029,Winter Storm,0,0,0
13029,Flood,0,0,0
13029,Tornado,0,0,0
13029,Tropical Storm,3,0,0
13029,Snowstorm,0,0,0
13029,Coastal Storm,0,0,0
13029,Severe Ice Storm,0,0,0
13031,Severe Storm,0,1,1
13031,Fire,0,1,1
13031,Hurricane,2,1,1
13031,Winter Storm,0,1,1
13031,Flood,0,1,1
13031,Tornado,0,1,1
13031,Tropical Storm,3,1,1
13031,Snowstorm,0,1,1
13031,Coastal Storm,0,1,1
13031,Severe Ice Storm,0,1,1
13033,Severe Storm,0,0,0
13033,Fire,0,0,0
13033,Hurricane,2,0,0
13033,Winter Storm,0,0,0
13033,Flood,0,0,0
13033,Tornado,0,0,0
13033,Tropical Storm,3,0,0
13033,Snowstorm,0,0,0
13033,Coastal Storm,0,0,0
13033,Severe Ice Storm,0,0,0
13035,Severe Storm,1,1,2
13035,Fire,0,1,2
13035,Hurricane,1,1,2
13035,Winter Storm,0,1,2
13035,Flood,0,1,2
13035,Tornado,0,1,2
13035,Tropical Storm,1,1,2
13035,Snowstorm,0,1,2
13035,Coastal Storm,0,1,2
13035,Severe Ice Storm,0,1,2
13037,Severe Storm,0,0,0
13037,Fire,0,0,0
13037,Hurricane,0,0,0
13037,Winter Storm,0,0,0
13037,Flood,0,0,0
13037,Tornado,0,0,0
13037,Tropical Storm,1,0,0
13037,Snowstorm,0,0,0
13037,Coastal Storm,0,0,0
13037,Severe Ice Storm,0,0,0
13039,Severe Storm,0,0,0
13039,Fire,0,0,0
13039,Hurricane,3,0,0
13039,Winter Storm,0,0,0
13039,Flood,0,0,0
13039,Tornado,0,0,0
13039,Tropical Storm,3,0,0
13039,Snowstorm,0,0,0
13039,Coastal Storm,0,0,0
13039,Severe Ice Storm,0,0,0
13043,Severe Storm,0,0,0
13043,Fire,0,0,0
13043,Hurricane,2,0,0
13043,Winter Storm,0,0,0
13043,Flood,0,0,0
13043,Tornado,0,0,0
13043,Tropical Storm,3,0,0
13043,Snowstorm,0,0,0
13043,Coastal Storm,0,0,0
13043,Severe Ice Storm,0,0,0
13045,Severe Storm,0,1,5
13045,Fire,0,1,5
13045,Hurricane,1,1,5
13045,Winter Storm,0,1,5
13045,Flood,0,1,5
13045,Tornado,0,1,5
13045,Tropical Storm,1,1,5
13045,Snowstorm,0,1,5
13045,Coastal Storm,0,1,5
13045,Severe Ice Storm,0,1,5
13047,Severe Storm,0,0,0
13047,Fire,0,0,0
13047,Hurricane,0,0,0
13047,Winter Storm,0,0,0
13047,Flood,0,0,0
13047,Tornado,0,0,0
13047,Tropical Storm,1,0,0
13047,Snowstorm,0,0,0
13047,Coastal Storm,0,0,0
13047,Severe Ice Storm,0,0,0
13049,Severe Storm,0,0,0
13049,Fire,0,0,0
13049,Hurricane,3,0,0
13049,Winter Storm,0,0,0
13049,Flood,0,0,0
13049,Tornado,0,0,0
13049,Tropical Storm,3,0,0
13049,Snowstorm,0,0,0
13049,Coastal Storm,0,0,0
13049,Severe Ice Storm,0,0,0
13051,Severe Storm,0,0,0
13051,Fire,0,0,0
13051,Hurricane,2,0,0
13051,Winter Storm,0,0,0
13051,Flood,0,0,0
13051,Tornado,0,0,0
13051,Tropical Storm,3,0,0
13051,Snowstorm,0,0,0
13051,Coastal Storm,0,0,0
13051,Severe Ice Storm,0,0,0
13053,Severe Storm,0,0,0
13053,Fire,0,0,0
13053,Hurricane,0,0,0
13053,Winter Storm,0,0,0
13053,Flood,0,0,0
13053,Tornado,0,0,0
13053,Tropical Storm,1,0,0
13053,Snowstorm,0,0,0
13053,Coastal Storm,0,0,0
13053,Severe Ice Storm,0,0,0
13055,Severe Storm,0,1,1
13055,Fire,0,1,1
13055,Hurricane,0,1,1
13055,Winter Storm,0,1,1
13055,Flood,0,1,1
13055,Tornado,0,1,1
13055,Tropical Storm,1,1,1
13055,Snowstorm,0,1,1
13055,Coastal Storm,0,1,1
13055,Severe Ice Storm,0,1,1
13057,Severe Storm,0,1,2
13057,Fire,0,1,2
13057,Hurricane,1,1,2
13057,Winter Storm,0,1,2
13057,Flood,0,1,2
13057,Tornado,0,1,2
13057,Tropical Storm,1,1,2
13057,Snowstorm,0,1,2
13057,Coastal Storm,0,1,2
13057,Severe Ice Storm,0,1,2
13059,Severe Storm,0,0,0
13059,Fire,0,0,0
13059,Hurricane,0,0,0
13059,Winter Storm,0,0,0
13059,Flood,0,0,0
13059,Tornado,0,0,0
13059,Tropical Storm,1,0,0
13059,Snowstorm,0,0,0
13059,Coastal Storm,0,0,0
13059,Severe Ice Storm,0,0,0
13061,Severe Storm,0,0,0
13061,Fire,0,0,0
13061,Hurricane,0,0,0
13061,Winter Storm,0,0,0
13061,Flood,0,0,0
13061,Tornado,0,0,0
13061,Tropical Storm,1,0,0
13061,Snowstorm,0,0,0
13061,Coastal Storm,0,0,0
13061,Severe Ice Storm,0,0,0
13063,Severe Storm,0,1,14
13063,Fire,0,1,14
13063,Hurricane,0,1,14
13063,Winter Storm,0,1,14
13063,Flood,0,1,14
13063,Tornado,0,1,14
13063,Tropical Storm,1,1,14
13063,Snowstorm,0,1,14
13063,Coastal Storm,0,1,14
13063,Severe Ice Storm,0,1,14
13065,Severe Storm,0,0,0
13065,Fire,0,0,0
13065,Hurricane,2,0,0
13065,Winter Storm,0,0,0
13065,Flood,0,0,0
13065,Tornado,0,0,0
13065,Tropical Storm,3,0,0
13065,Snowstorm,0,0,0
13065,Coastal Storm,0,0,0
13065,Severe Ice Storm,0,0,0
13067,Severe Storm,0,1,25
13067,Fire,0,1,25
13067,Hurricane,0,1,25
13067,Winter Storm,0,1,25
13067,Flood,0,1,25
13067,Tornado,0,1,25
13067,Tropical Storm,1,1,25
13067,Snowstorm,0,1,25
13067,Coastal Storm,0,1,25
13067,Severe Ice Storm,0,1,25
13069,Severe Storm,0,0,0
13069,Fire,0,0,0
13069,Hurricane,2,0,0
13069,Winter Storm,0,0,0
13069,Flood,0,0,0
13069,Tornado,0,0,0
13069,Tropical Storm,3,0,0
13069,Snowstorm,0,0,0
13069,Coastal Storm,0,0,0
13069,Severe Ice Storm,0,0,0
13071,Severe Storm,0,0,0
13071,Fire,0,0,0
13071,Hurricane,2,0,0
13071,Winter Storm,0,0,0
13071,Flood,0,0,0
13071,Tornado,0,0,0
13071,Tropical Storm,3,0,0
13071,Snowstorm,0,0,0
13071,Coastal Storm,0,0,0
13071,Severe Ice Storm,0,0,0
13073,Severe Storm,0,1,3
13073,Fire,0,1,3
13073,Hurricane,1,1,3
13073,Winter Storm,0,1,3
13073,Flood,0,1,3
13073,Tornado,0,1,3
13073,Tropical Storm,1,1,3
13073,Snowstorm,0,1,3
13073,Coastal Storm,0,1,3
13073,Severe Ice Storm,0,1,3
13075,Severe Storm,0,0,0
13075,Fire,0,0,0
13075,Hurricane,2,0,0
13075,Winter Storm,0,0,0
13075,Flood,0,0,0
13075,Tornado,0,0,0
13075,Tropical Storm,3,0,0
13075,Snowstorm,0,0,0
13075,Coastal Storm,0,0,0
13075,Severe Ice Storm,0,0,0
13077,Severe Storm,1,1,7
13077,Fire,0,1,7
13077,Hurricane,0,1,7
13077,Winter Storm,0,1,7
13077,Flood,0,1,7
13077,Tornado,0,1,7
13077,Tropical Storm,1,1,7
13077,Snowstorm,0,1,7
13077,Coastal Storm,0,1,7
13077,Severe Ice Storm,0,1,7
13079,Severe Storm,0,0,0
13079,Fire,0,0,0
13079,Hurricane,0,0,0
13079,Winter Storm,0,0,0
13079,Flood,0,0,0
13079,Tornado,0,0,0
13079,Tropical Storm,1,0,0
13079,Snowstorm,0,0,0
13079,Coastal Storm,0,0,0
13079,Severe Ice Storm,0,0,0
13081,Severe Storm,1,0,0
13081,Fire,0,0,0
13081,Hurricane,1,0,0
13081,Winter Storm,0,0,0
13081,Flood,0,0,0
13081,Tornado,0,0,0
13081,Tropical Storm,2,0,0
13081,Snowstorm,0,0,0
13081,Coastal Storm,0,0,0
13081,Severe Ice Storm,0,0,0
13083,Severe Storm,0,0,0
13083,Fire,0,0,0
13083,Hurricane,0,0,0
13083,Winter Storm,0,0,0
13083,Flood,0,0,0
13083,Tornado,0,0,0
13083,Tropical Storm,1,0,0
13083,Snowstorm,0,0,0
13083,Coastal Storm,0,0,0
13083,Severe Ice Storm,0,0,0
13085,Severe Storm,0,0,0
13085,Fire,0,0,0
13085,Hurricane,2,0,0
13085,Winter Storm,0,0,0
13085,Flood,0,0,0
13085,Tornado,0,0,0
13085,Tropical Storm,1,0,0
13085,Snowstorm,0,0,0
13085,Coastal Storm,0,0,0
13085,Severe Ice Storm,0,0,0
13087,Severe Storm,0,0,0
13087,Fire,0,0,0
13087,Hurricane,1,0,0
13087,Winter Storm,0,0,0
13087,Flood,0,0,0
13087,Tornado,0,0,0
13087,Tropical Storm,2,0,0
13087,Snowstorm,0,0,0
13087,Coastal Storm,0,0,0
13087,Severe Ice Storm,0,0,0
13089,Severe Storm,0,1,9
13089,Fire,0,1,9
13089,Hurricane,0,1,9
13089,Winter Storm,0,1,9
13089,Flood,0,1,9
13089,Tornado,0,1,9
13089,Tropical Storm,1,1,9
13089,Snowstorm,0,1,9
13089,Coastal Storm,0,1,9
13089,Severe Ice Storm,0,1,9
13091,Severe Storm,0,0,0
13091,Fire,0,0,0
13091,Hurricane,1,0,0
13091,Winter Storm,0,0,0
13091,Flood,0,0,0
13091,Tornado,0,0,0
13091,Tropical Storm,2,0,0
13091,Snowstorm,0,0,0
13091,Coastal Storm,0,0,0
13091,Severe Ice Storm,0,0,0
13093,Severe Storm,0,0,0
13093,Fire,0,0,0
13093,Hurricane,1,0,0
13093,Winter Storm,0,0,0
13093,Flood,0,0,0
13093,Tornado,0,0,0
13093,Tropical Storm,1,0,0
13093,Snowstorm,0,0,0
13093,Coastal Storm,0,0,0
13093,Severe Ice Storm,0,0,0
13095,Severe Storm,0,0,0
13095,Fire,0,0,0
13095,Hurricane,0,0,0
13095,Winter Storm,0,0,0
13095,Flood,0,0,0
13095,Tornado,0,0,0
13095,Tropical Storm,1,0,0
13095,Snowstorm,0,0,0
13095,Coastal Storm,0,0,0
13095,Severe Ice Storm,0,0,0
13097,Severe Storm,0,1,23
13097,Fire,0,1,23
13097,Hurricane,1,1,23
13097,Winter Storm,0,1,23
13097,Flood,0,1,23
13097,Tornado,0,1,23
13097,Tropical Storm,1,1,23
13097,Snowstorm,0,1,23
13097,Coastal Storm,0,1,23
13097,Severe Ice Storm,0,1,23
13099,Severe Storm,0,0,0
13099,Fire,0,0,0
13099,Hurricane,0,0,0
13099,Winter Storm,0,0,0
13099,Flood,0,0,0
13099,Tornado,0,0,0
13099,Tropical Storm,1,0,0
13099,Snowstorm,0,0,0
13099,Coastal Storm,0,0,0
13099,Severe Ice Storm,0,0,0
13101,Severe Storm,0,0,0
13101,Fire,0,0,0
13101,Hurricane,2,0,0
13101,Winter Storm,0,0,0
13101,Flood,0,0,0
13101,Tornado,0,0,0
13101,Tropical Storm,3,0,0
13101,Snowstorm,0,0,0
13101,Coastal Storm,0,0,0
13101,Severe Ice Storm,0,0,0
13103,Severe Storm,0,0,0
13103,Fire,0,0,0
13103,Hurricane,2,0,0
13103,Winter Storm,0,0,0
13103,Flood,0,0,0
13103,Tornado,0,0,0
13103,Tropical Storm,3,0,0
13103,Snowstorm,0,0,0
13103,Coastal Storm,0,0,0
13103,Severe Ice Storm,0,0,0
13105,Severe Storm,0,0,0
13105,Fire,0,0,0
13105,Hurricane,1,0,0
13105,Winter Storm,0,0,0
13105,Flood,0,0,0
13105,Tornado,0,0,0
13105,Tropical Storm,1,0,0
13105,Snowstorm,0,0,0
13105,Coastal Storm,0,0,0
13105,Severe Ice Storm,0,0,0
13107,Severe Storm,0,0,0
13107,Fire,0,0,0
13107,Hurricane,2,0,0
13107,Winter Storm,0,0,0
13107,Flood,0,0,0
13107,Tornado,0,0,0
13107,Tropical Storm,2,0,0
13107,Snowstorm,0,0,0
13107,Coastal Storm,0,0,0
13107,Severe Ice Storm,0,0,0
13109,Severe Storm,0,0,0
13109,Fire,0,0,0
13109,Hurricane,1,0,0
13109,Winter Storm,0,0,0
13109,Flood,0,0,0
13109,Tornado,0,0,0
13109,Tropical Storm,3,0,0
13109,Snowstorm,0,0,0
13109,Coastal Storm,0,0,0
13109,Severe Ice Storm,0,0,0
13111,Severe Storm,1,0,0
13111,Fire,0,0,0
13111,Hurricane,1,0,0
13111,Winter Storm,0,0,0
13111,Flood,0,0,0
13111,Tornado,0,0,0
13111,Tropical Storm,1,0,0
13111,Snowstorm,0,0,0
13111,Coastal Storm,0,0,0
13111,Severe Ice Storm,0,0,0
13113,Severe Storm,0,1,4
13113,Fire,0,1,4
13113,Hurricane,0,1,4
13113,Winter Storm,0,1,4
13113,Flood,0,1,4
13113,Tornado,0,1,4
13113,Tropical Storm,1,1,4
13113,Snowstorm,0,1,4
13113,Coastal Storm,0,1,4
13113,Severe Ice Storm,0,1,4
13115,Severe Storm,0,1,7
13115,Fire,0,1,7
13115,Hurricane,0,1,7
13115,Winter Storm,0,1,7
13115,Flood,0,1,7
13115,Tornado,0,1,7
13115,Tropical Storm,1,1,7
13115,Snowstorm,0,1,7
13115,Coastal Storm,0,1,7
13115,Severe Ice Storm,0,1,7
13117,Severe Storm,0,1,4
13117,Fire,0,1,4
13117,Hurricane,1,1,4
13117,Winter Storm,0,1,4
13117,Flood,0,1,4
13117,Tornado,0,1,4
13117,Tropical Storm,1,1,4
13117,Snowstorm,0,1,4
13117,Coastal Storm,0,1,4
13117,Severe Ice Storm,0,1,4
13119,Severe Storm,0,0,0
13119,Fire,0,0,0
13119,Hurricane,2,0,0
13119,Winter Storm,0,0,0
13119,Flood,0,0,0
13119,Tornado,0,0,0
13119,Tropical Storm,1,0,0
13119,Snowstorm,0,0,0
13119,Coastal Storm,0,0,0
13119,Severe Ice Storm,0,0,0
13121,Severe Storm,0,1,64
13121,Fire,0,1,64
13121,Hurricane,1,1,64
13121,Winter Storm,0,1,64
13121,Flood,0,1,64
13121,Tornado,0,1,64
13121,Tropical Storm,1,1,64
13121,Snowstorm,0,1,64
13121,Coastal Storm,0,1,64
13121,Severe Ice Storm,0,1,64
13123,Severe Storm,1,0,0
13123,Fire,0,0,0
13123,Hurricane,2,0,0
13123,Winter Storm,0,0,0
13123,Flood,0,0,0
13123,Tornado,0,0,0
13123,Tropical Storm,1,0,0
13123,Snowstorm,0,0,0
13123,Coastal Storm,0,0,0
13123,Severe Ice Storm,0,0,0
13125,Severe Storm,0,0,0
13125,Fire,0,0,0
13125,Hurricane,1,0,0
13125,Winter Storm,0,0,0
13125,Flood,0,0,0
13125,Tornado,0,0,0
13125,Tropical Storm,1,0,0
13125,Snowstorm,0,0,0
13125,Coastal Storm,0,0,0
13125,Severe Ice Storm,0,0,0
13127,Severe Storm,0,0,0
13127,Fire,0,0,0
13127,Hurricane,3,0,0
13127,Winter Storm,0,0,0
13127,Flood,0,0,0
13127,Tornado,0,0,0
13127,Tropical Storm,2,0,0
13127,Snowstorm,0,0,0
13127,Coastal Storm,0,0,0
13127,Severe Ice Storm,0,0,0
13129,Severe Storm,1,1,3
13129,Fire,0,1,3
13129,Hurricane,0,1,3
13129,Winter Storm,0,1,3
13129,Flood,0,1,3
13129,Tornado,0,1,3
13129,Tropical Storm,1,1,3
13129,Snowstorm,0,1,3
13129,Coastal Storm,0,1,3
13129,Severe Ice Storm,0,1,3
13131,Severe Storm,0,0,0
13131,Fire,0,0,0
13131,Hurricane,1,0,0
13131,Winter Storm,0,0,0
13131,Flood,0,0,0
13131,Tornado,0,0,0
13131,Tropical Storm,2,0,0
13131,Snowstorm,0,0,0
13131,Coastal Storm,0,0,0
13131,Severe Ice Storm,0,0,0
13133,Severe Storm,0,0,0
13133,Fire,0,0,0
13133,Hurricane,1,0,0
13133,Winter Storm,0,0,0
13133,Flood,0,0,0
13133,Tornado,0,0,0
13133,Tropical Storm,1,0,0
13133,Snowstorm,0,0,0
13133,Coastal Storm,0,0,0
13133,Severe Ice Storm,0,0,0
13135,Severe Storm,0,1,8
13135,Fire,0,1,8
13135,Hurricane,0,1,8
13135,Winter Storm,0,1,8
13135,Flood,0,1,8
13135,Tornado,0,1,8
13135,Tropical Storm,1,1,8
13135,Snowstorm,0,1,8
13135,Coastal Storm,0,1,8
13135,Severe Ice Storm,0,1,8
13137,Severe Storm,0,0,0
13137,Fire,0,0,0
13137,Hurricane,2,0,0
13137,Winter Storm,0,0,0
13137,Flood,0,0,0
13137,Tornado,0,0,0
13137,Tropical Storm,1,0,0
13137,Snowstorm,0,0,0
13137,Coastal Storm,0,0,0
13137,Severe Ice Storm,0,0,0
13139,Severe Storm,0,1,1
13139,Fire,0,1,1
13139,Hurricane,1,1,1
13139,Winter Storm,0,1,1
13139,Flood,0,1,1
13139,Tornado,0,1,1
13139,Tropical Storm,1,1,1
13139,Snowstorm,0,1,1
13139,Coastal Storm,0,1,1
13139,Severe Ice Storm,0,1,1
13141,Severe Storm,0,0,0
13141,Fire,0,0,0
13141,Hurricane,1,0,0
13141,Winter Storm,0,0,0
13141,Flood,0,0,0
13141,Tornado,0,0,0
13141,Tropical Storm,1,0,0
13141,Snowstorm,0,0,0
13141,Coastal Storm,0,0,0
13141,Severe Ice Storm,0,0,0
13143,Severe Storm,0,0,0
13143,Fire,0,0,0
13143,Hurricane,1,0,0
13143,Winter Storm,0,0,0
13143,Flood,0,0,0
13143,Tornado,0,0,0
13143,Tropical Storm,1,0,0
13143,Snowstorm,0,0,0
13143,Coastal Storm,0,0,0
13143,Severe Ice Storm,0,0,0
13145,Severe Storm,0,0,0
13145,Fire,0,0,0
13145,Hurricane,0,0,0
13145,Winter Storm,0,0,0
13145,Flood,0,0,0
13145,Tornado,0,0,0
13145,Tropical Storm,1,0,0
13145,Snowstorm,0,0,0
13145,Coastal Storm,0,0,0
13145,Severe Ice Storm,0,0,0
13147,Severe Storm,0,0,0
13147,Fire,0,0,0
13147,Hurricane,1,0,0
13147,Winter Storm,0,0,0
13147,Flood,0,0,0
13147,Tornado,0,0,0
13147,Tropical Storm,1,0,0
13147,Snowstorm,0,0,0
13147,Coastal Storm,0,0,0
13147,Severe Ice Storm,0,0,0
13149,Severe Storm,1,1,5
13149,Fire,0,1,5
13149,Hurricane,1,1,5
13149,Winter Storm,0,1,5
13149,Flood,0,1,5
13149,Tornado,0,1,5
13149,Tropical Storm,1,1,5
13149,Snowstorm,0,1,5
13149,Coastal Storm,0,1,5
13149,Severe Ice Storm,0,1,5
13151,Severe Storm,1,1,5
13151,Fire,0,1,5
13151,Hurricane,0,1,5
13151,Winter Storm,0,1,5
13151,Flood,0,1,5
13151,Tornado,0,1,5
13151,Tropical Storm,1,1,5
13151,Snowstorm,0,1,5
13151,Coastal Storm,0,1,5
13151,Severe Ice Storm,0,1,5
13153,Severe Storm,0,1,1
13153,Fire,0,1,1
13153,Hurricane,0,1,1
13153,Winter Storm,0,1,1
13153,Flood,0,1,1
13153,Tornado,0,1,1
13153,Tropical Storm,1,1,1
13153,Snowstorm,0,1,1
13153,Coastal Storm,0,1,1
13153,Severe Ice Storm,0,1,1
13155,Severe Storm,0,0,0
13155,Fire,0,0,0
13155,Hurricane,1,0,0
13155,Winter Storm,0,0,0
13155,Flood,0,0,0
13155,Tornado,0,0,0
13155,Tropical Storm,2,0,0
13155,Snowstorm,0,0,0
13155,Coastal Storm,0,0,0
13155,Severe Ice Storm,0,0,0
13157,Severe Storm,0,1,1
13157,Fire,0,1,1
13157,Hurricane,1,1,1
13157,Winter Storm,0,1,1
13157,Flood,0,1,1
13157,Tornado,0,1,1
13157,Tropical Storm,1,1,1
13157,Snowstorm,0,1,1
13157,Coastal Storm,0,1,1
13157,Severe Ice Storm,0,1,1
13159,Severe Storm,1,1,4
13159,Fire,0,1,4
13159,Hurricane,1,1,4
13159,Winter Storm,0,1,4
13159,Flood,0,1,4
13159,Tornado,0,1,4
13159,Tropical Storm,1,1,4
13159,Snowstorm,0,1,4
13159,Coastal Storm,0,1,4
13159,Severe Ice Storm,0,1,4
13161,Severe Storm,0,0,0
13161,Fire,0,0,0
13161,Hurricane,2,0,0
13161,Winter Storm,0,0,0
13161,Flood,0,0,0
13161,Tornado,0,0,0
13161,Tropical Storm,3,0,0
13161,Snowstorm,0,0,0
13161,Coastal Storm,0,0,0
13161,Severe Ice Storm,0,0,0
13163,Severe Storm,0,0,0
13163,Fire,0,0,0
13163,Hurricane,1,0,0
13163,Winter Storm,0,0,0
13163,Flood,0,0,0
13163,Tornado,0,0,0
13163,Tropical Storm,2,0,0
13163,Snowstorm,0,0,0
13163,Coastal Storm,0,0,0
13163,Severe Ice Storm,0,0,0
13165,Severe Storm,0,0,0
13165,Fire,0,0,0
13165,Hurricane,2,0,0
13165,Winter Storm,0,0,0
13165,Flood,0,0,0
13165,Tornado,0,0,0
13165,Tropical Storm,3,0,0
13165,Snowstorm,0,0,0
13165,Coastal Storm,0,0,0
13165,Severe Ice Storm,0,0,0
13167,Severe Storm,0,0,0
13167,Fire,0,0,0
13167,Hurricane,1,0,0
13167,Winter Storm,0,0,0
13167,Flood,0,0,0
13167,Tornado,0,0,0
13167,Tropical Storm,2,0,0
13167,Snowstorm,0,0,0
13167,Coastal Storm,0,0,0
13167,Severe Ice Storm,0,0,0
13169,Severe Storm,0,1,2
13169,Fire,0,1,2
13169,Hurricane,0,1,2
13169,Winter Storm,0,1,2
13169,Flood,0,1,2
13169,Tornado,0,1,2
13169,Tropical Storm,1,1,2
13169,Snowstorm,0,1,2
13169,Coastal Storm,0,1,2
13169,Severe Ice Storm,0,1,2
13171,Severe Storm,0,1,4
13171,Fire,0,1,4
13171,Hurricane,1,1,4
13171,Winter Storm,0,1,4
13171,Flood,0,1,4
13171,Tornado,0,1,4
13171,Tropical Storm,1,1,4
13171,Snowstorm,0,1,4
13171,Coastal Storm,0,1,4
13171,Severe Ice Storm,0,1,4
13173,Severe Storm,0,0,0
13173,Fire,0,0,0
13173,Hurricane,2,0,0
13173,Winter Storm,0,0,0
13173,Flood,0,0,0
13173,Tornado,0,0,0
13173,Tropical Storm,3,0,0
13173,Snowstorm,0,0,0
13173,Coastal Storm,0,0,0
13173,Severe Ice Storm,0,0,0
13175,Severe Storm,0,0,0
13175,Fire,0,0,0
13175,Hurricane,1,0,0
13175,Winter Storm,0,0,0
13175,Flood,0,0,0
13175,Tornado,0,0,0
13175,Tropical Storm,2,0,0
13175,Snowstorm,0,0,0
13175,Coastal Storm,0,0,0
13175,Severe Ice Storm,0,0,0
13177,Severe Storm,0,0,0
13177,Fire,0,0,0
13177,Hurricane,0,0,0
13177,Winter Storm,0,0,0
13177,Flood,0,0,0
13177,Tornado,0,0,0
13177,Tropical Storm,1,0,0
13177,Snowstorm,0,0,0
13177,Coastal Storm,0,0,0
13177,Severe Ice Storm,0,0,0
13179,Severe Storm,0,0,0
13179,Fire,0,0,0
13179,Hurricane,2,0,0
13179,Winter Storm,0,0,0
13179,Flood,0,0,0
13179,Tornado,0,0,0
13179,Tropical Storm,3,0,0
13179,Snowstorm,0,0,0
13179,Coastal Storm,0,0,0
13179,Severe Ice Storm,0,0,0
13181,Severe Storm,0,0,0
13181,Fire,0,0,0
13181,Hurricane,1,0,0
13181,Winter Storm,0,0,0
13181,Flood,0,0,0
13181,Tornado,0,0,0
13181,Tropical Storm,1,0,0
13181,Snowstorm,0,0,0
13181,Coastal Storm,0,0,0
13181,Severe Ice Storm,0,0,0
13183,Severe Storm,0,0,0
13183,Fire,0,0,0
13183,Hurricane,2,0,0
13183,Winter Storm,0,0,0
13183,Flood,0,0,0
13183,Tornado,0,0,0
13183,Tropical Storm,3,0,0
13183,Snowstorm,0,0,0
13183,Coastal Storm,0,0,0
13183,Severe Ice Storm,0,0,0
13185,Severe Storm,0,1,1
13185,Fire,0,1,1
13185,Hurricane,2,1,1
13185,Winter Storm,0,1,1
13185,Flood,0,1,1
13185,Tornado,0,1,1
13185,Tropical Storm,3,1,1
13185,Snowstorm,0,1,1
13185,Coastal Storm,0,1,1
13185,Severe Ice Storm,0,1,1
13187,Severe Storm,1,0,0
13187,Fire,0,0,0
13187,Hurricane,2,0,0
13187,Winter Storm,0,0,0
13187,Flood,0,0,0
13187,Tornado,0,0,0
13187,Tropical Storm,1,0,0
13187,Snowstorm,0,0,0
13187,Coastal Storm,0,0,0
13187,Severe Ice Storm,0,0,0
13189,Severe Storm,0,1,2
13189,Fire,0,1,2
13189,Hurricane,1,1,2
13189,Winter Storm,0,1,2
13189,Flood,0,1,2
13189,Tornado,0,1,2
13189,Tropical Storm,1,1,2
13189,Snowstorm,0,1,2
13189,Coastal Storm,0,1,2
13189,Severe Ice Storm,0,1,2
13191,Severe Storm,0,0,0
13191,Fire,0,0,0
13191,Hurricane,2,0,0
13191,Winter Storm,0,0,0
13191,Flood,0,0,0
13191,Tornado,0,0,0
13191,Tropical Storm,3,0,0
13191,Snowstorm,0,0,0
13191,Coastal Storm,0,0,0
13191,Severe Ice Storm,0,0,0
13193,Severe Storm,0,0,0
13193,Fire,0,0,0
13193,Hurricane,0,0,0
13193,Winter Storm,0,0,0
13193,Flood,0,0,0
13193,Tornado,0,0,0
13193,Tropical Storm,1,0,0
13193,Snowstorm,0,0,0
13193,Coastal Storm,0,0,0
13193,Severe Ice Storm,0,0,0
13195,Severe Storm,0,0,0
13195,Fire,0,0,0
13195,Hurricane,1,0,0
13195,Winter Storm,0,0,0
13195,Flood,0,0,0
13195,Tornado,0,0,0
13195,Tropical Storm,1,0,0
13195,Snowstorm,0,0,0
13195,Coastal Storm,0,0,0
13195,Severe Ice Storm,0,0,0
13197,Severe Storm,0,0,0
13197,Fire,0,0,0
13197,Hurricane,0,0,0
13197,Winter Storm,0,0,0
13197,Flood,0,0,0
13197,Tornado,0,0,0
13197,Tropical Storm,1,0,0
13197,Snowstorm,0,0,0
13197,Coastal Storm,0,0,0
13197,Severe Ice Storm,0,0,0
13199,Severe Storm,1,1,1
13199,Fire,0,1,1
13199,Hurricane,0,1,1
13199,Winter Storm,0,1,1
13199,Flood,0,1,1
13199,Tornado,0,1,1
13199,Tropical Storm,1,1,1
13199,Snowstorm,0,1,1
13199,Coastal Storm,0,1,1
13199,Severe Ice Storm,0,1,1
13201,Severe Storm,0,0,0
13201,Fire,0,0,0
13201,Hurricane,0,0,0
13201,Winter Storm,0,0,0
13201,Flood,0,0,0
13201,Tornado,0,0,0
13201,Tropical Storm,1,0,0
13201,Snowstorm,0,0,0
13201,Coastal Storm,0,0,0
13201,Severe Ice Storm,0,0,0
13205,Severe Storm,0,0,0
13205,Fire,0,0,0
13205,Hurricane,1,0,0
13205,Winter Storm,0,0,0
13205,Flood,0,0,0
13205,Tornado,0,0,0
13205,Tropical Storm,2,0,0
13205,Snowstorm,0,0,0
13205,Coastal Storm,0,0,0
13205,Severe Ice Storm,0,0,0
13207,Severe Storm,0,1,4
13207,Fire,0,1,4
13207,Hurricane,1,1,4
13207,Winter Storm,0,1,4
13207,Flood,0,1,4
13207,Tornado,0,1,4
13207,Tropical Storm,1,1,4
13207,Snowstorm,0,1,4
13207,Coastal Storm,0,1,4
13207,Severe Ice Storm,0,1,4
13209,Severe Storm,0,0,0
13209,Fire,0,0,0
13209,Hurricane,2,0,0
13209,Winter Storm,0,0,0
13209,Flood,0,0,0
13209,Tornado,0,0,0
13209,Tropical Storm,2,0,0
13209,Snowstorm,0,0,0
13209,Coastal Storm,0,0,0
13209,Severe Ice Storm,0,0,0
13211,Severe Storm,0,1,1
13211,Fire,0,1,1
13211,Hurricane,0,1,1
13211,Winter Storm,0,1,1
13211,Flood,0,1,1
13211,Tornado,0,1,1
13211,Tropical Storm,1,1,1
13211,Snowstorm,0,1,1
13211,Coastal Storm,0,1,1
13211,Severe Ice Storm,0,1,1
13213,Severe Storm,0,1,3
13213,Fire,0,1,3
13213,Hurricane,0,1,3
13213,Winter Storm,0,1,3
13213,Flood,0,1,3
13213,Tornado,0,1,3
13213,Tropical Storm,1,1,3
13213,Snowstorm,0,1,3
13213,Coastal Storm,0,1,3
13213,Severe Ice Storm,0,1,3
13215,Severe Storm,0,1,1
13215,Fire,0,1,1
13215,Hurricane,0,1,1
13215,Winter Storm,0,1,1
13215,Flood,0,1,1
13215,Tornado,0,1,1
13215,Tropical Storm,1,1,1
13215,Snowstorm,0,1,1
13215,Coastal Storm,0,1,1
13215,Severe Ice Storm,0,1,1
13217,Severe Storm,1,1,6
13217,Fire,0,1,6
13217,Hurricane,1,1,6
13217,Winter Storm,0,1,6
13217,Flood,0,1,6
13217,Tornado,0,1,6
13217,Tropical Storm,1,1,6
13217,Snowstorm,0,1,6
13217,Coastal Storm,0,1,6
13217,Severe Ice Storm,0,1,6
13219,Severe Storm,0,0,0
13219,Fire,0,0,0
13219,Hurricane,0,0,0
13219,Winter Storm,0,0,0
13219,Flood,0,0,0
13219,Tornado,0,0,0
13219,Tropical Storm,1,0,0
13219,Snowstorm,0,0,0
13219,Coastal Storm,0,0,0
13219,Severe Ice Storm,0,0,0
13221,Severe Storm,0,0,0
13221,Fire,0,0,0
13221,Hurricane,1,0,0
13221,Winter Storm,0,0,0
13221,Flood,0,0,0
13221,Tornado,0,0,0
13221,Tropical Storm,1,0,0
13221,Snowstorm,0,0,0
13221,Coastal Storm,0,0,0
13221,Severe Ice Storm,0,0,0
13223,Severe Storm,0,1,6
13223,Fire,0,1,6
13223,Hurricane,2,1,6
13223,Winter Storm,0,1,6
13223,Flood,0,1,6
13223,Tornado,0,1,6
13223,Tropical Storm,1,1,6
13223,Snowstorm,0,1,6
13223,Coastal Storm,0,1,6
13223,Severe Ice Storm,0,1,6
13225,Severe Storm,0,0,0
13225,Fire,0,0,0
13225,Hurricane,0,0,0
13225,Winter Storm,0,0,0
13225,Flood,0,0,0
13225,Tornado,0,0,0
13225,Tropical Storm,1,0,0
13225,Snowstorm,0,0,0
13225,Coastal Storm,0,0,0
13225,Severe Ice Storm,0,0,0
13227,Severe Storm,1,1,1
13227,Fire,0,1,1
13227,Hurricane,1,1,1
13227,Winter Storm,0,1,1
13227,Flood,0,1,1
13227,Tornado,0,1,1
13227,Tropical Storm,1,1,1
13227,Snowstorm,0,1,1
13227,Coastal Storm,0,1,1
13227,Severe Ice Storm,0,1,1
13229,Severe Storm,0,0,0
13229,Fire,0,0,0
13229,Hurricane,3,0,0
13229,Winter Storm,0,0,0
13229,Flood,0,0,0
13229,Tornado,0,0,0
13229,Tropical Storm,3,0,0
13229,Snowstorm,0,0,0
13229,Coastal Storm,0,0,0
13229,Severe Ice Storm,0,0,0
13231,Severe Storm,1,1,1
13231,Fire,0,1,1
13231,Hurricane,1,1,1
13231,Winter Storm,0,1,1
13231,Flood,0,1,1
13231,Tornado,0,1,1
13231,Tropical Storm,1,1,1
13231,Snowstorm,0,1,1
13231,Coastal Storm,0,1,1
13231,Severe Ice Storm,0,1,1
13233,Severe Storm,0,0,0
13233,Fire,0,0,0
13233,Hurricane,0,0,0
13233,Winter Storm,0,0,0
13233,Flood,0,0,0
13233,Tornado,0,0,0
13233,Tropical Storm,1,0,0
13233,Snowstorm,0,0,0
13233,Coastal Storm,0,0,0
13233,Severe Ice Storm,0,0,0
13235,Severe Storm,0,0,0
13235,Fire,0,0,0
13235,Hurricane,1,0,0
13235,Winter Storm,0,0,0
13235,Flood,0,0,0
13235,Tornado,0,0,0
13235,Tropical Storm,1,0,0
13235,Snowstorm,0,0,0
13235,Coastal Storm,0,0,0
13235,Severe Ice Storm,0,0,0
13237,Severe Storm,0,0,0
13237,Fire,0,0,0
13237,Hurricane,1,0,0
13237,Winter Storm,0,0,0
13237,Flood,0,0,0
13237,Tornado,0,0,0
13237,Tropical Storm,1,0,0
13237,Snowstorm,0,0,0
13237,Coastal Storm,0,0,0
13237,Severe Ice Storm,0,0,0
13239,Severe Storm,0,0,0
13239,Fire,0,0,0
13239,Hurricane,0,0,0
13239,Winter Storm,0,0,0
13239,Flood,0,0,0
13239,Tornado,0,0,0
13239,Tropical Storm,1,0,0
13239,Snowstorm,0,0,0
13239,Coastal Storm,0,0,0
13239,Severe Ice Storm,0,0,0
13241,Severe Storm,1,0,0
13241,Fire,0,0,0
13241,Hurricane,2,0,0
13241,Winter Storm,0,0,0
13241,Flood,0,0,0
13241,Tornado,0,0,0
13241,Tropical Storm,1,0,0
13241,Snowstorm,0,0,0
13241,Coastal Storm,0,0,0
13241,Severe Ice Storm,0,0,0
13243,Severe Storm,0,0,0
13243,Fire,0,0,0
13243,Hurricane,0,0,0
13243,Winter Storm,0,0,0
13243,Flood,0,0,0
13243,Tornado,0,0,0
13243,Tropical Storm,1,0,0
13243,Snowstorm,0,0,0
13243,Coastal Storm,0,0,0
13243,Severe Ice Storm,0,0,0
13245,Severe Storm,0,1,1
13245,Fire,0,1,1
13245,Hurricane,1,1,1
13245,Winter Storm,0,1,1
13245,Flood,0,1,1
13245,Tornado,0,1,1
13245,Tropical Storm,2,1,1
13245,Snowstorm,0,1,1
13245,Coastal Storm,0,1,1
13245,Severe Ice Storm,0,1,1
13247,Severe Storm,0,1,5
13247,Fire,0,1,5
13247,Hurricane,0,1,5
13247,Winter Storm,0,1,5
13247,Flood,0,1,5
13247,Tornado,0,1,5
13247,Tropical Storm,1,1,5
13247,Snowstorm,0,1,5
13247,Coastal Storm,0,1,5
13247,Severe Ice Storm,0,1,5
13249,Severe Storm,0,0,0
13249,Fire,0,0,0
13249,Hurricane,0,0,0
13249,Winter Storm,0,0,0
13249,Flood,0,0,0
13249,Tornado,0,0,0
13249,Tropical Storm,1,0,0
13249,Snowstorm,0,0,0
13249,Coastal Storm,0,0,0
13249,Severe Ice Storm,0,0,0
13251,Severe Storm,0,0,0
13251,Fire,0,0,0
13251,Hurricane,2,0,0
13251,Winter Storm,0,0,0
13251,Flood,0,0,0
13251,Tornado,0,0,0
13251,Tropical Storm,3,0,0
13251,Snowstorm,0,0,0
13251,Coastal Storm,0,0,0
13251,Severe Ice Storm,0,0,0
13253,Severe Storm,0,0,0
13253,Fire,0,0,0
13253,Hurricane,0,0,0
13253,Winter Storm,0,0,0
13253,Flood,0,0,0
13253,Tornado,0,0,0
13253,Tropical Storm,1,0,0
13253,Snowstorm,0,0,0
13253,Coastal Storm,0,0,0
13253,Severe Ice Storm,0,0,0
13255,Severe Storm,1,1,3
13255,Fire,0,1,3
13255,Hurricane,0,1,3
13255,Winter Storm,0,1,3
13255,Flood,0,1,3
13255,Tornado,0,1,3
13255,Tropical Storm,1,1,3
13255,Snowstorm,0,1,3
13255,Coastal Storm,0,1,3
13255,Severe Ice Storm,0,1,3
13257,Severe Storm,0,0,0
13257,Fire,0,0,0
13257,Hurricane,2,0,0
13257,Winter Storm,0,0,0
13257,Flood,0,0,0
13257,Tornado,0,0,0
13257,Tropical Storm,1,0,0
13257,Snowstorm,0,0,0
13257,Coastal Storm,0,0,0
13257,Severe Ice Storm,0,0,0
13259,Severe Storm,0,0,0
13259,Fire,0,0,0
13259,Hurricane,0,0,0
13259,Winter Storm,0,0,0
13259,Flood,0,0,0
13259,Tornado,0,0,0
13259,Tropical Storm,1,0,0
13259,Snowstorm,0,0,0
13259,Coastal Storm,0,0,0
13259,Severe Ice Storm,0,0,0
13261,Severe Storm,0,0,0
13261,Fire,0,0,0
13261,Hurricane,0,0,0
13261,Winter Storm,0,0,0
13261,Flood,0,0,0
13261,Tornado,0,0,0
13261,Tropical Storm,1,0,0
13261,Snowstorm,0,0,0
13261,Coastal Storm,0,0,0
13261,Severe Ice Storm,0,0,0
13263,Severe Storm,0,0,0
13263,Fire,0,0,0
13263,Hurricane,0,0,0
13263,Winter Storm,0,0,0
13263,Flood,0,0,0
13263,Tornado,0,0,0
13263,Tropical Storm,1,0,0
13263,Snowstorm,0,0,0
13263,Coastal Storm,0,0,0
13263,Severe Ice Storm,0,0,0
13265,Severe Storm,0,0,0
13265,Fire,0,0,0
13265,Hurricane,1,0,0
13265,Winter Storm,0,0,0
13265,Flood,0,0,0
13265,Tornado,0,0,0
13265,Tropical Storm,1,0,0
13265,Snowstorm,0,0,0
13265,Coastal Storm,0,0,0
13265,Severe Ice Storm,0,0,0
13267,Severe Storm,0,0,0
13267,Fire,0,0,0
13267,Hurricane,2,0,0
13267,Winter Storm,0,0,0
13267,Flood,0,0,0
13267,Tornado,0,0,0
13267,Tropical Storm,3,0,0
13267,Snowstorm,0,0,0
13267,Coastal Storm,0,0,0
13267,Severe Ice Storm,0,0,0
13269,Severe Storm,0,0,0
13269,Fire,0,0,0
13269,Hurricane,0,0,0
13269,Winter Storm,0,0,0
13269,Flood,0,0,0
13269,Tornado,0,0,0
13269,Tropical Storm,1,0,0
13269,Snowstorm,0,0,0
13269,Coastal Storm,0,0,0
13269,Severe Ice Storm,0,0,0
13271,Severe Storm,0,0,0
13271,Fire,0,0,0
13271,Hurricane,1,0,0
13271,Winter Storm,0,0,0
13271,Flood,0,0,0
13271,Tornado,0,0,0
13271,Tropical Storm,2,0,0
13271,Snowstorm,0,0,0
13271,Coastal Storm,0,0,0
13271,Severe Ice Storm,0,0,0
13273,Severe Storm,0,0,0
13273,Fire,0,0,0
13273,Hurricane,0,0,0
13273,Winter Storm,0,0,0
13273,Flood,0,0,0
13273,Tornado,0,0,0
13273,Tropical Storm,1,0,0
13273,Snowstorm,0,0,0
13273,Coastal Storm,0,0,0
13273,Severe Ice Storm,0,0,0
13275,Severe Storm,0,0,0
13275,Fire,0,0,0
13275,Hurricane,2,0,0
13275,Winter Storm,0,0,0
13275,Flood,0,0,0
13275,Tornado,0,0,0
13275,Tropical Storm,3,0,0
13275,Snowstorm,0,0,0
13275,Coastal Storm,0,0,0
13275,Severe Ice Storm,0,0,0
13277,Severe Storm,0,0,0
13277,Fire,0,0,0
13277,Hurricane,2,0,0
13277,Winter Storm,0,0,0
13277,Flood,0,0,0
13277,Tornado,0,0,0
13277,Tropical Storm,3,0,0
13277,Snowstorm,0,0,0
13277,Coastal Storm,0,0,0
13277,Severe Ice Storm,0,0,0
13279,Severe Storm,0,0,0
13279,Fire,0,0,0
13279,Hurricane,2,0,0
13279,Winter Storm,0,0,0
13279,Flood,0,0,0
13279,Tornado,0,0,0
13279,Tropical Storm,3,0,0
13279,Snowstorm,0,0,0
13279,Coastal Storm,0,0,0
13279,Severe Ice Storm,0,0,0
13281,Severe Storm,0,0,0
13281,Fire,0,0,0
13281,Hurricane,1,0,0
13281,Winter Storm,0,0,0
13281,Flood,0,0,0
13281,Tornado,0,0,0
13281,Tropical Storm,1,0,0
13281,Snowstorm,0,0,0
13281,Coastal Storm,0,0,0
13281,Severe Ice Storm,0,0,0
13283,Severe Storm,0,0,0
13283,Fire,0,0,0
13283,Hurricane,2,0,0
13283,Winter Storm,0,0,0
13283,Flood,0,0,0
13283,Tornado,0,0,0
13283,Tropical Storm,2,0,0
13283,Snowstorm,0,0,0
13283,Coastal Storm,0,0,0
13283,Severe Ice Storm,0,0,0
13285,Severe Storm,1,1,3
13285,Fire,0,1,3
13285,Hurricane,0,1,3
13285,Winter Storm,0,1,3
13285,Flood,0,1,3
13285,Tornado,0,1,3
13285,Tropical Storm,1,1,3
13285,Snowstorm,0,1,3
13285,Coastal Storm,0,1,3
13285,Severe Ice Storm,0,1,3
13287,Severe Storm,0,0,0
13287,Fire,0,0,0
13287,Hurricane,1,0,0
13287,Winter Storm,0,0,0
13287,Flood,0,0,0
13287,Tornado,0,0,0
13287,Tropical Storm,2,0,0
13287,Snowstorm,0,0,0
13287,Coastal Storm,0,0,0
13287,Severe Ice Storm,0,0,0
13289,Severe Storm,0,1,2
13289,Fire,0,1,2
13289,Hurricane,1,1,2
13289,Winter Storm,0,1,2
13289,Flood,0,1,2
13289,Tornado,0,1,2
13289,Tropical Storm,1,1,2
13289,Snowstorm,0,1,2
13289,Coastal Storm,0,1,2
13289,Severe Ice Storm,0,1,2
13291,Severe Storm,0,0,0
13291,Fire,0,0,0
13291,Hurricane,1,0,0
13291,Winter Storm,0,0,0
13291,Flood,0,0,0
13291,Tornado,0,0,0
13291,Tropical Storm,1,0,0
13291,Snowstorm,0,0,0
13291,Coastal Storm,0,0,0
13291,Severe Ice Storm,0,0,0
13293,Severe Storm,0,1,2
13293,Fire,0,1,2
13293,Hurricane,0,1,2
13293,Winter Storm,0,1,2
13293,Flood,0,1,2
13293,Tornado,0,1,2
13293,Tropical Storm,1,1,2
13293,Snowstorm,0,1,2
13293,Coastal Storm,0,1,2
13293,Severe Ice Storm,0,1,2
13295,Severe Storm,0,0,0
13295,Fire,0,0,0
13295,Hurricane,0,0,0
13295,Winter Storm,0,0,0
13295,Flood,0,0,0
13295,Tornado,0,0,0
13295,Tropical Storm,1,0,0
13295,Snowstorm,0,0,0
13295,Coastal Storm,0,0,0
13295,Severe Ice Storm,0,0,0
13297,Severe Storm,0,1,8
13297,Fire,0,1,8
13297,Hurricane,0,1,8
13297,Winter Storm,0,1,8
13297,Flood,0,1,8
13297,Tornado,0,1,8
13297,Tropical Storm,1,1,8
13297,Snowstorm,0,1,8
13297,Coastal Storm,0,1,8
13297,Severe Ice Storm,0,1,8
13299,Severe Storm,0,0,0
13299,Fire,0,0,0
13299,Hurricane,2,0,0
13299,Winter Storm,0,0,0
13299,Flood,0,0,0
13299,Tornado,0,0,0
13299,Tropical Storm,3,0,0
13299,Snowstorm,0,0,0
13299,Coastal Storm,0,0,0
13299,Severe Ice Storm,0,0,0
13301,Severe Storm,0,0,0
13301,Fire,0,0,0
13301,Hurricane,1,0,0
13301,Winter Storm,0,0,0
13301,Flood,0,0,0
13301,Tornado,0,0,0
13301,Tropical Storm,1,0,0
13301,Snowstorm,0,0,0
13301,Coastal Storm,0,0,0
13301,Severe Ice Storm,0,0,0
13303,Severe Storm,0,0,0
13303,Fire,0,0,0
13303,Hurricane,1,0,0
13303,Winter Storm,0,0,0
13303,Flood,0,0,0
13303,Tornado,0,0,0
13303,Tropical Storm,1,0,0
13303,Snowstorm,0,0,0
13303,Coastal Storm,0,0,0
13303,Severe Ice Storm,0,0,0
13305,Severe Storm,0,0,0
13305,Fire,0,0,0
13305,Hurricane,3,0,0
13305,Winter Storm,0,0,0
13305,Flood,0,0,0
13305,Tornado,0,0,0
13305,Tropical Storm,3,0,0
13305,Snowstorm,0,0,0
13305,Coastal Storm,0,0,0
13305,Severe Ice Storm,0,0,0
13307,Severe Storm,0,0,0
13307,Fire,0,0,0
13307,Hurricane,0,0,0
13307,Winter Storm,0,0,0
13307,Flood,0,0,0
13307,Tornado,0,0,0
13307,Tropical Storm,1,0,0
13307,Snowstorm,0,0,0
13307,Coastal Storm,0,0,0
13307,Severe Ice Storm,0,0,0
13309,Severe Storm,0,0,0
13309,Fire,0,0,0
13309,Hurricane,1,0,0
13309,Winter Storm,0,0,0
13309,Flood,0,0,0
13309,Tornado,0,0,0
13309,Tropical Storm,2,0,0
13309,Snowstorm,0,0,0
13309,Coastal Storm,0,0,0
13309,Severe Ice Storm,0,0,0
13311,Severe Storm,1,0,0
13311,Fire,0,0,0
13311,Hurricane,2,0,0
13311,Winter Storm,0,0,0
13311,Flood,0,0,0
13311,Tornado,0,0,0
13311,Tropical Storm,1,0,0
13311,Snowstorm,0,0,0
13311,Coastal Storm,0,0,0
13311,Severe Ice Storm,0,0,0
13313,Severe Storm,0,1,4
13313,Fire,0,1,4
13313,Hurricane,0,1,4
13313,Winter Storm,0,1,4
13313,Flood,0,1,4
13313,Tornado,0,1,4
13313,Tropical Storm,1,1,4
13313,Snowstorm,0,1,4
13313,Coastal Storm,0,1,4
13313,Severe Ice Storm,0,1,4
13315,Severe Storm,0,0,0
13315,Fire,0,0,0
13315,Hurricane,1,0,0
13315,Winter Storm,0,0,0
13315,Flood,0,0,0
13315,Tornado,0,0,0
13315,Tropical Storm,2,0,0
13315,Snowstorm,0,0,0
13315,Coastal Storm,0,0,0
13315,Severe Ice Storm,0,0,0
13317,Severe Storm,0,0,0
13317,Fire,0,0,0
13317,Hurricane,1,0,0
13317,Winter Storm,0,0,0
13317,Flood,0,0,0
13317,Tornado,0,0,0
13317,Tropical Storm,1,0,0
13317,Snowstorm,0,0,0
13317,Coastal Storm,0,0,0
13317,Severe Ice Storm,0,0,0
13319,Severe Storm,0,1,1
13319,Fire,0,1,1
13319,Hurricane,1,1,1
13319,Winter Storm,0,1,1
13319,Flood,0,1,1
13319,Tornado,0,1,1
13319,Tropical Storm,1,1,1
13319,Snowstorm,0,1,1
13319,Coastal Storm,0,1,1
13319,Severe Ice Storm,0,1,1
13321,Severe Storm,0,0,0
13321,Fire,0,0,0
13321,Hurricane,1,0,0
13321,Winter Storm,0,0,0
13321,Flood,0,0,0
13321,Tornado,0,0,0
13321,Tropical Storm,2,0,0
13321,Snowstorm,0,0,0
13321,Coastal Storm,0,0,0
13321,Severe Ice Storm,0,0,0
15001,Severe Storm,0,0,0
15001,Fire,4,0,0
15001,Hurricane,1,0,0
15001,Winter Storm,0,0,0
15001,Flood,0,0,0
15001,Tornado,0,0,0
15001,Tropical Storm,0,0,0
15001,Snowstorm,0,0,0
15001,Coastal Storm,0,0,0
15001,Severe Ice Storm,0,0,0
15003,Severe Storm,1,0,0
15003,Fire,0,0,0
15003,Hurricane,1,0,0
15003,Winter Storm,0,0,0
15003,Flood,0,0,0
15003,Tornado,0,0,0
15003,Tropical Storm,0,0,0
15003,Snowstorm,0,0,0
15003,Coastal Storm,0,0,0
15003,Severe Ice Storm,0,0,0
15005,Severe Storm,0,0,0
15005,Fire,0,0,0
15005,Hurricane,0,0,0
15005,Winter Storm,0,0,0
15005,Flood,0,0,0
15005,Tornado,0,0,0
15005,Tropical Storm,0,0,0
15005,Snowstorm,0,0,0
15005,Coastal Storm,0,0,0
15005,Severe Ice Storm,0,0,0
15007,Severe Storm,1,0,0
15007,Fire,0,0,0
15007,Hurricane,1,0,0
15007,Winter Storm,0,0,0
15007,Flood,1,0,0
15007,Tornado,0,0,0
15007,Tropical Storm,0,0,0
15007,Snowstorm,0,0,0
15007,Coastal Storm,0,0,0
15007,Severe Ice Storm,0,0,0
15009,Severe Storm,1,0,0
15009,Fire,5,0,0
15009,Hurricane,1,0,0
15009,Winter Storm,0,0,0
15009,Flood,1,0,0
15009,Tornado,0,0,0
15009,Tropical Storm,0,0,0
15009,Snowstorm,0,0,0
15009,Coastal Storm,0,0,0
15009,Severe Ice Storm,0,0,0
16001,Severe Storm,0,0,0
16001,Fire,0,0,0
16001,Hurricane,0,0,0
16001,Winter Storm,0,0,0
16001,Flood,0,0,0
16001,Tornado,0,0,0
16001,Tropical Storm,0,0,0
16001,Snowstorm,0,0,0
16001,Coastal Storm,0,0,0
16001,Severe Ice Storm,0,0,0
16003,Severe Storm,0,0,0
16003,Fire,1,0,0
16003,Hurricane,0,0,0
16003,Winter Storm,0,0,0
16003,Flood,1,0,0
16003,Tornado,0,0,0
16003,Tropical Storm,0,0,0
16003,Snowstorm,0,0,0
16003,Coastal Storm,0,0,0
16003,Severe Ice Storm,0,0,0
16005,Severe Storm,0,0,0
16005,Fire,0,0,0
16005,Hurricane,0,0,0
16005,Winter Storm,0,0,0
16005,Flood,0,0,0
16005,Tornado,0,0,0
16005,Tropical Storm,0,0,0
16005,Snowstorm,0,0,0
16005,Coastal Storm,0,0,0
16005,Severe Ice Storm,0,0,0
16007,Severe Storm,0,0,0
16007,Fire,0,0,0
16007,Hurricane,0,0,0
16007,Winter Storm,0,0,0
16007,Flood,0,0,0
16007,Tornado,0,0,0
16007,Tropical Storm,0,0,0
16007,Snowstorm,0,0,0
16007,Coastal Storm,0,0,0
16007,Severe Ice Storm,0,0,0
16009,Severe Storm,1,0,0
16009,Fire,0,0,0
16009,Hurricane,0,0,0
16009,Winter Storm,0,0,0
16009,Flood,0,0,0
16009,Tornado,0,0,0
16009,Tropical Storm,0,0,0
16009,Snowstorm,0,0,0
16009,Coastal Storm,0,0,0
16009,Severe Ice Storm,0,0,0
16011,Severe Storm,0,0,0
16011,Fire,0,0,0
16011,Hurricane,0,0,0
16011,Winter Storm,0,0,0
16011,Flood,0,0,0
16011,Tornado,0,0,0
16011,Tropical Storm,0,0,0
16011,Snowstorm,0,0,0
16011,Coastal Storm,0,0,0
16011,Severe Ice Storm,0,0,0
16013,Severe Storm,0,0,0
16013,Fire,1,0,0
16013,Hurricane,0,0,0
16013,Winter Storm,0,0,0
16013,Flood,0,0,0
16013,Tornado,0,0,0
16013,Tropical Storm,0,0,0
16013,Snowstorm,0,0,0
16013,Coastal Storm,0,0,0
16013,Severe Ice Storm,0,0,0
16015,Severe Storm,0,0,0
16015,Fire,0,0,0
16015,Hurricane,0,0,0
16015,Winter Storm,0,0,0
16015,Flood,0,0,0
16015,Tornado,0,0,0
16015,Tropical Storm,0,0,0
16015,Snowstorm,0,0,0
16015,Coastal Storm,0,0,0
16015,Severe Ice Storm,0,0,0
16017,Severe Storm,1,0,0
16017,Fire,0,0,0
16017,Hurricane,0,0,0
16017,Winter Storm,0,0,0
16017,Flood,0,0,0
16017,Tornado,0,0,0
16017,Tropical Storm,0,0,0
16017,Snowstorm,0,0,0
16017,Coastal Storm,0,0,0
16017,Severe Ice Storm,0,0,0
16019,Severe Storm,0,0,0
16019,Fire,0,0,0
16019,Hurricane,0,0,0
16019,Winter Storm,0,0,0
16019,Flood,0,0,0
16019,Tornado,0,0,0
16019,Tropical Storm,0,0,0
16019,Snowstorm,0,0,0
16019,Coastal Storm,0,0,0
16019,Severe Ice Storm,0,0,0
16021,Severe Storm,0,0,0
16021,Fire,0,0,0
16021,Hurricane,0,0,0
16021,Winter Storm,0,0,0
16021,Flood,0,0,0
16021,Tornado,0,0,0
16021,Tropical Storm,0,0,0
16021,Snowstorm,0,0,0
16021,Coastal Storm,0,0,0
16021,Severe Ice Storm,0,0,0
16023,Severe Storm,0,0,0
16023,Fire,0,0,0
16023,Hurricane,0,0,0
16023,Winter Storm,0,0,0
16023,Flood,0,0,0
16023,Tornado,0,0,0
16023,Tropical Storm,0,0,0
16023,Snowstorm,0,0,0
16023,Coastal Storm,0,0,0
16023,Severe Ice Storm,0,0,0
16025,Severe Storm,0,0,0
16025,Fire,0,0,0
16025,Hurricane,0,0,0
16025,Winter Storm,0,0,0
16025,Flood,0,0,0
16025,Tornado,0,0,0
16025,Tropical Storm,0,0,0
16025,Snowstorm,0,0,0
16025,Coastal Storm,0,0,0
16025,Severe Ice Storm,0,0,0
16027,Severe Storm,0,0,0
16027,Fire,0,0,0
16027,Hurricane,0,0,0
16027,Winter Storm,0,0,0
16027,Flood,0,0,0
16027,Tornado,0,0,0
16027,Tropical Storm,0,0,0
16027,Snowstorm,0,0,0
16027,Coastal Storm,0,0,0
16027,Severe Ice Storm,0,0,0
16029,Severe Storm,0,0,0
16029,Fire,0,0,0
16029,Hurricane,0,0,0
16029,Winter Storm,0,0,0
16029,Flood,0,0,0
16029,Tornado,0,0,0
16029,Tropical Storm,0,0,0
16029,Snowstorm,0,0,0
16029,Coastal Storm,0,0,0
16029,Severe Ice Storm,0,0,0
16031,Severe Storm,0,0,0
16031,Fire,0,0,0
16031,Hurricane,0,0,0
16031,Winter Storm,0,0,0
16031,Flood,0,0,0
16031,Tornado,0,0,0
16031,Tropical Storm,0,0,0
16031,Snowstorm,0,0,0
16031,Coastal Storm,0,0,0
16031,Severe Ice Storm,0,0,0
16033,Severe Storm,0,0,0
16033,Fire,0,0,0
16033,Hurricane,0,0,0
16033,Winter Storm,0,0,0
16033,Flood,0,0,0
16033,Tornado,0,0,0
16033,Tropical Storm,0,0,0
16033,Snowstorm,0,0,0
16033,Coastal Storm,0,0,0
16033,Severe Ice Storm,0,0,0
16035,Severe Storm,0,0,0
16035,Fire,0,0,0
16035,Hurricane,0,0,0
16035,Winter Storm,0,0,0
16035,Flood,0,0,0
16035,Tornado,0,0,0
16035,Tropical Storm,0,0,0
16035,Snowstorm,0,0,0
16035,Coastal Storm,0,0,0
16035,Severe Ice Storm,0,0,0
16037,Severe Storm,0,0,0
16037,Fire,0,0,0
16037,Hurricane,0,0,0
16037,Winter Storm,0,0,0
16037,Flood,0,0,0
16037,Tornado,0,0,0
16037,Tropical Storm,0,0,0
16037,Snowstorm,0,0,0
16037,Coastal Storm,0,0,0
16037,Severe Ice Storm,0,0,0
16039,Severe Storm,0,0,0
16039,Fire,0,0,0
16039,Hurricane,0,0,0
16039,Winter Storm,0,0,0
16039,Flood,0,0,0
16039,Tornado,0,0,0
16039,Tropical Storm,0,0,0
16039,Snowstorm,0,0,0
16039,Coastal Storm,0,0,0
16039,Severe Ice Storm,0,0,0
16041,Severe Storm,0,0,0
16041,Fire,0,0,0
16041,Hurricane,0,0,0
16041,Winter Storm,0,0,0
16041,Flood,0,0,0
16041,Tornado,0,0,0
16041,Tropical Storm,0,0,0
16041,Snowstorm,0,0,0
16041,Coastal Storm,0,0,0
16041,Severe Ice Storm,0,0,0
16043,Severe Storm,0,0,0
16043,Fire,0,0,0
16043,Hurricane,0,0,0
16043,Winter Storm,0,0,0
16043,Flood,0,0,0
16043,Tornado,0,0,0
16043,Tropical Storm,0,0,0
16043,Snowstorm,0,0,0
16043,Coastal Storm,0,0,0
16043,Severe Ice Storm,0,0,0
16045,Severe Storm,0,0,0
16045,Fire,1,0,0
16045,Hurricane,0,0,0
16045,Winter Storm,0,0,0
16045,Flood,0,0,0
16045,Tornado,0,0,0
16045,Tropical Storm,0,0,0
16045,Snowstorm,0,0,0
16045,Coastal Storm,0,0,0
16045,Severe Ice Storm,0,0,0
16047,Severe Storm,0,0,0
16047,Fire,0,0,0
16047,Hurricane,0,0,0
16047,Winter Storm,0,0,0
16047,Flood,0,0,0
16047,Tornado,0,0,0
16047,Tropical Storm,0,0,0
16047,Snowstorm,0,0,0
16047,Coastal Storm,0,0,0
16047,Severe Ice Storm,0,0,0
16049,Severe Storm,0,0,0
16049,Fire,0,0,0
16049,Hurricane,0,0,0
16049,Winter Storm,0,0,0
16049,Flood,2,0,0
16049,Tornado,0,0,0
16049,Tropical Storm,0,0,0
16049,Snowstorm,0,0,0
16049,Coastal Storm,0,0,0
16049,Severe Ice Storm,0,0,0
16051,Severe Storm,0,0,0
16051,Fire,0,0,0
16051,Hurricane,0,0,0
16051,Winter Storm,0,0,0
16051,Flood,0,0,0
16051,Tornado,0,0,0
16051,Tropical Storm,0,0,0
16051,Snowstorm,0,0,0
16051,Coastal Storm,0,0,0
16051,Severe Ice Storm,0,0,0
16053,Severe Storm,0,0,0
16053,Fire,0,0,0
16053,Hurricane,0,0,0
16053,Winter Storm,0,0,0
16053,Flood,0,0,0
16053,Tornado,0,0,0
16053,Tropical Storm,0,0,0
16053,Snowstorm,0,0,0
16053,Coastal Storm,0,0,0
16053,Severe Ice Storm,0,0,0
16055,Severe Storm,1,0,0
16055,Fire,0,0,0
16055,Hurricane,0,0,0
16055,Winter Storm,0,0,0
16055,Flood,0,0,0
16055,Tornado,0,0,0
16055,Tropical Storm,0,0,0
16055,Snowstorm,0,0,0
16055,Coastal Storm,0,0,0
16055,Severe Ice Storm,0,0,0
16057,Severe Storm,0,0,0
16057,Fire,2,0,0
16057,Hurricane,0,0,0
16057,Winter Storm,0,0,0
16057,Flood,1,0,0
16057,Tornado,0,0,0
16057,Tropical Storm,0,0,0
16057,Snowstorm,0,0,0
16057,Coastal Storm,0,0,0
16057,Severe Ice Storm,0,0,0
16059,Severe Storm,0,0,0
16059,Fire,0,0,0
16059,Hurricane,0,0,0
16059,Winter Storm,0,0,0
16059,Flood,0,0,0
16059,Tornado,0,0,0
16059,Tropical Storm,0,0,0
16059,Snowstorm,0,0,0
16059,Coastal Storm,0,0,0
16059,Severe Ice Storm,0,0,0
16061,Severe Storm,0,0,0
16061,Fire,0,0,0
16061,Hurricane,0,0,0
16061,Winter Storm,0,0,0
16061,Flood,2,0,0
16061,Tornado,0,0,0
16061,Tropical Storm,0,0,0
16061,Snowstorm,0,0,0
16061,Coastal Storm,0,0,0
16061,Severe Ice Storm,0,0,0
16063,Severe Storm,0,0,0
16063,Fire,0,0,0
16063,Hurricane,0,0,0
16063,Winter Storm,0,0,0
16063,Flood,0,0,0
16063,Tornado,0,0,0
16063,Tropical Storm,0,0,0
16063,Snowstorm,0,0,0
16063,Coastal Storm,0,0,0
16063,Severe Ice Storm,0,0,0
16065,Severe Storm,0,0,0
16065,Fire,0,0,0
16065,Hurricane,0,0,0
16065,Winter Storm,0,0,0
16065,Flood,0,0,0
16065,Tornado,0,0,0
16065,Tropical Storm,0,0,0
16065,Snowstorm,0,0,0
16065,Coastal Storm,0,0,0
16065,Severe Ice Storm,0,0,0
16067,Severe Storm,0,0,0
16067,Fire,0,0,0
16067,Hurricane,0,0,0
16067,Winter Storm,0,0,0
16067,Flood,0,0,0
16067,Tornado,0,0,0
16067,Tropical Storm,0,0,0
16067,Snowstorm,0,0,0
16067,Coastal Storm,0,0,0
16067,Severe Ice Storm,0,0,0
16069,Severe Storm,0,0,0
16069,Fire,3,0,0
16069,Hurricane,0,0,0
16069,Winter Storm,0,0,0
16069,Flood,0,0,0
16069,Tornado,0,0,0
16069,Tropical Storm,0,0,0
16069,Snowstorm,0,0,0
16069,Coastal Storm,0,0,0
16069,Severe Ice Storm,0,0,0
16071,Severe Storm,0,0,0
16071,Fire,0,0,0
16071,Hurricane,0,0,0
16071,Winter Storm,0,0,0
16071,Flood,0,0,0
16071,Tornado,0,0,0
16071,Tropical Storm,0,0,0
16071,Snowstorm,0,0,0
16071,Coastal Storm,0,0,0
16071,Severe Ice Storm,0,0,0
16073,Severe Storm,0,0,0
16073,Fire,0,0,0
16073,Hurricane,0,0,0
16073,Winter Storm,0,0,0
16073,Flood,0,0,0
16073,Tornado,0,0,0
16073,Tropical Storm,0,0,0
16073,Snowstorm,0,0,0
16073,Coastal Storm,0,0,0
16073,Severe Ice Storm,0,0,0
16075,Severe Storm,0,0,0
16075,Fire,0,0,0
16075,Hurricane,0,0,0
16075,Winter Storm,0,0,0
16075,Flood,0,0,0
16075,Tornado,0,0,0
16075,Tropical Storm,0,0,0
16075,Snowstorm,0,0,0
16075,Coastal Storm,0,0,0
16075,Severe Ice Storm,0,0,0
16077,Severe Storm,0,0,0
16077,Fire,0,0,0
16077,Hurricane,0,0,0
16077,Winter Storm,0,0,0
16077,Flood,0,0,0
16077,Tornado,0,0,0
16077,Tropical Storm,0,0,0
16077,Snowstorm,0,0,0
16077,Coastal Storm,0,0,0
16077,Severe Ice Storm,0,0,0
16079,Severe Storm,1,0,0
16079,Fire,0,0,0
16079,Hurricane,0,0,0
16079,Winter Storm,0,0,0
16079,Flood,1,0,0
16079,Tornado,0,0,0
16079,Tropical Storm,0,0,0
16079,Snowstorm,0,0,0
16079,Coastal Storm,0,0,0
16079,Severe Ice Storm,0,0,0
16081,Severe Storm,0,0,0
16081,Fire,0,0,0
16081,Hurricane,0,0,0
16081,Winter Storm,0,0,0
16081,Flood,0,0,0
16081,Tornado,0,0,0
16081,Tropical Storm,0,0,0
16081,Snowstorm,0,0,0
16081,Coastal Storm,0,0,0
16081,Severe Ice Storm,0,0,0
16083,Severe Storm,0,0,0
16083,Fire,0,0,0
16083,Hurricane,0,0,0
16083,Winter Storm,0,0,0
16083,Flood,0,0,0
16083,Tornado,0,0,0
16083,Tropical Storm,0,0,0
16083,Snowstorm,0,0,0
16083,Coastal Storm,0,0,0
16083,Severe Ice Storm,0,0,0
16085,Severe Storm,0,0,0
16085,Fire,1,0,0
16085,Hurricane,0,0,0
16085,Winter Storm,0,0,0
16085,Flood,1,0,0
16085,Tornado,0,0,0
16085,Tropical Storm,0,0,0
16085,Snowstorm,0,0,0
16085,Coastal Storm,0,0,0
16085,Severe Ice Storm,0,0,0
16087,Severe Storm,0,0,0
16087,Fire,0,0,0
16087,Hurricane,0,0,0
16087,Winter Storm,0,0,0
16087,Flood,0,0,0
16087,Tornado,0,0,0
16087,Tropical Storm,0,0,0
16087,Snowstorm,0,0,0
16087,Coastal Storm,0,0,0
16087,Severe Ice Storm,0,0,0
17001,Severe Storm,0,0,0
17001,Fire,0,0,0
17001,Hurricane,0,0,0
17001,Winter Storm,0,0,0
17001,Flood,1,0,0
17001,Tornado,0,0,0
17001,Tropical Storm,0,0,0
17001,Snowstorm,0,0,0
17001,Coastal Storm,0,0,0
17001,Severe Ice Storm,0,0,0
17003,Severe Storm,0,0,0
17003,Fire,0,0,0
17003,Hurricane,0,0,0
17003,Winter Storm,0,0,0
17003,Flood,1,0,0
17003,Tornado,0,0,0
17003,Tropical Storm,0,0,0
17003,Snowstorm,0,0,0
17003,Coastal Storm,0,0,0
17003,Severe Ice Storm,0,0,0
17005,Severe Storm,0,0,0
17005,Fire,0,0,0
17005,Hurricane,0,0,0
17005,Winter Storm,0,0,0
17005,Flood,0,0,0
17005,Tornado,1,0,0
17005,Tropical Storm,0,0,0
17005,Snowstorm,0,0,0
17005,Coastal Storm,0,0,0
17005,Severe Ice Storm,0,0,0
17007,Severe Storm,0,0,0
17007,Fire,0,0,0
17007,Hurricane,0,0,0
17007,Winter Storm,0,0,0
17007,Flood,0,0,0
17007,Tornado,0,0,0
17007,Tropical Storm,0,0,0
17007,Snowstorm,0,0,0
17007,Coastal Storm,0,0,0
17007,Severe Ice Storm,0,0,0
17009,Severe Storm,0,0,0
17009,Fire,0,0,0
17009,Hurricane,0,0,0
17009,Winter Storm,0,0,0
17009,Flood,0,0,0
17009,Tornado,0,0,0
17009,Tropical Storm,0,0,0
17009,Snowstorm,0,0,0
17009,Coastal Storm,0,0,0
17009,Severe Ice Storm,0,0,0
17011,Severe Storm,0,0,0
17011,Fire,0,0,0
17011,Hurricane,0,0,0
17011,Winter Storm,0,0,0
17011,Flood,1,0,0
17011,Tornado,0,0,0
17011,Tropical Storm,0,0,0
17011,Snowstorm,0,0,0
17011,Coastal Storm,0,0,0
17011,Severe Ice Storm,0,0,0
17013,Severe Storm,1,0,0
17013,Fire,0,0,0
17013,Hurricane,0,0,0
17013,Winter Storm,0,0,0
17013,Flood,1,0,0
17013,Tornado,0,0,0
17013,Tropical Storm,0,0,0
17013,Snowstorm,0,0,0
17013,Coastal Storm,0,0,0
17013,Severe Ice Storm,0,0,0
17015,Severe Storm,0,0,0
17015,Fire,0,0,0
17015,Hurricane,0,0,0
17015,Winter Storm,0,0,0
17015,Flood,1,0,0
17015,Tornado,0,0,0
17015,Tropical Storm,0,0,0
17015,Snowstorm,0,0,0
17015,Coastal Storm,0,0,0
17015,Severe Ice Storm,0,0,0
17017,Severe Storm,0,0,0
17017,Fire,0,0,0
17017,Hurricane,0,0,0
17017,Winter Storm,0,0,0
17017,Flood,1,0,0
17017,Tornado,1,0,0
17017,Tropical Storm,0,0,0
17017,Snowstorm,0,0,0
17017,Coastal Storm,0,0,0
17017,Severe Ice Storm,0,0,0
17019,Severe Storm,0,0,0
17019,Fire,0,0,0
17019,Hurricane,0,0,0
17019,Winter Storm,0,0,0
17019,Flood,0,0,0
17019,Tornado,0,0,0
17019,Tropical Storm,0,0,0
17019,Snowstorm,0,0,0
17019,Coastal Storm,0,0,0
17019,Severe Ice Storm,0,0,0
17021,Severe Storm,1,0,0
17021,Fire,0,0,0
17021,Hurricane,0,0,0
17021,Winter Storm,0,0,0
17021,Flood,0,0,0
17021,Tornado,0,0,0
17021,Tropical Storm,0,0,0
17021,Snowstorm,0,0,0
17021,Coastal Storm,0,0,0
17021,Severe Ice Storm,0,0,0
17023,Severe Storm,1,0,0
17023,Fire,0,0,0
17023,Hurricane,0,0,0
17023,Winter Storm,0,0,0
17023,Flood,0,0,0
17023,Tornado,0,0,0
17023,Tropical Storm,0,0,0
17023,Snowstorm,0,0,0
17023,Coastal Storm,0,0,0
17023,Severe Ice Storm,0,0,0
17025,Severe Storm,0,0,0
17025,Fire,0,0,0
17025,Hurricane,0,0,0
17025,Winter Storm,0,0,0
17025,Flood,0,0,0
17025,Tornado,0,0,0
17025,Tropical Storm,0,0,0
17025,Snowstorm,0,0,0
17025,Coastal Storm,0,0,0
17025,Severe Ice Storm,0,0,0
17027,Severe Storm,0,0,0
17027,Fire,0,0,0
17027,Hurricane,0,0,0
17027,Winter Storm,0,0,0
17027,Flood,0,0,0
17027,Tornado,0,0,0
17027,Tropical Storm,0,0,0
17027,Snowstorm,0,0,0
17027,Coastal Storm,0,0,0
17027,Severe Ice Storm,0,0,0
17029,Severe Storm,1,0,0
17029,Fire,0,0,0
17029,Hurricane,0,0,0
17029,Winter Storm,0,0,0
17029,Flood,0,0,0
17029,Tornado,1,0,0
17029,Tropical Storm,0,0,0
17029,Snowstorm,0,0,0
17029,Coastal Storm,0,0,0
17029,Severe Ice Storm,0,0,0
17031,Severe Storm,1,1,11
17031,Fire,0,1,11
17031,Hurricane,0,1,11
17031,Winter Storm,0,1,11
17031,Flood,2,1,11
17031,Tornado,0,1,11
17031,Tropical Storm,0,1,11
17031,Snowstorm,0,1,11
17031,Coastal Storm,0,1,11
17031,Severe Ice Storm,0,1,11
17033,Severe Storm,0,0,0
17033,Fire,0,0,0
17033,Hurricane,0,0,0
17033,Winter Storm,0,0,0
17033,Flood,0,0,0
17033,Tornado,0,0,0
17033,Tropical Storm,0,0,0
17033,Snowstorm,0,0,0
17033,Coastal Storm,0,0,0
17033,Severe Ice Storm,0,0,0
17035,Severe Storm,1,0,0
17035,Fire,0,0,0
17035,Hurricane,0,0,0
17035,Winter Storm,0,0,0
17035,Flood,0,0,0
17035,Tornado,0,0,0
17035,Tropical Storm,0,0,0
17035,Snowstorm,0,0,0
17035,Coastal Storm,0,0,0
17035,Severe Ice Storm,0,0,0
17037,Severe Storm,0,1,1
17037,Fire,0,1,1
17037,Hurricane,0,1,1
17037,Winter Storm,0,1,1
17037,Flood,0,1,1
17037,Tornado,0,1,1
17037,Tropical Storm,0,1,1
17037,Snowstorm,0,1,1
17037,Coastal Storm,0,1,1
17037,Severe Ice Storm,0,1,1
17039,Severe Storm,1,0,0
17039,Fire,0,0,0
17039,Hurricane,0,0,0
17039,Winter Storm,0,0,0
17039,Flood,0,0,0
17039,Tornado,0,0,0
17039,Tropical Storm,0,0,0
17039,Snowstorm,0,0,0
17039,Coastal Storm,0,0,0
17039,Severe Ice Storm,0,0,0
17041,Severe Storm,1,0,0
17041,Fire,0,0,0
17041,Hurricane,0,0,0
17041,Winter Storm,0,0,0
17041,Flood,0,0,0
17041,Tornado,0,0,0
17041,Tropical Storm,0,0,0
17041,Snowstorm,0,0,0
17041,Coastal Storm,0,0,0
17041,Severe Ice Storm,0,0,0
17043,Severe Storm,0,1,11
17043,Fire,0,1,11
17043,Hurricane,0,1,11
17043,Winter Storm,0,1,11
17043,Flood,0,1,11
17043,Tornado,0,1,11
17043,Tropical Storm,0,1,11
17043,Snowstorm,0,1,11
17043,Coastal Storm,0,1,11
17043,Severe Ice Storm,0,1,11
17045,Severe Storm,1,0,0
17045,Fire,0,0,0
17045,Hurricane,0,0,0
17045,Winter Storm,0,0,0
17045,Flood,0,0,0
17045,Tornado,0,0,0
17045,Tropical Storm,0,0,0
17045,Snowstorm,0,0,0
17045,Coastal Storm,0,0,0
17045,Severe Ice Storm,0,0,0
17047,Severe Storm,0,0,0
17047,Fire,0,0,0
17047,Hurricane,0,0,0
17047,Winter Storm,0,0,0
17047,Flood,0,0,0
17047,Tornado,0,0,0
17047,Tropical Storm,0,0,0
17047,Snowstorm,0,0,0
17047,Coastal Storm,0,0,0
17047,Severe Ice Storm,0,0,0
17049,Severe Storm,0,0,0
17049,Fire,0,0,0
17049,Hurricane,0,0,0
17049,Winter Storm,0,0,0
17049,Flood,0,0,0
17049,Tornado,1,0,0
17049,Tropical Storm,0,0,0
17049,Snowstorm,0,0,0
17049,Coastal Storm,0,0,0
17049,Severe Ice Storm,0,0,0
17051,Severe Storm,0,0,0
17051,Fire,0,0,0
17051,Hurricane,0,0,0
17051,Winter Storm,0,0,0
17051,Flood,0,0,0
17051,Tornado,1,0,0
17051,Tropical Storm,0,0,0
17051,Snowstorm,0,0,0
17051,Coastal Storm,0,0,0
17051,Severe Ice Storm,0,0,0
17053,Severe Storm,0,0,0
17053,Fire,0,0,0
17053,Hurricane,0,0,0
17053,Winter Storm,0,0,0
17053,Flood,0,0,0
17053,Tornado,0,0,0
17053,Tropical Storm,0,0,0
17053,Snowstorm,0,0,0
17053,Coastal Storm,0,0,0
17053,Severe Ice Storm,0,0,0
17055,Severe Storm,0,0,0
17055,Fire,0,0,0
17055,Hurricane,0,0,0
17055,Winter Storm,0,0,0
17055,Flood,0,0,0
17055,Tornado,0,0,0
17055,Tropical Storm,0,0,0
17055,Snowstorm,0,0,0
17055,Coastal Storm,0,0,0
17055,Severe Ice Storm,0,0,0
17057,Severe Storm,0,0,0
17057,Fire,0,0,0
17057,Hurricane,0,0,0
17057,Winter Storm,0,0,0
17057,Flood,2,0,0
17057,Tornado,0,0,0
17057,Tropical Storm,0,0,0
17057,Snowstorm,0,0,0
17057,Coastal Storm,0,0,0
17057,Severe Ice Storm,0,0,0
17059,Severe Storm,0,0,0
17059,Fire,0,0,0
17059,Hurricane,0,0,0
17059,Winter Storm,0,0,0
17059,Flood,0,0,0
17059,Tornado,0,0,0
17059,Tropical Storm,0,0,0
17059,Snowstorm,0,0,0
17059,Coastal Storm,0,0,0
17059,Severe Ice Storm,0,0,0
17061,Severe Storm,0,0,0
17061,Fire,0,0,0
17061,Hurricane,0,0,0
17061,Winter Storm,0,0,0
17061,Flood,1,0,0
17061,Tornado,0,0,0
17061,Tropical Storm,0,0,0
17061,Snowstorm,0,0,0
17061,Coastal Storm,0,0,0
17061,Severe Ice Storm,0,0,0
17063,Severe Storm,0,1,2
17063,Fire,0,1,2
17063,Hurricane,0,1,2
17063,Winter Storm,0,1,2
17063,Flood,0,1,2
17063,Tornado,0,1,2
17063,Tropical Storm,0,1,2
17063,Snowstorm,0,1,2
17063,Coastal Storm,0,1,2
17063,Severe Ice Storm,0,1,2
17065,Severe Storm,0,0,0
17065,Fire,0,0,0
17065,Hurricane,0,0,0
17065,Winter Storm,0,0,0
17065,Flood,0,0,0
17065,Tornado,0,0,0
17065,Tropical Storm,0,0,0
17065,Snowstorm,0,0,0
17065,Coastal Storm,0,0,0
17065,Severe Ice Storm,0,0,0
17067,Severe Storm,1,0,0
17067,Fire,0,0,0
17067,Hurricane,0,0,0
17067,Winter Storm,0,0,0
17067,Flood,1,0,0
17067,Tornado,0,0,0
17067,Tropical Storm,0,0,0
17067,Snowstorm,0,0,0
17067,Coastal Storm,0,0,0
17067,Severe Ice Storm,0,0,0
17069,Severe Storm,0,0,0
17069,Fire,0,0,0
17069,Hurricane,0,0,0
17069,Winter Storm,0,0,0
17069,Flood,0,0,0
17069,Tornado,0,0,0
17069,Tropical Storm,0,0,0
17069,Snowstorm,0,0,0
17069,Coastal Storm,0,0,0
17069,Severe Ice Storm,0,0,0
17071,Severe Storm,0,0,0
17071,Fire,0,0,0
17071,Hurricane,0,0,0
17071,Winter Storm,0,0,0
17071,Flood,1,0,0
17071,Tornado,0,0,0
17071,Tropical Storm,0,0,0
17071,Snowstorm,0,0,0
17071,Coastal Storm,0,0,0
17071,Severe Ice Storm,0,0,0
17073,Severe Storm,0,0,0
17073,Fire,0,0,0
17073,Hurricane,0,0,0
17073,Winter Storm,0,0,0
17073,Flood,2,0,0
17073,Tornado,0,0,0
17073,Tropical Storm,0,0,0
17073,Snowstorm,0,0,0
17073,Coastal Storm,0,0,0
17073,Severe Ice Storm,0,0,0
17075,Severe Storm,0,0,0
17075,Fire,0,0,0
17075,Hurricane,0,0,0
17075,Winter Storm,0,0,0
17075,Flood,0,0,0
17075,Tornado,0,0,0
17075,Tropical Storm,0,0,0
17075,Snowstorm,0,0,0
17075,Coastal Storm,0,0,0
17075,Severe Ice Storm,0,0,0
17077,Severe Storm,0,0,0
17077,Fire,0,0,0
17077,Hurricane,0,0,0
17077,Winter Storm,0,0,0
17077,Flood,1,0,0
17077,Tornado,0,0,0
17077,Tropical Storm,0,0,0
17077,Snowstorm,0,0,0
17077,Coastal Storm,0,0,0
17077,Severe Ice Storm,0,0,0
17079,Severe Storm,0,0,0
17079,Fire,0,0,0
17079,Hurricane,0,0,0
17079,Winter Storm,0,0,0
17079,Flood,0,0,0
17079,Tornado,0,0,0
17079,Tropical Storm,0,0,0
17079,Snowstorm,0,0,0
17079,Coastal Storm,0,0,0
17079,Severe Ice Storm,0,0,0
17081,Severe Storm,0,0,0
17081,Fire,0,0,0
17081,Hurricane,0,0,0
17081,Winter Storm,0,0,0
17081,Flood,0,0,0
17081,Tornado,0,0,0
17081,Tropical Storm,0,0,0
17081,Snowstorm,0,0,0
17081,Coastal Storm,0,0,0
17081,Severe Ice Storm,0,0,0
17083,Severe Storm,0,0,0
17083,Fire,0,0,0
17083,Hurricane,0,0,0
17083,Winter Storm,0,0,0
17083,Flood,1,0,0
17083,Tornado,1,0,0
17083,Tropical Storm,0,0,0
17083,Snowstorm,0,0,0
17083,Coastal Storm,0,0,0
17083,Severe Ice Storm,0,0,0
17085,Severe Storm,0,0,0
17085,Fire,0,0,0
17085,Hurricane,0,0,0
17085,Winter Storm,0,0,0
17085,Flood,0,0,0
17085,Tornado,0,0,0
17085,Tropical Storm,0,0,0
17085,Snowstorm,0,0,0
17085,Coastal Storm,0,0,0
17085,Severe Ice Storm,0,0,0
17087,Severe Storm,0,0,0
17087,Fire,0,0,0
17087,Hurricane,0,0,0
17087,Winter Storm,0,0,0
17087,Flood,0,0,0
17087,Tornado,0,0,0
17087,Tropical Storm,0,0,0
17087,Snowstorm,0,0,0
17087,Coastal Storm,0,0,0
17087,Severe Ice Storm,0,0,0
17089,Severe Storm,0,1,2
17089,Fire,0,1,2
17089,Hurricane,0,1,2
17089,Winter Storm,0,1,2
17089,Flood,0,1,2
17089,Tornado,0,1,2
17089,Tropical Storm,0,1,2
17089,Snowstorm,0,1,2
17089,Coastal Storm,0,1,2
17089,Severe Ice Storm,0,1,2
17091,Severe Storm,0,0,0
17091,Fire,0,0,0
17091,Hurricane,0,0,0
17091,Winter Storm,0,0,0
17091,Flood,0,0,0
17091,Tornado,0,0,0
17091,Tropical Storm,0,0,0
17091,Snowstorm,0,0,0
17091,Coastal Storm,0,0,0
17091,Severe Ice Storm,0,0,0
17093,Severe Storm,0,1,4
17093,Fire,0,1,4
17093,Hurricane,0,1,4
17093,Winter Storm,0,1,4
17093,Flood,0,1,4
17093,Tornado,0,1,4
17093,Tropical Storm,0,1,4
17093,Snowstorm,0,1,4
17093,Coastal Storm,0,1,4
17093,Severe Ice Storm,0,1,4
17095,Severe Storm,0,0,0
17095,Fire,0,0,0
17095,Hurricane,0,0,0
17095,Winter Storm,0,0,0
17095,Flood,1,0,0
17095,Tornado,0,0,0
17095,Tropical Storm,0,0,0
17095,Snowstorm,0,0,0
17095,Coastal Storm,0,0,0
17095,Severe Ice Storm,0,0,0
17097,Severe Storm,0,0,0
17097,Fire,0,0,0
17097,Hurricane,0,0,0
17097,Winter Storm,0,0,0
17097,Flood,0,0,0
17097,Tornado,0,0,0
17097,Tropical Storm,0,0,0
17097,Snowstorm,0,0,0
17097,Coastal Storm,0,0,0
17097,Severe Ice Storm,0,0,0
17099,Severe Storm,0,1,1
17099,Fire,0,1,1
17099,Hurricane,0,1,1
17099,Winter Storm,0,1,1
17099,Flood,0,1,1
17099,Tornado,0,1,1
17099,Tropical Storm,0,1,1
17099,Snowstorm,0,1,1
17099,Coastal Storm,0,1,1
17099,Severe Ice Storm,0,1,1
17101,Severe Storm,0,0,0
17101,Fire,0,0,0
17101,Hurricane,0,0,0
17101,Winter Storm,0,0,0
17101,Flood,0,0,0
17101,Tornado,0,0,0
17101,Tropical Storm,0,0,0
17101,Snowstorm,0,0,0
17101,Coastal Storm,0,0,0
17101,Severe Ice Storm,0,0,0
17103,Severe Storm,0,0,0
17103,Fire,0,0,0
17103,Hurricane,0,0,0
17103,Winter Storm,0,0,0
17103,Flood,1,0,0
17103,Tornado,0,0,0
17103,Tropical Storm,0,0,0
17103,Snowstorm,0,0,0
17103,Coastal Storm,0,0,0
17103,Severe Ice Storm,0,0,0
17105,Severe Storm,0,0,0
17105,Fire,0,0,0
17105,Hurricane,0,0,0
17105,Winter Storm,0,0,0
17105,Flood,0,0,0
17105,Tornado,0,0,0
17105,Tropical Storm,0,0,0
17105,Snowstorm,0,0,0
17105,Coastal Storm,0,0,0
17105,Severe Ice Storm,0,0,0
17107,Severe Storm,1,0,0
17107,Fire,0,0,0
17107,Hurricane,0,0,0
17107,Winter Storm,0,0,0
17107,Flood,0,0,0
17107,Tornado,0,0,0
17107,Tropical Storm,0,0,0
17107,Snowstorm,0,0,0
17107,Coastal Storm,0,0,0
17107,Severe Ice Storm,0,0,0
17109,Severe Storm,1,0,0
17109,Fire,0,0,0
17109,Hurricane,0,0,0
17109,Winter Storm,0,0,0
17109,Flood,0,0,0
17109,Tornado,0,0,0
17109,Tropical Storm,0,0,0
17109,Snowstorm,0,0,0
17109,Coastal Storm,0,0,0
17109,Severe Ice Storm,0,0,0
17111,Severe Storm,0,0,0
17111,Fire,0,0,0
17111,Hurricane,0,0,0
17111,Winter Storm,0,0,0
17111,Flood,0,0,0
17111,Tornado,0,0,0
17111,Tropical Storm,0,0,0
17111,Snowstorm,0,0,0
17111,Coastal Storm,0,0,0
17111,Severe Ice Storm,0,0,0
17113,Severe Storm,0,0,0
17113,Fire,0,0,0
17113,Hurricane,0,0,0
17113,Winter Storm,0,0,0
17113,Flood,0,0,0
17113,Tornado,0,0,0
17113,Tropical Storm,0,0,0
17113,Snowstorm,0,0,0
17113,Coastal Storm,0,0,0
17113,Severe Ice Storm,0,0,0
17115,Severe Storm,1,0,0
17115,Fire,0,0,0
17115,Hurricane,0,0,0
17115,Winter Storm,0,0,0
17115,Flood,0,0,0
17115,Tornado,0,0,0
17115,Tropical Storm,0,0,0
17115,Snowstorm,0,0,0
17115,Coastal Storm,0,0,0
17115,Severe Ice Storm,0,0,0
17117,Severe Storm,0,0,0
17117,Fire,0,0,0
17117,Hurricane,0,0,0
17117,Winter Storm,0,0,0
17117,Flood,0,0,0
17117,Tornado,1,0,0
17117,Tropical Storm,0,0,0
17117,Snowstorm,0,0,0
17117,Coastal Storm,0,0,0
17117,Severe Ice Storm,0,0,0
17119,Severe Storm,0,0,0
17119,Fire,0,0,0
17119,Hurricane,0,0,0
17119,Winter Storm,0,0,0
17119,Flood,1,0,0
17119,Tornado,1,0,0
17119,Tropical Storm,0,0,0
17119,Snowstorm,0,0,0
17119,Coastal Storm,0,0,0
17119,Severe Ice Storm,0,0,0
17121,Severe Storm,0,0,0
17121,Fire,0,0,0
17121,Hurricane,0,0,0
17121,Winter Storm,0,0,0
17121,Flood,0,0,0
17121,Tornado,0,0,0
17121,Tropical Storm,0,0,0
17121,Snowstorm,0,0,0
17121,Coastal Storm,0,0,0
17121,Severe Ice Storm,0,0,0
17123,Severe Storm,0,0,0
17123,Fire,0,0,0
17123,Hurricane,0,0,0
17123,Winter Storm,0,0,0
17123,Flood,0,0,0
17123,Tornado,0,0,0
17123,Tropical Storm,0,0,0
17123,Snowstorm,0,0,0
17123,Coastal Storm,0,0,0
17123,Severe Ice Storm,0,0,0
17125,Severe Storm,0,0,0
17125,Fire,0,0,0
17125,Hurricane,0,0,0
17125,Winter Storm,0,0,0
17125,Flood,0,0,0
17125,Tornado,0,0,0
17125,Tropical Storm,0,0,0
17125,Snowstorm,0,0,0
17125,Coastal Storm,0,0,0
17125,Severe Ice Storm,0,0,0
17127,Severe Storm,0,0,0
17127,Fire,0,0,0
17127,Hurricane,0,0,0
17127,Winter Storm,0,0,0
17127,Flood,0,0,0
17127,Tornado,0,0,0
17127,Tropical Storm,0,0,0
17127,Snowstorm,0,0,0
17127,Coastal Storm,0,0,0
17127,Severe Ice Storm,0,0,0
17129,Severe Storm,0,0,0
17129,Fire,0,0,0
17129,Hurricane,0,0,0
17129,Winter Storm,0,0,0
17129,Flood,0,0,0
17129,Tornado,1,0,0
17129,Tropical Storm,0,0,0
17129,Snowstorm,0,0,0
17129,Coastal Storm,0,0,0
17129,Severe Ice Storm,0,0,0
17131,Severe Storm,0,0,0
17131,Fire,0,0,0
17131,Hurricane,0,0,0
17131,Winter Storm,0,0,0
17131,Flood,1,0,0
17131,Tornado,0,0,0
17131,Tropical Storm,0,0,0
17131,Snowstorm,0,0,0
17131,Coastal Storm,0,0,0
17131,Severe Ice Storm,0,0,0
17133,Severe Storm,1,0,0
17133,Fire,0,0,0
17133,Hurricane,0,0,0
17133,Winter Storm,0,0,0
17133,Flood,1,0,0
17133,Tornado,0,0,0
17133,Tropical Storm,0,0,0
17133,Snowstorm,0,0,0
17133,Coastal Storm,0,0,0
17133,Severe Ice Storm,0,0,0
17135,Severe Storm,0,0,0
17135,Fire,0,0,0
17135,Hurricane,0,0,0
17135,Winter Storm,0,0,0
17135,Flood,0,0,0
17135,Tornado,1,0,0
17135,Tropical Storm,0,0,0
17135,Snowstorm,0,0,0
17135,Coastal Storm,0,0,0
17135,Severe Ice Storm,0,0,0
17137,Severe Storm,1,0,0
17137,Fire,0,0,0
17137,Hurricane,0,0,0
17137,Winter Storm,0,0,0
17137,Flood,1,0,0
17137,Tornado,1,0,0
17137,Tropical Storm,0,0,0
17137,Snowstorm,0,0,0
17137,Coastal Storm,0,0,0
17137,Severe Ice Storm,0,0,0
17139,Severe Storm,1,0,0
17139,Fire,0,0,0
17139,Hurricane,0,0,0
17139,Winter Storm,0,0,0
17139,Flood,0,0,0
17139,Tornado,1,0,0
17139,Tropical Storm,0,0,0
17139,Snowstorm,0,0,0
17139,Coastal Storm,0,0,0
17139,Severe Ice Storm,0,0,0
17141,Severe Storm,0,0,0
17141,Fire,0,0,0
17141,Hurricane,0,0,0
17141,Winter Storm,0,0,0
17141,Flood,0,0,0
17141,Tornado,0,0,0
17141,Tropical Storm,0,0,0
17141,Snowstorm,0,0,0
17141,Coastal Storm,0,0,0
17141,Severe Ice Storm,0,0,0
17143,Severe Storm,0,0,0
17143,Fire,0,0,0
17143,Hurricane,0,0,0
17143,Winter Storm,0,0,0
17143,Flood,0,0,0
17143,Tornado,0,0,0
17143,Tropical Storm,0,0,0
17143,Snowstorm,0,0,0
17143,Coastal Storm,0,0,0
17143,Severe Ice Storm,0,0,0
17145,Severe Storm,0,0,0
17145,Fire,0,0,0
17145,Hurricane,0,0,0
17145,Winter Storm,0,0,0
17145,Flood,0,0,0
17145,Tornado,0,0,0
17145,Tropical Storm,0,0,0
17145,Snowstorm,0,0,0
17145,Coastal Storm,0,0,0
17145,Severe Ice Storm,0,0,0
17147,Severe Storm,0,0,0
17147,Fire,0,0,0
17147,Hurricane,0,0,0
17147,Winter Storm,0,0,0
17147,Flood,0,0,0
17147,Tornado,0,0,0
17147,Tropical Storm,0,0,0
17147,Snowstorm,0,0,0
17147,Coastal Storm,0,0,0
17147,Severe Ice Storm,0,0,0
17149,Severe Storm,1,0,0
17149,Fire,0,0,0
17149,Hurricane,0,0,0
17149,Winter Storm,0,0,0
17149,Flood,1,0,0
17149,Tornado,1,0,0
17149,Tropical Storm,0,0,0
17149,Snowstorm,0,0,0
17149,Coastal Storm,0,0,0
17149,Severe Ice Storm,0,0,0
17151,Severe Storm,0,0,0
17151,Fire,0,0,0
17151,Hurricane,0,0,0
17151,Winter Storm,0,0,0
17151,Flood,0,0,0
17151,Tornado,0,0,0
17151,Tropical Storm,0,0,0
17151,Snowstorm,0,0,0
17151,Coastal Storm,0,0,0
17151,Severe Ice Storm,0,0,0
17153,Severe Storm,0,0,0
17153,Fire,0,0,0
17153,Hurricane,0,0,0
17153,Winter Storm,0,0,0
17153,Flood,0,0,0
17153,Tornado,0,0,0
17153,Tropical Storm,0,0,0
17153,Snowstorm,0,0,0
17153,Coastal Storm,0,0,0
17153,Severe Ice Storm,0,0,0
17155,Severe Storm,0,0,0
17155,Fire,0,0,0
17155,Hurricane,0,0,0
17155,Winter Storm,0,0,0
17155,Flood,0,0,0
17155,Tornado,0,0,0
17155,Tropical Storm,0,0,0
17155,Snowstorm,0,0,0
17155,Coastal Storm,0,0,0
17155,Severe Ice Storm,0,0,0
17157,Severe Storm,0,0,0
17157,Fire,0,0,0
17157,Hurricane,0,0,0
17157,Winter Storm,0,0,0
17157,Flood,1,0,0
17157,Tornado,0,0,0
17157,Tropical Storm,0,0,0
17157,Snowstorm,0,0,0
17157,Coastal Storm,0,0,0
17157,Severe Ice Storm,0,0,0
17159,Severe Storm,0,0,0
17159,Fire,0,0,0
17159,Hurricane,0,0,0
17159,Winter Storm,0,0,0
17159,Flood,0,0,0
17159,Tornado,0,0,0
17159,Tropical Storm,0,0,0
17159,Snowstorm,0,0,0
17159,Coastal Storm,0,0,0
17159,Severe Ice Storm,0,0,0
17161,Severe Storm,0,0,0
17161,Fire,0,0,0
17161,Hurricane,0,0,0
17161,Winter Storm,0,0,0
17161,Flood,1,0,0
17161,Tornado,0,0,0
17161,Tropical Storm,0,0,0
17161,Snowstorm,0,0,0
17161,Coastal Storm,0,0,0
17161,Severe Ice Storm,0,0,0
17163,Severe Storm,0,0,0
17163,Fire,0,0,0
17163,Hurricane,0,0,0
17163,Winter Storm,0,0,0
17163,Flood,3,0,0
17163,Tornado,0,0,0
17163,Tropical Storm,0,0,0
17163,Snowstorm,0,0,0
17163,Coastal Storm,0,0,0
17163,Severe Ice Storm,0,0,0
17165,Severe Storm,0,0,0
17165,Fire,0,0,0
17165,Hurricane,0,0,0
17165,Winter Storm,0,0,0
17165,Flood,0,0,0
17165,Tornado,0,0,0
17165,Tropical Storm,0,0,0
17165,Snowstorm,0,0,0
17165,Coastal Storm,0,0,0
17165,Severe Ice Storm,0,0,0
17167,Severe Storm,1,0,0
17167,Fire,0,0,0
17167,Hurricane,0,0,0
17167,Winter Storm,0,0,0
17167,Flood,0,0,0
17167,Tornado,0,0,0
17167,Tropical Storm,0,0,0
17167,Snowstorm,0,0,0
17167,Coastal Storm,0,0,0
17167,Severe Ice Storm,0,0,0
17169,Severe Storm,0,0,0
17169,Fire,0,0,0
17169,Hurricane,0,0,0
17169,Winter Storm,0,0,0
17169,Flood,1,0,0
17169,Tornado,0,0,0
17169,Tropical Storm,0,0,0
17169,Snowstorm,0,0,0
17169,Coastal Storm,0,0,0
17169,Severe Ice Storm,0,0,0
17171,Severe Storm,1,0,0
17171,Fire,0,0,0
17171,Hurricane,0,0,0
17171,Winter Storm,0,0,0
17171,Flood,1,0,0
17171,Tornado,0,0,0
17171,Tropical Storm,0,0,0
17171,Snowstorm,0,0,0
17171,Coastal Storm,0,0,0
17171,Severe Ice Storm,0,0,0
17173,Severe Storm,0,0,0
17173,Fire,0,0,0
17173,Hurricane,0,0,0
17173,Winter Storm,0,0,0
17173,Flood,0,0,0
17173,Tornado,1,0,0
17173,Tropical Storm,0,0,0
17173,Snowstorm,0,0,0
17173,Coastal Storm,0,0,0
17173,Severe Ice Storm,0,0,0
17175,Severe Storm,0,0,0
17175,Fire,0,0,0
17175,Hurricane,0,0,0
17175,Winter Storm,0,0,0
17175,Flood,0,0,0
17175,Tornado,0,0,0
17175,Tropical Storm,0,0,0
17175,Snowstorm,0,0,0
17175,Coastal Storm,0,0,0
17175,Severe Ice Storm,0,0,0
17177,Severe Storm,0,0,0
17177,Fire,0,0,0
17177,Hurricane,0,0,0
17177,Winter Storm,0,0,0
17177,Flood,1,0,0
17177,Tornado,0,0,0
17177,Tropical Storm,0,0,0
17177,Snowstorm,0,0,0
17177,Coastal Storm,0,0,0
17177,Severe Ice Storm,0,0,0
17179,Severe Storm,0,0,0
17179,Fire,0,0,0
17179,Hurricane,0,0,0
17179,Winter Storm,0,0,0
17179,Flood,0,0,0
17179,Tornado,0,0,0
17179,Tropical Storm,0,0,0
17179,Snowstorm,0,0,0
17179,Coastal Storm,0,0,0
17179,Severe Ice Storm,0,0,0
17181,Severe Storm,0,0,0
17181,Fire,0,0,0
17181,Hurricane,0,0,0
17181,Winter Storm,0,0,0
17181,Flood,1,0,0
17181,Tornado,0,0,0
17181,Tropical Storm,0,0,0
17181,Snowstorm,0,0,0
17181,Coastal Storm,0,0,0
17181,Severe Ice Storm,0,0,0
17183,Severe Storm,1,0,0
17183,Fire,0,0,0
17183,Hurricane,0,0,0
17183,Winter Storm,0,0,0
17183,Flood,0,0,0
17183,Tornado,0,0,0
17183,Tropical Storm,0,0,0
17183,Snowstorm,0,0,0
17183,Coastal Storm,0,0,0
17183,Severe Ice Storm,0,0,0
17185,Severe Storm,0,0,0
17185,Fire,0,0,0
17185,Hurricane,0,0,0
17185,Winter Storm,0,0,0
17185,Flood,0,0,0
17185,Tornado,0,0,0
17185,Tropical Storm,0,0,0
17185,Snowstorm,0,0,0
17185,Coastal Storm,0,0,0
17185,Severe Ice Storm,0,0,0
17187,Severe Storm,1,0,0
17187,Fire,0,0,0
17187,Hurricane,0,0,0
17187,Winter Storm,0,0,0
17187,Flood,0,0,0
17187,Tornado,0,0,0
17187,Tropical Storm,0,0,0
17187,Snowstorm,0,0,0
17187,Coastal Storm,0,0,0
17187,Severe Ice Storm,0,0,0
17189,Severe Storm,1,0,0
17189,Fire,0,0,0
17189,Hurricane,0,0,0
17189,Winter Storm,0,0,0
17189,Flood,1,0,0
17189,Tornado,0,0,0
17189,Tropical Storm,0,0,0
17189,Snowstorm,0,0,0
17189,Coastal Storm,0,0,0
17189,Severe Ice Storm,0,0,0
17191,Severe Storm,0,0,0
17191,Fire,0,0,0
17191,Hurricane,0,0,0
17191,Winter Storm,0,0,0
17191,Flood,0,0,0
17191,Tornado,0,0,0
17191,Tropical Storm,0,0,0
17191,Snowstorm,0,0,0
17191,Coastal Storm,0,0,0
17191,Severe Ice Storm,0,0,0
17193,Severe Storm,0,0,0
17193,Fire,0,0,0
17193,Hurricane,0,0,0
17193,Winter Storm,0,0,0
17193,Flood,0,0,0
17193,Tornado,0,0,0
17193,Tropical Storm,0,0,0
17193,Snowstorm,0,0,0
17193,Coastal Storm,0,0,0
17193,Severe Ice Storm,0,0,0
17195,Severe Storm,0,0,0
17195,Fire,0,0,0
17195,Hurricane,0,0,0
17195,Winter Storm,0,0,0
17195,Flood,1,0,0
17195,Tornado,0,0,0
17195,Tropical Storm,0,0,0
17195,Snowstorm,0,0,0
17195,Coastal Storm,0,0,0
17195,Severe Ice Storm,0,0,0
17197,Severe Storm,0,1,1
17197,Fire,0,1,1
17197,Hurricane,0,1,1
17197,Winter Storm,0,1,1
17197,Flood,1,1,1
17197,Tornado,0,1,1
17197,Tropical Storm,0,1,1
17197,Snowstorm,0,1,1
17197,Coastal Storm,0,1,1
17197,Severe Ice Storm,0,1,1
17199,Severe Storm,0,0,0
17199,Fire,0,0,0
17199,Hurricane,0,0,0
17199,Winter Storm,0,0,0
17199,Flood,0,0,0
17199,Tornado,0,0,0
17199,Tropical Storm,0,0,0
17199,Snowstorm,0,0,0
17199,Coastal Storm,0,0,0
17199,Severe Ice Storm,0,0,0
17201,Severe Storm,0,0,0
17201,Fire,0,0,0
17201,Hurricane,0,0,0
17201,Winter Storm,0,0,0
17201,Flood,1,0,0
17201,Tornado,0,0,0
17201,Tropical Storm,0,0,0
17201,Snowstorm,0,0,0
17201,Coastal Storm,0,0,0
17201,Severe Ice Storm,0,0,0
17203,Severe Storm,0,0,0
17203,Fire,0,0,0
17203,Hurricane,0,0,0
17203,Winter Storm,0,0,0
17203,Flood,0,0,0
17203,Tornado,0,0,0
17203,Tropical Storm,0,0,0
17203,Snowstorm,0,0,0
17203,Coastal Storm,0,0,0
17203,Severe Ice Storm,0,0,0
18001,Severe Storm,0,0,0
18001,Fire,0,0,0
18001,Hurricane,0,0,0
18001,Winter Storm,0,0,0
18001,Flood,0,0,0
18001,Tornado,0,0,0
18001,Tropical Storm,0,0,0
18001,Snowstorm,0,0,0
18001,Coastal Storm,0,0,0
18001,Severe Ice Storm,0,0,0
18003,Severe Storm,1,1,1
18003,Fire,0,1,1
18003,Hurricane,0,1,1
18003,Winter Storm,0,1,1
18003,Flood,0,1,1
18003,Tornado,0,1,1
18003,Tropical Storm,0,1,1
18003,Snowstorm,0,1,1
18003,Coastal Storm,0,1,1
18003,Severe Ice Storm,0,1,1
18005,Severe Storm,0,1,2
18005,Fire,0,1,2
18005,Hurricane,0,1,2
18005,Winter Storm,0,1,2
18005,Flood,0,1,2
18005,Tornado,0,1,2
18005,Tropical Storm,0,1,2
18005,Snowstorm,0,1,2
18005,Coastal Storm,0,1,2
18005,Severe Ice Storm,0,1,2
18007,Severe Storm,1,0,0
18007,Fire,0,0,0
18007,Hurricane,0,0,0
18007,Winter Storm,0,0,0
18007,Flood,0,0,0
18007,Tornado,0,0,0
18007,Tropical Storm,0,0,0
18007,Snowstorm,0,0,0
18007,Coastal Storm,0,0,0
18007,Severe Ice Storm,0,0,0
18009,Severe Storm,0,0,0
18009,Fire,0,0,0
18009,Hurricane,0,0,0
18009,Winter Storm,0,0,0
18009,Flood,0,0,0
18009,Tornado,0,0,0
18009,Tropical Storm,0,0,0
18009,Snowstorm,0,0,0
18009,Coastal Storm,0,0,0
18009,Severe Ice Storm,0,0,0
18011,Severe Storm,0,1,4
18011,Fire,0,1,4
18011,Hurricane,0,1,4
18011,Winter Storm,0,1,4
18011,Flood,0,1,4
18011,Tornado,0,1,4
18011,Tropical Storm,0,1,4
18011,Snowstorm,0,1,4
18011,Coastal Storm,0,1,4
18011,Severe Ice Storm,0,1,4
18013,Severe Storm,1,1,1
18013,Fire,0,1,1
18013,Hurricane,0,1,1
18013,Winter Storm,0,1,1
18013,Flood,0,1,1
18013,Tornado,0,1,1
18013,Tropical Storm,0,1,1
18013,Snowstorm,0,1,1
18013,Coastal Storm,0,1,1
18013,Severe Ice Storm,0,1,1
18015,Severe Storm,0,1,1
18015,Fire,0,1,1
18015,Hurricane,0,1,1
18015,Winter Storm,0,1,1
18015,Flood,0,1,1
18015,Tornado,0,1,1
18015,Tropical Storm,0,1,1
18015,Snowstorm,0,1,1
18015,Coastal Storm,0,1,1
18015,Severe Ice Storm,0,1,1
18017,Severe Storm,0,0,0
18017,Fire,0,0,0
18017,Hurricane,0,0,0
18017,Winter Storm,0,0,0
18017,Flood,0,0,0
18017,Tornado,0,0,0
18017,Tropical Storm,0,0,0
18017,Snowstorm,0,0,0
18017,Coastal Storm,0,0,0
18017,Severe Ice Storm,0,0,0
18019,Severe Storm,0,1,1
18019,Fire,0,1,1
18019,Hurricane,0,1,1
18019,Winter Storm,0,1,1
18019,Flood,0,1,1
18019,Tornado,0,1,1
18019,Tropical Storm,0,1,1
18019,Snowstorm,0,1,1
18019,Coastal Storm,0,1,1
18019,Severe Ice Storm,0,1,1
18021,Severe Storm,0,0,0
18021,Fire,0,0,0
18021,Hurricane,0,0,0
18021,Winter Storm,0,0,0
18021,Flood,0,0,0
18021,Tornado,0,0,0
18021,Tropical Storm,0,0,0
18021,Snowstorm,0,0,0
18021,Coastal Storm,0,0,0
18021,Severe Ice Storm,0,0,0
18023,Severe Storm,1,1,1
18023,Fire,0,1,1
18023,Hurricane,0,1,1
18023,Winter Storm,0,1,1
18023,Flood,0,1,1
18023,Tornado,0,1,1
18023,Tropical Storm,0,1,1
18023,Snowstorm,0,1,1
18023,Coastal Storm,0,1,1
18023,Severe Ice Storm,0,1,1
18025,Severe Storm,0,0,0
18025,Fire,0,0,0
18025,Hurricane,0,0,0
18025,Winter Storm,0,0,0
18025,Flood,0,0,0
18025,Tornado,0,0,0
18025,Tropical Storm,0,0,0
18025,Snowstorm,0,0,0
18025,Coastal Storm,0,0,0
18025,Severe Ice Storm,0,0,0
18027,Severe Storm,0,0,0
18027,Fire,0,0,0
18027,Hurricane,0,0,0
18027,Winter Storm,0,0,0
18027,Flood,0,0,0
18027,Tornado,0,0,0
18027,Tropical Storm,0,0,0
18027,Snowstorm,0,0,0
18027,Coastal Storm,0,0,0
18027,Severe Ice Storm,0,0,0
18029,Severe Storm,0,0,0
18029,Fire,0,0,0
18029,Hurricane,0,0,0
18029,Winter Storm,0,0,0
18029,Flood,0,0,0
18029,Tornado,0,0,0
18029,Tropical Storm,0,0,0
18029,Snowstorm,0,0,0
18029,Coastal Storm,0,0,0
18029,Severe Ice Storm,0,0,0
18031,Severe Storm,0,1,1
18031,Fire,0,1,1
18031,Hurricane,0,1,1
18031,Winter Storm,0,1,1
18031,Flood,0,1,1
18031,Tornado,0,1,1
18031,Tropical Storm,0,1,1
18031,Snowstorm,0,1,1
18031,Coastal Storm,0,1,1
18031,Severe Ice Storm,0,1,1
18033,Severe Storm,0,0,0
18033,Fire,0,0,0
18033,Hurricane,0,0,0
18033,Winter Storm,0,0,0
18033,Flood,0,0,0
18033,Tornado,0,0,0
18033,Tropical Storm,0,0,0
18033,Snowstorm,0,0,0
18033,Coastal Storm,0,0,0
18033,Severe Ice Storm,0,0,0
18035,Severe Storm,0,0,0
18035,Fire,0,0,0
18035,Hurricane,0,0,0
18035,Winter Storm,0,0,0
18035,Flood,0,0,0
18035,Tornado,0,0,0
18035,Tropical Storm,0,0,0
18035,Snowstorm,0,0,0
18035,Coastal Storm,0,0,0
18035,Severe Ice Storm,0,0,0
18037,Severe Storm,0,0,0
18037,Fire,0,0,0
18037,Hurricane,0,0,0
18037,Winter Storm,0,0,0
18037,Flood,0,0,0
18037,Tornado,0,0,0
18037,Tropical Storm,0,0,0
18037,Snowstorm,0,0,0
18037,Coastal Storm,0,0,0
18037,Severe Ice Storm,0,0,0
18039,Severe Storm,0,1,2
18039,Fire,0,1,2
18039,Hurricane,0,1,2
18039,Winter Storm,0,1,2
18039,Flood,0,1,2
18039,Tornado,0,1,2
18039,Tropical Storm,0,1,2
18039,Snowstorm,0,1,2
18039,Coastal Storm,0,1,2
18039,Severe Ice Storm,0,1,2
18041,Severe Storm,0,0,0
18041,Fire,0,0,0
18041,Hurricane,0,0,0
18041,Winter Storm,0,0,0
18041,Flood,0,0,0
18041,Tornado,0,0,0
18041,Tropical Storm,0,0,0
18041,Snowstorm,0,0,0
18041,Coastal Storm,0,0,0
18041,Severe Ice Storm,0,0,0
18043,Severe Storm,0,0,0
18043,Fire,0,0,0
18043,Hurricane,0,0,0
18043,Winter Storm,0,0,0
18043,Flood,0,0,0
18043,Tornado,0,0,0
18043,Tropical Storm,0,0,0
18043,Snowstorm,0,0,0
18043,Coastal Storm,0,0,0
18043,Severe Ice Storm,0,0,0
18045,Severe Storm,0,0,0
18045,Fire,0,0,0
18045,Hurricane,0,0,0
18045,Winter Storm,0,0,0
18045,Flood,0,0,0
18045,Tornado,0,0,0
18045,Tropical Storm,0,0,0
18045,Snowstorm,0,0,0
18045,Coastal Storm,0,0,0
18045,Severe Ice Storm,0,0,0
18047,Severe Storm,0,1,1
18047,Fire,0,1,1
18047,Hurricane,0,1,1
18047,Winter Storm,0,1,1
18047,Flood,0,1,1
18047,Tornado,0,1,1
18047,Tropical Storm,0,1,1
18047,Snowstorm,0,1,1
18047,Coastal Storm,0,1,1
18047,Severe Ice Storm,0,1,1
18049,Severe Storm,0,0,0
18049,Fire,0,0,0
18049,Hurricane,0,0,0
18049,Winter Storm,0,0,0
18049,Flood,0,0,0
18049,Tornado,0,0,0
18049,Tropical Storm,0,0,0
18049,Snowstorm,0,0,0
18049,Coastal Storm,0,0,0
18049,Severe Ice Storm,0,0,0
18051,Severe Storm,0,0,0
18051,Fire,0,0,0
18051,Hurricane,0,0,0
18051,Winter Storm,0,0,0
18051,Flood,0,0,0
18051,Tornado,0,0,0
18051,Tropical Storm,0,0,0
18051,Snowstorm,0,0,0
18051,Coastal Storm,0,0,0
18051,Severe Ice Storm,0,0,0
18053,Severe Storm,1,0,0
18053,Fire,0,0,0
18053,Hurricane,0,0,0
18053,Winter Storm,0,0,0
18053,Flood,0,0,0
18053,Tornado,0,0,0
18053,Tropical Storm,0,0,0
18053,Snowstorm,0,0,0
18053,Coastal Storm,0,0,0
18053,Severe Ice Storm,0,0,0
18055,Severe Storm,0,0,0
18055,Fire,0,0,0
18055,Hurricane,0,0,0
18055,Winter Storm,0,0,0
18055,Flood,0,0,0
18055,Tornado,0,0,0
18055,Tropical Storm,0,0,0
18055,Snowstorm,0,0,0
18055,Coastal Storm,0,0,0
18055,Severe Ice Storm,0,0,0
18057,Severe Storm,0,1,3
18057,Fire,0,1,3
18057,Hurricane,0,1,3
18057,Winter Storm,0,1,3
18057,Flood,0,1,3
18057,Tornado,0,1,3
18057,Tropical Storm,0,1,3
18057,Snowstorm,0,1,3
18057,Coastal Storm,0,1,3
18057,Severe Ice Storm,0,1,3
18059,Severe Storm,0,1,2
18059,Fire,0,1,2
18059,Hurricane,0,1,2
18059,Winter Storm,0,1,2
18059,Flood,0,1,2
18059,Tornado,0,1,2
18059,Tropical Storm,0,1,2
18059,Snowstorm,0,1,2
18059,Coastal Storm,0,1,2
18059,Severe Ice Storm,0,1,2
18061,Severe Storm,0,0,0
18061,Fire,0,0,0
18061,Hurricane,0,0,0
18061,Winter Storm,0,0,0
18061,Flood,0,0,0
18061,Tornado,0,0,0
18061,Tropical Storm,0,0,0
18061,Snowstorm,0,0,0
18061,Coastal Storm,0,0,0
18061,Severe Ice Storm,0,0,0
18063,Severe Storm,0,1,4
18063,Fire,0,1,4
18063,Hurricane,0,1,4
18063,Winter Storm,0,1,4
18063,Flood,0,1,4
18063,Tornado,0,1,4
18063,Tropical Storm,0,1,4
18063,Snowstorm,0,1,4
18063,Coastal Storm,0,1,4
18063,Severe Ice Storm,0,1,4
18065,Severe Storm,0,0,0
18065,Fire,0,0,0
18065,Hurricane,0,0,0
18065,Winter Storm,0,0,0
18065,Flood,0,0,0
18065,Tornado,0,0,0
18065,Tropical Storm,0,0,0
18065,Snowstorm,0,0,0
18065,Coastal Storm,0,0,0
18065,Severe Ice Storm,0,0,0
18067,Severe Storm,1,1,1
18067,Fire,0,1,1
18067,Hurricane,0,1,1
18067,Winter Storm,0,1,1
18067,Flood,0,1,1
18067,Tornado,0,1,1
18067,Tropical Storm,0,1,1
18067,Snowstorm,0,1,1
18067,Coastal Storm,0,1,1
18067,Severe Ice Storm,0,1,1
18069,Severe Storm,0,0,0
18069,Fire,0,0,0
18069,Hurricane,0,0,0
18069,Winter Storm,0,0,0
18069,Flood,0,0,0
18069,Tornado,0,0,0
18069,Tropical Storm,0,0,0
18069,Snowstorm,0,0,0
18069,Coastal Storm,0,0,0
18069,Severe Ice Storm,0,0,0
18071,Severe Storm,0,1,1
18071,Fire,0,1,1
18071,Hurricane,0,1,1
18071,Winter Storm,0,1,1
18071,Flood,0,1,1
18071,Tornado,0,1,1
18071,Tropical Storm,0,1,1
18071,Snowstorm,0,1,1
18071,Coastal Storm,0,1,1
18071,Severe Ice Storm,0,1,1
18073,Severe Storm,0,0,0
18073,Fire,0,0,0
18073,Hurricane,0,0,0
18073,Winter Storm,0,0,0
18073,Flood,0,0,0
18073,Tornado,0,0,0
18073,Tropical Storm,0,0,0
18073,Snowstorm,0,0,0
18073,Coastal Storm,0,0,0
18073,Severe Ice Storm,0,0,0
18075,Severe Storm,0,0,0
18075,Fire,0,0,0
18075,Hurricane,0,0,0
18075,Winter Storm,0,0,0
18075,Flood,0,0,0
18075,Tornado,0,0,0
18075,Tropical Storm,0,0,0
18075,Snowstorm,0,0,0
18075,Coastal Storm,0,0,0
18075,Severe Ice Storm,0,0,0
18077,Severe Storm,0,0,0
18077,Fire,0,0,0
18077,Hurricane,0,0,0
18077,Winter Storm,0,0,0
18077,Flood,0,0,0
18077,Tornado,0,0,0
18077,Tropical Storm,0,0,0
18077,Snowstorm,0,0,0
18077,Coastal Storm,0,0,0
18077,Severe Ice Storm,0,0,0
18079,Severe Storm,0,0,0
18079,Fire,0,0,0
18079,Hurricane,0,0,0
18079,Winter Storm,0,0,0
18079,Flood,0,0,0
18079,Tornado,0,0,0
18079,Tropical Storm,0,0,0
18079,Snowstorm,0,0,0
18079,Coastal Storm,0,0,0
18079,Severe Ice Storm,0,0,0
18081,Severe Storm,1,0,0
18081,Fire,0,0,0
18081,Hurricane,0,0,0
18081,Winter Storm,0,0,0
18081,Flood,0,0,0
18081,Tornado,0,0,0
18081,Tropical Storm,0,0,0
18081,Snowstorm,0,0,0
18081,Coastal Storm,0,0,0
18081,Severe Ice Storm,0,0,0
18083,Severe Storm,0,0,0
18083,Fire,0,0,0
18083,Hurricane,0,0,0
18083,Winter Storm,0,0,0
18083,Flood,0,0,0
18083,Tornado,0,0,0
18083,Tropical Storm,0,0,0
18083,Snowstorm,0,0,0
18083,Coastal Storm,0,0,0
18083,Severe Ice Storm,0,0,0
18085,Severe Storm,0,1,1
18085,Fire,0,1,1
18085,Hurricane,0,1,1
18085,Winter Storm,0,1,1
18085,Flood,0,1,1
18085,Tornado,0,1,1
18085,Tropical Storm,0,1,1
18085,Snowstorm,0,1,1
18085,Coastal Storm,0,1,1
18085,Severe Ice Storm,0,1,1
18087,Severe Storm,0,0,0
18087,Fire,0,0,0
18087,Hurricane,0,0,0
18087,Winter Storm,0,0,0
18087,Flood,0,0,0
18087,Tornado,0,0,0
18087,Tropical Storm,0,0,0
18087,Snowstorm,0,0,0
18087,Coastal Storm,0,0,0
18087,Severe Ice Storm,0,0,0
18089,Severe Storm,1,1,6
18089,Fire,0,1,6
18089,Hurricane,0,1,6
18089,Winter Storm,0,1,6
18089,Flood,0,1,6
18089,Tornado,0,1,6
18089,Tropical Storm,0,1,6
18089,Snowstorm,0,1,6
18089,Coastal Storm,0,1,6
18089,Severe Ice Storm,0,1,6
18091,Severe Storm,0,1,4
18091,Fire,0,1,4
18091,Hurricane,0,1,4
18091,Winter Storm,0,1,4
18091,Flood,0,1,4
18091,Tornado,0,1,4
18091,Tropical Storm,0,1,4
18091,Snowstorm,0,1,4
18091,Coastal Storm,0,1,4
18091,Severe Ice Storm,0,1,4
18093,Severe Storm,0,0,0
18093,Fire,0,0,0
18093,Hurricane,0,0,0
18093,Winter Storm,0,0,0
18093,Flood,0,0,0
18093,Tornado,0,0,0
18093,Tropical Storm,0,0,0
18093,Snowstorm,0,0,0
18093,Coastal Storm,0,0,0
18093,Severe Ice Storm,0,0,0
18095,Severe Storm,0,0,0
18095,Fire,0,0,0
18095,Hurricane,0,0,0
18095,Winter Storm,0,0,0
18095,Flood,0,0,0
18095,Tornado,0,0,0
18095,Tropical Storm,0,0,0
18095,Snowstorm,0,0,0
18095,Coastal Storm,0,0,0
18095,Severe Ice Storm,0,0,0
18097,Severe Storm,0,1,6
18097,Fire,0,1,6
18097,Hurricane,0,1,6
18097,Winter Storm,0,1,6
18097,Flood,0,1,6
18097,Tornado,0,1,6
18097,Tropical Storm,0,1,6
18097,Snowstorm,0,1,6
18097,Coastal Storm,0,1,6
18097,Severe Ice Storm,0,1,6
18099,Severe Storm,0,0,0
18099,Fire,0,0,0
18099,Hurricane,0,0,0
18099,Winter Storm,0,0,0
18099,Flood,0,0,0
18099,Tornado,0,0,0
18099,Tropical Storm,0,0,0
18099,Snowstorm,0,0,0
18099,Coastal Storm,0,0,0
18099,Severe Ice Storm,0,0,0
18101,Severe Storm,0,0,0
18101,Fire,0,0,0
18101,Hurricane,0,0,0
18101,Winter Storm,0,0,0
18101,Flood,0,0,0
18101,Tornado,0,0,0
18101,Tropical Storm,0,0,0
18101,Snowstorm,0,0,0
18101,Coastal Storm,0,0,0
18101,Severe Ice Storm,0,0,0
18103,Severe Storm,0,0,0
18103,Fire,0,0,0
18103,Hurricane,0,0,0
18103,Winter Storm,0,0,0
18103,Flood,0,0,0
18103,Tornado,0,0,0
18103,Tropical Storm,0,0,0
18103,Snowstorm,0,0,0
18103,Coastal Storm,0,0,0
18103,Severe Ice Storm,0,0,0
18105,Severe Storm,1,0,0
18105,Fire,0,0,0
18105,Hurricane,0,0,0
18105,Winter Storm,0,0,0
18105,Flood,0,0,0
18105,Tornado,0,0,0
18105,Tropical Storm,0,0,0
18105,Snowstorm,0,0,0
18105,Coastal Storm,0,0,0
18105,Severe Ice Storm,0,0,0
18107,Severe Storm,0,0,0
18107,Fire,0,0,0
18107,Hurricane,0,0,0
18107,Winter Storm,0,0,0
18107,Flood,0,0,0
18107,Tornado,0,0,0
18107,Tropical Storm,0,0,0
18107,Snowstorm,0,0,0
18107,Coastal Storm,0,0,0
18107,Severe Ice Storm,0,0,0
18109,Severe Storm,1,1,1
18109,Fire,0,1,1
18109,Hurricane,0,1,1
18109,Winter Storm,0,1,1
18109,Flood,0,1,1
18109,Tornado,0,1,1
18109,Tropical Storm,0,1,1
18109,Snowstorm,0,1,1
18109,Coastal Storm,0,1,1
18109,Severe Ice Storm,0,1,1
18111,Severe Storm,0,0,0
18111,Fire,0,0,0
18111,Hurricane,0,0,0
18111,Winter Storm,0,0,0
18111,Flood,0,0,0
18111,Tornado,0,0,0
18111,Tropical Storm,0,0,0
18111,Snowstorm,0,0,0
18111,Coastal Storm,0,0,0
18111,Severe Ice Storm,0,0,0
18113,Severe Storm,0,0,0
18113,Fire,0,0,0
18113,Hurricane,0,0,0
18113,Winter Storm,0,0,0
18113,Flood,0,0,0
18113,Tornado,0,0,0
18113,Tropical Storm,0,0,0
18113,Snowstorm,0,0,0
18113,Coastal Storm,0,0,0
18113,Severe Ice Storm,0,0,0
18115,Severe Storm,0,0,0
18115,Fire,0,0,0
18115,Hurricane,0,0,0
18115,Winter Storm,0,0,0
18115,Flood,0,0,0
18115,Tornado,0,0,0
18115,Tropical Storm,0,0,0
18115,Snowstorm,0,0,0
18115,Coastal Storm,0,0,0
18115,Severe Ice Storm,0,0,0
18117,Severe Storm,0,0,0
18117,Fire,0,0,0
18117,Hurricane,0,0,0
18117,Winter Storm,0,0,0
18117,Flood,0,0,0
18117,Tornado,0,0,0
18117,Tropical Storm,0,0,0
18117,Snowstorm,0,0,0
18117,Coastal Storm,0,0,0
18117,Severe Ice Storm,0,0,0
18119,Severe Storm,1,0,0
18119,Fire,0,0,0
18119,Hurricane,0,0,0
18119,Winter Storm,0,0,0
18119,Flood,0,0,0
18119,Tornado,0,0,0
18119,Tropical Storm,0,0,0
18119,Snowstorm,0,0,0
18119,Coastal Storm,0,0,0
18119,Severe Ice Storm,0,0,0
18121,Severe Storm,0,0,0
18121,Fire,0,0,0
18121,Hurricane,0,0,0
18121,Winter Storm,0,0,0
18121,Flood,0,0,0
18121,Tornado,0,0,0
18121,Tropical Storm,0,0,0
18121,Snowstorm,0,0,0
18121,Coastal Storm,0,0,0
18121,Severe Ice Storm,0,0,0
18123,Severe Storm,0,0,0
18123,Fire,0,0,0
18123,Hurricane,0,0,0
18123,Winter Storm,0,0,0
18123,Flood,0,0,0
18123,Tornado,0,0,0
18123,Tropical Storm,0,0,0
18123,Snowstorm,0,0,0
18123,Coastal Storm,0,0,0
18123,Severe Ice Storm,0,0,0
18125,Severe Storm,0,0,0
18125,Fire,0,0,0
18125,Hurricane,0,0,0
18125,Winter Storm,0,0,0
18125,Flood,0,0,0
18125,Tornado,0,0,0
18125,Tropical Storm,0,0,0
18125,Snowstorm,0,0,0
18125,Coastal Storm,0,0,0
18125,Severe Ice Storm,0,0,0
18127,Severe Storm,0,1,7
18127,Fire,0,1,7
18127,Hurricane,0,1,7
18127,Winter Storm,0,1,7
18127,Flood,0,1,7
18127,Tornado,0,1,7
18127,Tropical Storm,0,1,7
18127,Snowstorm,0,1,7
18127,Coastal Storm,0,1,7
18127,Severe Ice Storm,0,1,7
18129,Severe Storm,0,0,0
18129,Fire,0,0,0
18129,Hurricane,0,0,0
18129,Winter Storm,0,0,0
18129,Flood,0,0,0
18129,Tornado,0,0,0
18129,Tropical Storm,0,0,0
18129,Snowstorm,0,0,0
18129,Coastal Storm,0,0,0
18129,Severe Ice Storm,0,0,0
18131,Severe Storm,0,0,0
18131,Fire,0,0,0
18131,Hurricane,0,0,0
18131,Winter Storm,0,0,0
18131,Flood,0,0,0
18131,Tornado,0,0,0
18131,Tropical Storm,0,0,0
18131,Snowstorm,0,0,0
18131,Coastal Storm,0,0,0
18131,Severe Ice Storm,0,0,0
18133,Severe Storm,0,0,0
18133,Fire,0,0,0
18133,Hurricane,0,0,0
18133,Winter Storm,0,0,0
18133,Flood,0,0,0
18133,Tornado,0,0,0
18133,Tropical Storm,0,0,0
18133,Snowstorm,0,0,0
18133,Coastal Storm,0,0,0
18133,Severe Ice Storm,0,0,0
18135,Severe Storm,0,0,0
18135,Fire,0,0,0
18135,Hurricane,0,0,0
18135,Winter Storm,0,0,0
18135,Flood,0,0,0
18135,Tornado,0,0,0
18135,Tropical Storm,0,0,0
18135,Snowstorm,0,0,0
18135,Coastal Storm,0,0,0
18135,Severe Ice Storm,0,0,0
18137,Severe Storm,0,1,1
18137,Fire,0,1,1
18137,Hurricane,0,1,1
18137,Winter Storm,0,1,1
18137,Flood,0,1,1
18137,Tornado,0,1,1
18137,Tropical Storm,0,1,1
18137,Snowstorm,0,1,1
18137,Coastal Storm,0,1,1
18137,Severe Ice Storm,0,1,1
18139,Severe Storm,0,1,1
18139,Fire,0,1,1
18139,Hurricane,0,1,1
18139,Winter Storm,0,1,1
18139,Flood,0,1,1
18139,Tornado,0,1,1
18139,Tropical Storm,0,1,1
18139,Snowstorm,0,1,1
18139,Coastal Storm,0,1,1
18139,Severe Ice Storm,0,1,1
18141,Severe Storm,0,1,2
18141,Fire,0,1,2
18141,Hurricane,0,1,2
18141,Winter Storm,0,1,2
18141,Flood,0,1,2
18141,Tornado,0,1,2
18141,Tropical Storm,0,1,2
18141,Snowstorm,0,1,2
18141,Coastal Storm,0,1,2
18141,Severe Ice Storm,0,1,2
18143,Severe Storm,0,0,0
18143,Fire,0,0,0
18143,Hurricane,0,0,0
18143,Winter Storm,0,0,0
18143,Flood,0,0,0
18143,Tornado,0,0,0
18143,Tropical Storm,0,0,0
18143,Snowstorm,0,0,0
18143,Coastal Storm,0,0,0
18143,Severe Ice Storm,0,0,0
18145,Severe Storm,0,1,1
18145,Fire,0,1,1
18145,Hurricane,0,1,1
18145,Winter Storm,0,1,1
18145,Flood,0,1,1
18145,Tornado,0,1,1
18145,Tropical Storm,0,1,1
18145,Snowstorm,0,1,1
18145,Coastal Storm,0,1,1
18145,Severe Ice Storm,0,1,1
18147,Severe Storm,0,0,0
18147,Fire,0,0,0
18147,Hurricane,0,0,0
18147,Winter Storm,0,0,0
18147,Flood,0,0,0
18147,Tornado,0,0,0
18147,Tropical Storm,0,0,0
18147,Snowstorm,0,0,0
18147,Coastal Storm,0,0,0
18147,Severe Ice Storm,0,0,0
18149,Severe Storm,0,0,0
18149,Fire,0,0,0
18149,Hurricane,0,0,0
18149,Winter Storm,0,0,0
18149,Flood,0,0,0
18149,Tornado,0,0,0
18149,Tropical Storm,0,0,0
18149,Snowstorm,0,0,0
18149,Coastal Storm,0,0,0
18149,Severe Ice Storm,0,0,0
18151,Severe Storm,0,0,0
18151,Fire,0,0,0
18151,Hurricane,0,0,0
18151,Winter Storm,0,0,0
18151,Flood,0,0,0
18151,Tornado,0,0,0
18151,Tropical Storm,0,0,0
18151,Snowstorm,0,0,0
18151,Coastal Storm,0,0,0
18151,Severe Ice Storm,0,0,0
18153,Severe Storm,1,0,0
18153,Fire,0,0,0
18153,Hurricane,0,0,0
18153,Winter Storm,0,0,0
18153,Flood,0,0,0
18153,Tornado,0,0,0
18153,Tropical Storm,0,0,0
18153,Snowstorm,0,0,0
18153,Coastal Storm,0,0,0
18153,Severe Ice Storm,0,0,0
18155,Severe Storm,0,0,0
18155,Fire,0,0,0
18155,Hurricane,0,0,0
18155,Winter Storm,0,0,0
18155,Flood,0,0,0
18155,Tornado,0,0,0
18155,Tropical Storm,0,0,0
18155,Snowstorm,0,0,0
18155,Coastal Storm,0,0,0
18155,Severe Ice Storm,0,0,0
18157,Severe Storm,0,1,1
18157,Fire,0,1,1
18157,Hurricane,0,1,1
18157,Winter Storm,0,1,1
18157,Flood,0,1,1
18157,Tornado,0,1,1
18157,Tropical Storm,0,1,1
18157,Snowstorm,0,1,1
18157,Coastal Storm,0,1,1
18157,Severe Ice Storm,0,1,1
18159,Severe Storm,0,0,0
18159,Fire,0,0,0
18159,Hurricane,0,0,0
18159,Winter Storm,0,0,0
18159,Flood,0,0,0
18159,Tornado,0,0,0
18159,Tropical Storm,0,0,0
18159,Snowstorm,0,0,0
18159,Coastal Storm,0,0,0
18159,Severe Ice Storm,0,0,0
18161,Severe Storm,0,0,0
18161,Fire,0,0,0
18161,Hurricane,0,0,0
18161,Winter Storm,0,0,0
18161,Flood,0,0,0
18161,Tornado,0,0,0
18161,Tropical Storm,0,0,0
18161,Snowstorm,0,0,0
18161,Coastal Storm,0,0,0
18161,Severe Ice Storm,0,0,0
18163,Severe Storm,0,0,0
18163,Fire,0,0,0
18163,Hurricane,0,0,0
18163,Winter Storm,0,0,0
18163,Flood,0,0,0
18163,Tornado,0,0,0
18163,Tropical Storm,0,0,0
18163,Snowstorm,0,0,0
18163,Coastal Storm,0,0,0
18163,Severe Ice Storm,0,0,0
18165,Severe Storm,0,0,0
18165,Fire,0,0,0
18165,Hurricane,0,0,0
18165,Winter Storm,0,0,0
18165,Flood,0,0,0
18165,Tornado,0,0,0
18165,Tropical Storm,0,0,0
18165,Snowstorm,0,0,0
18165,Coastal Storm,0,0,0
18165,Severe Ice Storm,0,0,0
18167,Severe Storm,0,0,0
18167,Fire,0,0,0
18167,Hurricane,0,0,0
18167,Winter Storm,0,0,0
18167,Flood,0,0,0
18167,Tornado,0,0,0
18167,Tropical Storm,0,0,0
18167,Snowstorm,0,0,0
18167,Coastal Storm,0,0,0
18167,Severe Ice Storm,0,0,0
18169,Severe Storm,0,0,0
18169,Fire,0,0,0
18169,Hurricane,0,0,0
18169,Winter Storm,0,0,0
18169,Flood,0,0,0
18169,Tornado,0,0,0
18169,Tropical Storm,0,0,0
18169,Snowstorm,0,0,0
18169,Coastal Storm,0,0,0
18169,Severe Ice Storm,0,0,0
18171,Severe Storm,0,0,0
18171,Fire,0,0,0
18171,Hurricane,0,0,0
18171,Winter Storm,0,0,0
18171,Flood,0,0,0
18171,Tornado,0,0,0
18171,Tropical Storm,0,0,0
18171,Snowstorm,0,0,0
18171,Coastal Storm,0,0,0
18171,Severe Ice Storm,0,0,0
18173,Severe Storm,0,0,0
18173,Fire,0,0,0
18173,Hurricane,0,0,0
18173,Winter Storm,0,0,0
18173,Flood,0,0,0
18173,Tornado,0,0,0
18173,Tropical Storm,0,0,0
18173,Snowstorm,0,0,0
18173,Coastal Storm,0,0,0
18173,Severe Ice Storm,0,0,0
18175,Severe Storm,0,0,0
18175,Fire,0,0,0
18175,Hurricane,0,0,0
18175,Winter Storm,0,0,0
18175,Flood,0,0,0
18175,Tornado,0,0,0
18175,Tropical Storm,0,0,0
18175,Snowstorm,0,0,0
18175,Coastal Storm,0,0,0
18175,Severe Ice Storm,0,0,0
18177,Severe Storm,0,0,0
18177,Fire,0,0,0
18177,Hurricane,0,0,0
18177,Winter Storm,0,0,0
18177,Flood,0,0,0
18177,Tornado,0,0,0
18177,Tropical Storm,0,0,0
18177,Snowstorm,0,0,0
18177,Coastal Storm,0,0,0
18177,Severe Ice Storm,0,0,0
18179,Severe Storm,0,0,0
18179,Fire,0,0,0
18179,Hurricane,0,0,0
18179,Winter Storm,0,0,0
18179,Flood,0,0,0
18179,Tornado,0,0,0
18179,Tropical Storm,0,0,0
18179,Snowstorm,0,0,0
18179,Coastal Storm,0,0,0
18179,Severe Ice Storm,0,0,0
18181,Severe Storm,1,0,0
18181,Fire,0,0,0
18181,Hurricane,0,0,0
18181,Winter Storm,0,0,0
18181,Flood,0,0,0
18181,Tornado,0,0,0
18181,Tropical Storm,0,0,0
18181,Snowstorm,0,0,0
18181,Coastal Storm,0,0,0
18181,Severe Ice Storm,0,0,0
18183,Severe Storm,0,0,0
18183,Fire,0,0,0
18183,Hurricane,0,0,0
18183,Winter Storm,0,0,0
18183,Flood,0,0,0
18183,Tornado,0,0,0
18183,Tropical Storm,0,0,0
18183,Snowstorm,0,0,0
18183,Coastal Storm,0,0,0
18183,Severe Ice Storm,0,0,0
19001,Severe Storm,1,1,1
19001,Fire,0,1,1
19001,Hurricane,0,1,1
19001,Winter Storm,0,1,1
19001,Flood,1,1,1
19001,Tornado,0,1,1
19001,Tropical Storm,0,1,1
19001,Snowstorm,0,1,1
19001,Coastal Storm,0,1,1
19001,Severe Ice Storm,0,1,1
19003,Severe Storm,1,0,0
19003,Fire,0,0,0
19003,Hurricane,0,0,0
19003,Winter Storm,0,0,0
19003,Flood,1,0,0
19003,Tornado,0,0,0
19003,Tropical Storm,0,0,0
19003,Snowstorm,0,0,0
19003,Coastal Storm,0,0,0
19003,Severe Ice Storm,0,0,0
19005,Severe Storm,0,0,0
19005,Fire,0,0,0
19005,Hurricane,0,0,0
19005,Winter Storm,0,0,0
19005,Flood,2,0,0
19005,Tornado,0,0,0
19005,Tropical Storm,0,0,0
19005,Snowstorm,0,0,0
19005,Coastal Storm,0,0,0
19005,Severe Ice Storm,0,0,0
19007,Severe Storm,1,0,0
19007,Fire,0,0,0
19007,Hurricane,0,0,0
19007,Winter Storm,0,0,0
19007,Flood,1,0,0
19007,Tornado,0,0,0
19007,Tropical Storm,0,0,0
19007,Snowstorm,0,0,0
19007,Coastal Storm,0,0,0
19007,Severe Ice Storm,0,0,0
19009,Severe Storm,1,0,0
19009,Fire,0,0,0
19009,Hurricane,0,0,0
19009,Winter Storm,0,0,0
19009,Flood,1,0,0
19009,Tornado,0,0,0
19009,Tropical Storm,0,0,0
19009,Snowstorm,0,0,0
19009,Coastal Storm,0,0,0
19009,Severe Ice Storm,0,0,0
19011,Severe Storm,1,1,2
19011,Fire,0,1,2
19011,Hurricane,0,1,2
19011,Winter Storm,0,1,2
19011,Flood,0,1,2
19011,Tornado,0,1,2
19011,Tropical Storm,0,1,2
19011,Snowstorm,0,1,2
19011,Coastal Storm,0,1,2
19011,Severe Ice Storm,0,1,2
19013,Severe Storm,0,0,0
19013,Fire,0,0,0
19013,Hurricane,0,0,0
19013,Winter Storm,0,0,0
19013,Flood,0,0,0
19013,Tornado,0,0,0
19013,Tropical Storm,0,0,0
19013,Snowstorm,0,0,0
19013,Coastal Storm,0,0,0
19013,Severe Ice Storm,0,0,0
19015,Severe Storm,1,0,0
19015,Fire,0,0,0
19015,Hurricane,0,0,0
19015,Winter Storm,0,0,0
19015,Flood,1,0,0
19015,Tornado,0,0,0
19015,Tropical Storm,0,0,0
19015,Snowstorm,0,0,0
19015,Coastal Storm,0,0,0
19015,Severe Ice Storm,0,0,0
19017,Severe Storm,0,0,0
19017,Fire,0,0,0
19017,Hurricane,0,0,0
19017,Winter Storm,0,0,0
19017,Flood,1,0,0
19017,Tornado,0,0,0
19017,Tropical Storm,0,0,0
19017,Snowstorm,0,0,0
19017,Coastal Storm,0,0,0
19017,Severe Ice Storm,0,0,0
19019,Severe Storm,0,0,0
19019,Fire,0,0,0
19019,Hurricane,0,0,0
19019,Winter Storm,0,0,0
19019,Flood,1,0,0
19019,Tornado,0,0,0
19019,Tropical Storm,0,0,0
19019,Snowstorm,0,0,0
19019,Coastal Storm,0,0,0
19019,Severe Ice Storm,0,0,0
19021,Severe Storm,3,0,0
19021,Fire,0,0,0
19021,Hurricane,0,0,0
19021,Winter Storm,0,0,0
19021,Flood,1,0,0
19021,Tornado,0,0,0
19021,Tropical Storm,0,0,0
19021,Snowstorm,0,0,0
19021,Coastal Storm,0,0,0
19021,Severe Ice Storm,0,0,0
19023,Severe Storm,1,0,0
19023,Fire,0,0,0
19023,Hurricane,0,0,0
19023,Winter Storm,0,0,0
19023,Flood,1,0,0
19023,Tornado,0,0,0
19023,Tropical Storm,0,0,0
19023,Snowstorm,0,0,0
19023,Coastal Storm,0,0,0
19023,Severe Ice Storm,0,0,0
19025,Severe Storm,2,0,0
19025,Fire,0,0,0
19025,Hurricane,0,0,0
19025,Winter Storm,0,0,0
19025,Flood,1,0,0
19025,Tornado,0,0,0
19025,Tropical Storm,0,0,0
19025,Snowstorm,0,0,0
19025,Coastal Storm,0,0,0
19025,Severe Ice Storm,0,0,0
19027,Severe Storm,0,0,0
19027,Fire,0,0,0
19027,Hurricane,0,0,0
19027,Winter Storm,0,0,0
19027,Flood,1,0,0
19027,Tornado,0,0,0
19027,Tropical Storm,0,0,0
19027,Snowstorm,0,0,0
19027,Coastal Storm,0,0,0
19027,Severe Ice Storm,0,0,0
19029,Severe Storm,1,0,0
19029,Fire,0,0,0
19029,Hurricane,0,0,0
19029,Winter Storm,0,0,0
19029,Flood,1,0,0
19029,Tornado,0,0,0
19029,Tropical Storm,0,0,0
19029,Snowstorm,0,0,0
19029,Coastal Storm,0,0,0
19029,Severe Ice Storm,0,0,0
19031,Severe Storm,2,0,0
19031,Fire,0,0,0
19031,Hurricane,0,0,0
19031,Winter Storm,0,0,0
19031,Flood,0,0,0
19031,Tornado,0,0,0
19031,Tropical Storm,0,0,0
19031,Snowstorm,0,0,0
19031,Coastal Storm,0,0,0
19031,Severe Ice Storm,0,0,0
19033,Severe Storm,0,0,0
19033,Fire,0,0,0
19033,Hurricane,0,0,0
19033,Winter Storm,0,0,0
19033,Flood,0,0,0
19033,Tornado,0,0,0
19033,Tropical Storm,0,0,0
19033,Snowstorm,0,0,0
19033,Coastal Storm,0,0,0
19033,Severe Ice Storm,0,0,0
19035,Severe Storm,3,0,0
19035,Fire,0,0,0
19035,Hurricane,0,0,0
19035,Winter Storm,0,0,0
19035,Flood,1,0,0
19035,Tornado,0,0,0
19035,Tropical Storm,0,0,0
19035,Snowstorm,0,0,0
19035,Coastal Storm,0,0,0
19035,Severe Ice Storm,0,0,0
19037,Severe Storm,0,0,0
19037,Fire,0,0,0
19037,Hurricane,0,0,0
19037,Winter Storm,0,0,0
19037,Flood,0,0,0
19037,Tornado,0,0,0
19037,Tropical Storm,0,0,0
19037,Snowstorm,0,0,0
19037,Coastal Storm,0,0,0
19037,Severe Ice Storm,0,0,0
19039,Severe Storm,0,0,0
19039,Fire,0,0,0
19039,Hurricane,0,0,0
19039,Winter Storm,0,0,0
19039,Flood,0,0,0
19039,Tornado,1,0,0
19039,Tropical Storm,0,0,0
19039,Snowstorm,0,0,0
19039,Coastal Storm,0,0,0
19039,Severe Ice Storm,0,0,0
19041,Severe Storm,2,0,0
19041,Fire,0,0,0
19041,Hurricane,0,0,0
19041,Winter Storm,0,0,0
19041,Flood,1,0,0
19041,Tornado,0,0,0
19041,Tropical Storm,0,0,0
19041,Snowstorm,0,0,0
19041,Coastal Storm,0,0,0
19041,Severe Ice Storm,0,0,0
19043,Severe Storm,0,0,0
19043,Fire,0,0,0
19043,Hurricane,0,0,0
19043,Winter Storm,0,0,0
19043,Flood,2,0,0
19043,Tornado,0,0,0
19043,Tropical Storm,0,0,0
19043,Snowstorm,0,0,0
19043,Coastal Storm,0,0,0
19043,Severe Ice Storm,0,0,0
19045,Severe Storm,1,0,0
19045,Fire,0,0,0
19045,Hurricane,0,0,0
19045,Winter Storm,0,0,0
19045,Flood,1,0,0
19045,Tornado,0,0,0
19045,Tropical Storm,0,0,0
19045,Snowstorm,0,0,0
19045,Coastal Storm,0,0,0
19045,Severe Ice Storm,0,0,0
19047,Severe Storm,0,0,0
19047,Fire,0,0,0
19047,Hurricane,0,0,0
19047,Winter Storm,0,0,0
19047,Flood,1,0,0
19047,Tornado,1,0,0
19047,Tropical Storm,0,0,0
19047,Snowstorm,0,0,0
19047,Coastal Storm,0,0,0
19047,Severe Ice Storm,0,0,0
19049,Severe Storm,2,1,4
19049,Fire,0,1,4
19049,Hurricane,0,1,4
19049,Winter Storm,0,1,4
19049,Flood,1,1,4
19049,Tornado,0,1,4
19049,Tropical Storm,0,1,4
19049,Snowstorm,0,1,4
19049,Coastal Storm,0,1,4
19049,Severe Ice Storm,0,1,4
19051,Severe Storm,1,0,0
19051,Fire,0,0,0
19051,Hurricane,0,0,0
19051,Winter Storm,0,0,0
19051,Flood,1,0,0
19051,Tornado,0,0,0
19051,Tropical Storm,0,0,0
19051,Snowstorm,0,0,0
19051,Coastal Storm,0,0,0
19051,Severe Ice Storm,0,0,0
19053,Severe Storm,0,0,0
19053,Fire,0,0,0
19053,Hurricane,0,0,0
19053,Winter Storm,0,0,0
19053,Flood,1,0,0
19053,Tornado,0,0,0
19053,Tropical Storm,0,0,0
19053,Snowstorm,0,0,0
19053,Coastal Storm,0,0,0
19053,Severe Ice Storm,0,0,0
19055,Severe Storm,0,0,0
19055,Fire,0,0,0
19055,Hurricane,0,0,0
19055,Winter Storm,0,0,0
19055,Flood,0,0,0
19055,Tornado,0,0,0
19055,Tropical Storm,0,0,0
19055,Snowstorm,0,0,0
19055,Coastal Storm,0,0,0
19055,Severe Ice Storm,0,0,0
19057,Severe Storm,1,0,0
19057,Fire,0,0,0
19057,Hurricane,0,0,0
19057,Winter Storm,0,0,0
19057,Flood,2,0,0
19057,Tornado,0,0,0
19057,Tropical Storm,0,0,0
19057,Snowstorm,0,0,0
19057,Coastal Storm,0,0,0
19057,Severe Ice Storm,0,0,0
19059,Severe Storm,1,0,0
19059,Fire,0,0,0
19059,Hurricane,0,0,0
19059,Winter Storm,0,0,0
19059,Flood,1,0,0
19059,Tornado,0,0,0
19059,Tropical Storm,0,0,0
19059,Snowstorm,0,0,0
19059,Coastal Storm,0,0,0
19059,Severe Ice Storm,0,0,0
19061,Severe Storm,1,1,1
19061,Fire,0,1,1
19061,Hurricane,0,1,1
19061,Winter Storm,0,1,1
19061,Flood,1,1,1
19061,Tornado,0,1,1
19061,Tropical Storm,0,1,1
19061,Snowstorm,0,1,1
19061,Coastal Storm,0,1,1
19061,Severe Ice Storm,0,1,1
19063,Severe Storm,2,0,0
19063,Fire,0,0,0
19063,Hurricane,0,0,0
19063,Winter Storm,0,0,0
19063,Flood,1,0,0
19063,Tornado,0,0,0
19063,Tropical Storm,0,0,0
19063,Snowstorm,0,0,0
19063,Coastal Storm,0,0,0
19063,Severe Ice Storm,0,0,0
19065,Severe Storm,0,0,0
19065,Fire,0,0,0
19065,Hurricane,0,0,0
19065,Winter Storm,0,0,0
19065,Flood,1,0,0
19065,Tornado,0,0,0
19065,Tropical Storm,0,0,0
19065,Snowstorm,0,0,0
19065,Coastal Storm,0,0,0
19065,Severe Ice Storm,0,0,0
19067,Severe Storm,2,0,0
19067,Fire,0,0,0
19067,Hurricane,0,0,0
19067,Winter Storm,0,0,0
19067,Flood,1,0,0
19067,Tornado,0,0,0
19067,Tropical Storm,0,0,0
19067,Snowstorm,0,0,0
19067,Coastal Storm,0,0,0
19067,Severe Ice Storm,0,0,0
19069,Severe Storm,2,0,0
19069,Fire,0,0,0
19069,Hurricane,0,0,0
19069,Winter Storm,0,0,0
19069,Flood,1,0,0
19069,Tornado,0,0,0
19069,Tropical Storm,0,0,0
19069,Snowstorm,0,0,0
19069,Coastal Storm,0,0,0
19069,Severe Ice Storm,0,0,0
19071,Severe Storm,0,0,0
19071,Fire,0,0,0
19071,Hurricane,0,0,0
19071,Winter Storm,0,0,0
19071,Flood,1,0,0
19071,Tornado,0,0,0
19071,Tropical Storm,0,0,0
19071,Snowstorm,0,0,0
19071,Coastal Storm,0,0,0
19071,Severe Ice Storm,0,0,0
19073,Severe Storm,2,0,0
19073,Fire,0,0,0
19073,Hurricane,0,0,0
19073,Winter Storm,0,0,0
19073,Flood,1,0,0
19073,Tornado,0,0,0
19073,Tropical Storm,0,0,0
19073,Snowstorm,0,0,0
19073,Coastal Storm,0,0,0
19073,Severe Ice Storm,0,0,0
19075,Severe Storm,1,0,0
19075,Fire,0,0,0
19075,Hurricane,0,0,0
19075,Winter Storm,0,0,0
19075,Flood,0,0,0
19075,Tornado,0,0,0
19075,Tropical Storm,0,0,0
19075,Snowstorm,0,0,0
19075,Coastal Storm,0,0,0
19075,Severe Ice Storm,0,0,0
19077,Severe Storm,2,1,1
19077,Fire,0,1,1
19077,Hurricane,0,1,1
19077,Winter Storm,0,1,1
19077,Flood,1,1,1
19077,Tornado,0,1,1
19077,Tropical Storm,0,1,1
19077,Snowstorm,0,1,1
19077,Coastal Storm,0,1,1
19077,Severe Ice Storm,0,1,1
19079,Severe Storm,2,0,0
19079,Fire,0,0,0
19079,Hurricane,0,0,0
19079,Winter Storm,0,0,0
19079,Flood,1,0,0
19079,Tornado,0,0,0
19079,Tropical Storm,0,0,0
19079,Snowstorm,0,0,0
19079,Coastal Storm,0,0,0
19079,Severe Ice Storm,0,0,0
19081,Severe Storm,2,0,0
19081,Fire,0,0,0
19081,Hurricane,0,0,0
19081,Winter Storm,0,0,0
19081,Flood,1,0,0
19081,Tornado,0,0,0
19081,Tropical Storm,0,0,0
19081,Snowstorm,0,0,0
19081,Coastal Storm,0,0,0
19081,Severe Ice Storm,0,0,0
19083,Severe Storm,1,0,0
19083,Fire,0,0,0
19083,Hurricane,0,0,0
19083,Winter Storm,0,0,0
19083,Flood,1,0,0
19083,Tornado,0,0,0
19083,Tropical Storm,0,0,0
19083,Snowstorm,0,0,0
19083,Coastal Storm,0,0,0
19083,Severe Ice Storm,0,0,0
19085,Severe Storm,2,0,0
19085,Fire,0,0,0
19085,Hurricane,0,0,0
19085,Winter Storm,0,0,0
19085,Flood,1,0,0
19085,Tornado,1,0,0
19085,Tropical Storm,0,0,0
19085,Snowstorm,0,0,0
19085,Coastal Storm,0,0,0
19085,Severe Ice Storm,0,0,0
19087,Severe Storm,0,0,0
19087,Fire,0,0,0
19087,Hurricane,0,0,0
19087,Winter Storm,0,0,0
19087,Flood,1,0,0
19087,Tornado,0,0,0
19087,Tropical Storm,0,0,0
19087,Snowstorm,0,0,0
19087,Coastal Storm,0,0,0
19087,Severe Ice Storm,0,0,0
19089,Severe Storm,2,0,0
19089,Fire,0,0,0
19089,Hurricane,0,0,0
19089,Winter Storm,0,0,0
19089,Flood,1,0,0
19089,Tornado,0,0,0
19089,Tropical Storm,0,0,0
19089,Snowstorm,0,0,0
19089,Coastal Storm,0,0,0
19089,Severe Ice Storm,0,0,0
19091,Severe Storm,3,0,0
19091,Fire,0,0,0
19091,Hurricane,0,0,0
19091,Winter Storm,0,0,0
19091,Flood,1,0,0
19091,Tornado,0,0,0
19091,Tropical Storm,0,0,0
19091,Snowstorm,0,0,0
19091,Coastal Storm,0,0,0
19091,Severe Ice Storm,0,0,0
19093,Severe Storm,0,0,0
19093,Fire,0,0,0
19093,Hurricane,0,0,0
19093,Winter Storm,0,0,0
19093,Flood,1,0,0
19093,Tornado,0,0,0
19093,Tropical Storm,0,0,0
19093,Snowstorm,0,0,0
19093,Coastal Storm,0,0,0
19093,Severe Ice Storm,0,0,0
19095,Severe Storm,2,0,0
19095,Fire,0,0,0
19095,Hurricane,0,0,0
19095,Winter Storm,0,0,0
19095,Flood,1,0,0
19095,Tornado,0,0,0
19095,Tropical Storm,0,0,0
19095,Snowstorm,0,0,0
19095,Coastal Storm,0,0,0
19095,Severe Ice Storm,0,0,0
19097,Severe Storm,3,0,0
19097,Fire,0,0,0
19097,Hurricane,0,0,0
19097,Winter Storm,0,0,0
19097,Flood,2,0,0
19097,Tornado,0,0,0
19097,Tropical Storm,0,0,0
19097,Snowstorm,0,0,0
19097,Coastal Storm,0,0,0
19097,Severe Ice Storm,0,0,0
19099,Severe Storm,2,0,0
19099,Fire,0,0,0
19099,Hurricane,0,0,0
19099,Winter Storm,0,0,0
19099,Flood,1,0,0
19099,Tornado,0,0,0
19099,Tropical Storm,0,0,0
19099,Snowstorm,0,0,0
19099,Coastal Storm,0,0,0
19099,Severe Ice Storm,0,0,0
19101,Severe Storm,0,0,0
19101,Fire,0,0,0
19101,Hurricane,0,0,0
19101,Winter Storm,0,0,0
19101,Flood,0,0,0
19101,Tornado,0,0,0
19101,Tropical Storm,0,0,0
19101,Snowstorm,0,0,0
19101,Coastal Storm,0,0,0
19101,Severe Ice Storm,0,0,0
19103,Severe Storm,1,1,2
19103,Fire,0,1,2
19103,Hurricane,0,1,2
19103,Winter Storm,0,1,2
19103,Flood,0,1,2
19103,Tornado,0,1,2
19103,Tropical Storm,0,1,2
19103,Snowstorm,0,1,2
19103,Coastal Storm,0,1,2
19103,Severe Ice Storm,0,1,2
19105,Severe Storm,1,0,0
19105,Fire,0,0,0
19105,Hurricane,0,0,0
19105,Winter Storm,0,0,0
19105,Flood,1,0,0
19105,Tornado,0,0,0
19105,Tropical Storm,0,0,0
19105,Snowstorm,0,0,0
19105,Coastal Storm,0,0,0
19105,Severe Ice Storm,0,0,0
19107,Severe Storm,0,0,0
19107,Fire,0,0,0
19107,Hurricane,0,0,0
19107,Winter Storm,0,0,0
19107,Flood,1,0,0
19107,Tornado,0,0,0
19107,Tropical Storm,0,0,0
19107,Snowstorm,0,0,0
19107,Coastal Storm,0,0,0
19107,Severe Ice Storm,0,0,0
19109,Severe Storm,2,0,0
19109,Fire,0,0,0
19109,Hurricane,0,0,0
19109,Winter Storm,0,0,0
19109,Flood,1,0,0
19109,Tornado,0,0,0
19109,Tropical Storm,0,0,0
19109,Snowstorm,0,0,0
19109,Coastal Storm,0,0,0
19109,Severe Ice Storm,0,0,0
19111,Severe Storm,0,0,0
19111,Fire,0,0,0
19111,Hurricane,0,0,0
19111,Winter Storm,0,0,0
19111,Flood,2,0,0
19111,Tornado,0,0,0
19111,Tropical Storm,0,0,0
19111,Snowstorm,0,0,0
19111,Coastal Storm,0,0,0
19111,Severe Ice Storm,0,0,0
19113,Severe Storm,1,1,2
19113,Fire,0,1,2
19113,Hurricane,0,1,2
19113,Winter Storm,0,1,2
19113,Flood,0,1,2
19113,Tornado,0,1,2
19113,Tropical Storm,0,1,2
19113,Snowstorm,0,1,2
19113,Coastal Storm,0,1,2
19113,Severe Ice Storm,0,1,2
19115,Severe Storm,0,0,0
19115,Fire,0,0,0
19115,Hurricane,0,0,0
19115,Winter Storm,0,0,0
19115,Flood,1,0,0
19115,Tornado,0,0,0
19115,Tropical Storm,0,0,0
19115,Snowstorm,0,0,0
19115,Coastal Storm,0,0,0
19115,Severe Ice Storm,0,0,0
19117,Severe Storm,0,0,0
19117,Fire,0,0,0
19117,Hurricane,0,0,0
19117,Winter Storm,0,0,0
19117,Flood,1,0,0
19117,Tornado,0,0,0
19117,Tropical Storm,0,0,0
19117,Snowstorm,0,0,0
19117,Coastal Storm,0,0,0
19117,Severe Ice Storm,0,0,0
19119,Severe Storm,1,0,0
19119,Fire,0,0,0
19119,Hurricane,0,0,0
19119,Winter Storm,0,0,0
19119,Flood,1,0,0
19119,Tornado,0,0,0
19119,Tropical Storm,0,0,0
19119,Snowstorm,0,0,0
19119,Coastal Storm,0,0,0
19119,Severe Ice Storm,0,0,0
19121,Severe Storm,0,1,1
19121,Fire,0,1,1
19121,Hurricane,0,1,1
19121,Winter Storm,0,1,1
19121,Flood,1,1,1
19121,Tornado,0,1,1
19121,Tropical Storm,0,1,1
19121,Snowstorm,0,1,1
19121,Coastal Storm,0,1,1
19121,Severe Ice Storm,0,1,1
19123,Severe Storm,0,0,0
19123,Fire,0,0,0
19123,Hurricane,0,0,0
19123,Winter Storm,0,0,0
19123,Flood,1,0,0
19123,Tornado,0,0,0
19123,Tropical Storm,0,0,0
19123,Snowstorm,0,0,0
19123,Coastal Storm,0,0,0
19123,Severe Ice Storm,0,0,0
19125,Severe Storm,0,1,1
19125,Fire,0,1,1
19125,Hurricane,0,1,1
19125,Winter Storm,0,1,1
19125,Flood,0,1,1
19125,Tornado,0,1,1
19125,Tropical Storm,0,1,1
19125,Snowstorm,0,1,1
19125,Coastal Storm,0,1,1
19125,Severe Ice Storm,0,1,1
19127,Severe Storm,2,0,0
19127,Fire,0,0,0
19127,Hurricane,0,0,0
19127,Winter Storm,0,0,0
19127,Flood,1,0,0
19127,Tornado,0,0,0
19127,Tropical Storm,0,0,0
19127,Snowstorm,0,0,0
19127,Coastal Storm,0,0,0
19127,Severe Ice Storm,0,0,0
19129,Severe Storm,1,1,1
19129,Fire,0,1,1
19129,Hurricane,0,1,1
19129,Winter Storm,0,1,1
19129,Flood,1,1,1
19129,Tornado,1,1,1
19129,Tropical Storm,0,1,1
19129,Snowstorm,0,1,1
19129,Coastal Storm,0,1,1
19129,Severe Ice Storm,0,1,1
19131,Severe Storm,3,0,0
19131,Fire,0,0,0
19131,Hurricane,0,0,0
19131,Winter Storm,0,0,0
19131,Flood,1,0,0
19131,Tornado,0,0,0
19131,Tropical Storm,0,0,0
19131,Snowstorm,0,0,0
19131,Coastal Storm,0,0,0
19131,Severe Ice Storm,0,0,0
19133,Severe Storm,1,0,0
19133,Fire,0,0,0
19133,Hurricane,0,0,0
19133,Winter Storm,0,0,0
19133,Flood,1,0,0
19133,Tornado,0,0,0
19133,Tropical Storm,0,0,0
19133,Snowstorm,0,0,0
19133,Coastal Storm,0,0,0
19133,Severe Ice Storm,0,0,0
19135,Severe Storm,0,0,0
19135,Fire,0,0,0
19135,Hurricane,0,0,0
19135,Winter Storm,0,0,0
19135,Flood,1,0,0
19135,Tornado,0,0,0
19135,Tropical Storm,0,0,0
19135,Snowstorm,0,0,0
19135,Coastal Storm,0,0,0
19135,Severe Ice Storm,0,0,0
19137,Severe Storm,1,0,0
19137,Fire,0,0,0
19137,Hurricane,0,0,0
19137,Winter Storm,0,0,0
19137,Flood,1,0,0
19137,Tornado,0,0,0
19137,Tropical Storm,0,0,0
19137,Snowstorm,0,0,0
19137,Coastal Storm,0,0,0
19137,Severe Ice Storm,0,0,0
19139,Severe Storm,2,0,0
19139,Fire,0,0,0
19139,Hurricane,0,0,0
19139,Winter Storm,0,0,0
19139,Flood,1,0,0
19139,Tornado,0,0,0
19139,Tropical Storm,0,0,0
19139,Snowstorm,0,0,0
19139,Coastal Storm,0,0,0
19139,Severe Ice Storm,0,0,0
19141,Severe Storm,1,0,0
19141,Fire,0,0,0
19141,Hurricane,0,0,0
19141,Winter Storm,0,0,0
19141,Flood,1,0,0
19141,Tornado,0,0,0
19141,Tropical Storm,0,0,0
19141,Snowstorm,0,0,0
19141,Coastal Storm,0,0,0
19141,Severe Ice Storm,0,0,0
19143,Severe Storm,1,0,0
19143,Fire,0,0,0
19143,Hurricane,0,0,0
19143,Winter Storm,0,0,0
19143,Flood,1,0,0
19143,Tornado,0,0,0
19143,Tropical Storm,0,0,0
19143,Snowstorm,0,0,0
19143,Coastal Storm,0,0,0
19143,Severe Ice Storm,0,0,0
19145,Severe Storm,0,0,0
19145,Fire,0,0,0
19145,Hurricane,0,0,0
19145,Winter Storm,0,0,0
19145,Flood,1,0,0
19145,Tornado,0,0,0
19145,Tropical Storm,0,0,0
19145,Snowstorm,0,0,0
19145,Coastal Storm,0,0,0
19145,Severe Ice Storm,0,0,0
19147,Severe Storm,2,0,0
19147,Fire,0,0,0
19147,Hurricane,0,0,0
19147,Winter Storm,0,0,0
19147,Flood,1,0,0
19147,Tornado,0,0,0
19147,Tropical Storm,0,0,0
19147,Snowstorm,0,0,0
19147,Coastal Storm,0,0,0
19147,Severe Ice Storm,0,0,0
19149,Severe Storm,1,0,0
19149,Fire,0,0,0
19149,Hurricane,0,0,0
19149,Winter Storm,0,0,0
19149,Flood,1,0,0
19149,Tornado,0,0,0
19149,Tropical Storm,0,0,0
19149,Snowstorm,0,0,0
19149,Coastal Storm,0,0,0
19149,Severe Ice Storm,0,0,0
19151,Severe Storm,2,0,0
19151,Fire,0,0,0
19151,Hurricane,0,0,0
19151,Winter Storm,0,0,0
19151,Flood,1,0,0
19151,Tornado,0,0,0
19151,Tropical Storm,0,0,0
19151,Snowstorm,0,0,0
19151,Coastal Storm,0,0,0
19151,Severe Ice Storm,0,0,0
19153,Severe Storm,2,1,7
19153,Fire,0,1,7
19153,Hurricane,0,1,7
19153,Winter Storm,0,1,7
19153,Flood,1,1,7
19153,Tornado,1,1,7
19153,Tropical Storm,0,1,7
19153,Snowstorm,0,1,7
19153,Coastal Storm,0,1,7
19153,Severe Ice Storm,0,1,7
19155,Severe Storm,2,1,2
19155,Fire,0,1,2
19155,Hurricane,0,1,2
19155,Winter Storm,0,1,2
19155,Flood,1,1,2
19155,Tornado,1,1,2
19155,Tropical Storm,0,1,2
19155,Snowstorm,0,1,2
19155,Coastal Storm,0,1,2
19155,Severe Ice Storm,0,1,2
19157,Severe Storm,2,0,0
19157,Fire,0,0,0
19157,Hurricane,0,0,0
19157,Winter Storm,0,0,0
19157,Flood,0,0,0
19157,Tornado,0,0,0
19157,Tropical Storm,0,0,0
19157,Snowstorm,0,0,0
19157,Coastal Storm,0,0,0
19157,Severe Ice Storm,0,0,0
19159,Severe Storm,0,0,0
19159,Fire,0,0,0
19159,Hurricane,0,0,0
19159,Winter Storm,0,0,0
19159,Flood,1,0,0
19159,Tornado,1,0,0
19159,Tropical Storm,0,0,0
19159,Snowstorm,0,0,0
19159,Coastal Storm,0,0,0
19159,Severe Ice Storm,0,0,0
19161,Severe Storm,1,0,0
19161,Fire,0,0,0
19161,Hurricane,0,0,0
19161,Winter Storm,0,0,0
19161,Flood,1,0,0
19161,Tornado,0,0,0
19161,Tropical Storm,0,0,0
19161,Snowstorm,0,0,0
19161,Coastal Storm,0,0,0
19161,Severe Ice Storm,0,0,0
19163,Severe Storm,2,0,0
19163,Fire,0,0,0
19163,Hurricane,0,0,0
19163,Winter Storm,0,0,0
19163,Flood,2,0,0
19163,Tornado,0,0,0
19163,Tropical Storm,0,0,0
19163,Snowstorm,0,0,0
19163,Coastal Storm,0,0,0
19163,Severe Ice Storm,0,0,0
19165,Severe Storm,1,0,0
19165,Fire,0,0,0
19165,Hurricane,0,0,0
19165,Winter Storm,0,0,0
19165,Flood,1,0,0
19165,Tornado,1,0,0
19165,Tropical Storm,0,0,0
19165,Snowstorm,0,0,0
19165,Coastal Storm,0,0,0
19165,Severe Ice Storm,0,0,0
19167,Severe Storm,1,0,0
19167,Fire,0,0,0
19167,Hurricane,0,0,0
19167,Winter Storm,0,0,0
19167,Flood,1,0,0
19167,Tornado,0,0,0
19167,Tropical Storm,0,0,0
19167,Snowstorm,0,0,0
19167,Coastal Storm,0,0,0
19167,Severe Ice Storm,0,0,0
19169,Severe Storm,2,0,0
19169,Fire,0,0,0
19169,Hurricane,0,0,0
19169,Winter Storm,0,0,0
19169,Flood,0,0,0
19169,Tornado,0,0,0
19169,Tropical Storm,0,0,0
19169,Snowstorm,0,0,0
19169,Coastal Storm,0,0,0
19169,Severe Ice Storm,0,0,0
19171,Severe Storm,2,0,0
19171,Fire,0,0,0
19171,Hurricane,0,0,0
19171,Winter Storm,0,0,0
19171,Flood,1,0,0
19171,Tornado,0,0,0
19171,Tropical Storm,0,0,0
19171,Snowstorm,0,0,0
19171,Coastal Storm,0,0,0
19171,Severe Ice Storm,0,0,0
19173,Severe Storm,0,0,0
19173,Fire,0,0,0
19173,Hurricane,0,0,0
19173,Winter Storm,0,0,0
19173,Flood,0,0,0
19173,Tornado,0,0,0
19173,Tropical Storm,0,0,0
19173,Snowstorm,0,0,0
19173,Coastal Storm,0,0,0
19173,Severe Ice Storm,0,0,0
19175,Severe Storm,0,0,0
19175,Fire,0,0,0
19175,Hurricane,0,0,0
19175,Winter Storm,0,0,0
19175,Flood,1,0,0
19175,Tornado,1,0,0
19175,Tropical Storm,0,0,0
19175,Snowstorm,0,0,0
19175,Coastal Storm,0,0,0
19175,Severe Ice Storm,0,0,0
19177,Severe Storm,1,0,0
19177,Fire,0,0,0
19177,Hurricane,0,0,0
19177,Winter Storm,0,0,0
19177,Flood,0,0,0
19177,Tornado,0,0,0
19177,Tropical Storm,0,0,0
19177,Snowstorm,0,0,0
19177,Coastal Storm,0,0,0
19177,Severe Ice Storm,0,0,0
19179,Severe Storm,0,0,0
19179,Fire,0,0,0
19179,Hurricane,0,0,0
19179,Winter Storm,0,0,0
19179,Flood,1,0,0
19179,Tornado,0,0,0
19179,Tropical Storm,0,0,0
19179,Snowstorm,0,0,0
19179,Coastal Storm,0,0,0
19179,Severe Ice Storm,0,0,0
19181,Severe Storm,0,1,4
19181,Fire,0,1,4
19181,Hurricane,0,1,4
19181,Winter Storm,0,1,4
19181,Flood,0,1,4
19181,Tornado,0,1,4
19181,Tropical Storm,0,1,4
19181,Snowstorm,0,1,4
19181,Coastal Storm,0,1,4
19181,Severe Ice Storm,0,1,4
19183,Severe Storm,1,0,0
19183,Fire,0,0,0
19183,Hurricane,0,0,0
19183,Winter Storm,0,0,0
19183,Flood,0,0,0
19183,Tornado,0,0,0
19183,Tropical Storm,0,0,0
19183,Snowstorm,0,0,0
19183,Coastal Storm,0,0,0
19183,Severe Ice Storm,0,0,0
19185,Severe Storm,0,0,0
19185,Fire,0,0,0
19185,Hurricane,0,0,0
19185,Winter Storm,0,0,0
19185,Flood,1,0,0
19185,Tornado,0,0,0
19185,Tropical Storm,0,0,0
19185,Snowstorm,0,0,0
19185,Coastal Storm,0,0,0
19185,Severe Ice Storm,0,0,0
19187,Severe Storm,1,0,0
19187,Fire,0,0,0
19187,Hurricane,0,0,0
19187,Winter Storm,0,0,0
19187,Flood,1,0,0
19187,Tornado,0,0,0
19187,Tropical Storm,0,0,0
19187,Snowstorm,0,0,0
19187,Coastal Storm,0,0,0
19187,Severe Ice Storm,0,0,0
19189,Severe Storm,1,0,0
19189,Fire,0,0,0
19189,Hurricane,0,0,0
19189,Winter Storm,0,0,0
19189,Flood,1,0,0
19189,Tornado,0,0,0
19189,Tropical Storm,0,0,0
19189,Snowstorm,0,0,0
19189,Coastal Storm,0,0,0
19189,Severe Ice Storm,0,0,0
19191,Severe Storm,1,0,0
19191,Fire,0,0,0
19191,Hurricane,0,0,0
19191,Winter Storm,0,0,0
19191,Flood,1,0,0
19191,Tornado,0,0,0
19191,Tropical Storm,0,0,0
19191,Snowstorm,0,0,0
19191,Coastal Storm,0,0,0
19191,Severe Ice Storm,0,0,0
19193,Severe Storm,1,0,0
19193,Fire,0,0,0
19193,Hurricane,0,0,0
19193,Winter Storm,0,0,0
19193,Flood,1,0,0
19193,Tornado,0,0,0
19193,Tropical Storm,0,0,0
19193,Snowstorm,0,0,0
19193,Coastal Storm,0,0,0
19193,Severe Ice Storm,0,0,0
19195,Severe Storm,2,0,0
19195,Fire,0,0,0
19195,Hurricane,0,0,0
19195,Winter Storm,0,0,0
19195,Flood,1,0,0
19195,Tornado,0,0,0
19195,Tropical Storm,0,0,0
19195,Snowstorm,0,0,0
19195,Coastal Storm,0,0,0
19195,Severe Ice Storm,0,0,0
19197,Severe Storm,3,0,0
19197,Fire,0,0,0
19197,Hurricane,0,0,0
19197,Winter Storm,0,0,0
19197,Flood,1,0,0
19197,Tornado,0,0,0
19197,Tropical Storm,0,0,0
19197,Snowstorm,0,0,0
19197,Coastal Storm,0,0,0
19197,Severe Ice Storm,0,0,0
20001,Severe Storm,4,0,0
20001,Fire,0,0,0
20001,Hurricane,0,0,0
20001,Winter Storm,0,0,0
20001,Flood,0,0,0
20001,Tornado,0,0,0
20001,Tropical Storm,0,0,0
20001,Snowstorm,0,0,0
20001,Coastal Storm,0,0,0
20001,Severe Ice Storm,0,0,0
20003,Severe Storm,4,0,0
20003,Fire,0,0,0
20003,Hurricane,0,0,0
20003,Winter Storm,0,0,0
20003,Flood,0,0,0
20003,Tornado,0,0,0
20003,Tropical Storm,0,0,0
20003,Snowstorm,0,0,0
20003,Coastal Storm,0,0,0
20003,Severe Ice Storm,0,0,0
20005,Severe Storm,1,0,0
20005,Fire,0,0,0
20005,Hurricane,0,0,0
20005,Winter Storm,0,0,0
20005,Flood,0,0,0
20005,Tornado,0,0,0
20005,Tropical Storm,0,0,0
20005,Snowstorm,0,0,0
20005,Coastal Storm,0,0,0
20005,Severe Ice Storm,0,0,0
20007,Severe Storm,2,0,0
20007,Fire,0,0,0
20007,Hurricane,0,0,0
20007,Winter Storm,0,0,0
20007,Flood,0,0,0
20007,Tornado,0,0,0
20007,Tropical Storm,0,0,0
20007,Snowstorm,0,0,0
20007,Coastal Storm,0,0,0
20007,Severe Ice Storm,0,0,0
20009,Severe Storm,5,0,0
20009,Fire,0,0,0
20009,Hurricane,0,0,0
20009,Winter Storm,0,0,0
20009,Flood,0,0,0
20009,Tornado,0,0,0
20009,Tropical Storm,0,0,0
20009,Snowstorm,1,0,0
20009,Coastal Storm,0,0,0
20009,Severe Ice Storm,0,0,0
20011,Severe Storm,2,0,0
20011,Fire,0,0,0
20011,Hurricane,0,0,0
20011,Winter Storm,0,0,0
20011,Flood,0,0,0
20011,Tornado,0,0,0
20011,Tropical Storm,0,0,0
20011,Snowstorm,0,0,0
20011,Coastal Storm,0,0,0
20011,Severe Ice Storm,0,0,0
20013,Severe Storm,2,0,0
20013,Fire,0,0,0
20013,Hurricane,0,0,0
20013,Winter Storm,0,0,0
20013,Flood,0,0,0
20013,Tornado,0,0,0
20013,Tropical Storm,0,0,0
20013,Snowstorm,0,0,0
20013,Coastal Storm,0,0,0
20013,Severe Ice Storm,0,0,0
20015,Severe Storm,2,0,0
20015,Fire,0,0,0
20015,Hurricane,0,0,0
20015,Winter Storm,1,0,0
20015,Flood,0,0,0
20015,Tornado,0,0,0
20015,Tropical Storm,0,0,0
20015,Snowstorm,0,0,0
20015,Coastal Storm,0,0,0
20015,Severe Ice Storm,0,0,0
20017,Severe Storm,2,0,0
20017,Fire,0,0,0
20017,Hurricane,0,0,0
20017,Winter Storm,1,0,0
20017,Flood,0,0,0
20017,Tornado,0,0,0
20017,Tropical Storm,0,0,0
20017,Snowstorm,0,0,0
20017,Coastal Storm,0,0,0
20017,Severe Ice Storm,0,0,0
20019,Severe Storm,3,0,0
20019,Fire,0,0,0
20019,Hurricane,0,0,0
20019,Winter Storm,0,0,0
20019,Flood,0,0,0
20019,Tornado,0,0,0
20019,Tropical Storm,0,0,0
20019,Snowstorm,0,0,0
20019,Coastal Storm,0,0,0
20019,Severe Ice Storm,0,0,0
20021,Severe Storm,3,0,0
20021,Fire,0,0,0
20021,Hurricane,0,0,0
20021,Winter Storm,0,0,0
20021,Flood,0,0,0
20021,Tornado,0,0,0
20021,Tropical Storm,0,0,0
20021,Snowstorm,0,0,0
20021,Coastal Storm,0,0,0
20021,Severe Ice Storm,0,0,0
20023,Severe Storm,0,0,0
20023,Fire,0,0,0
20023,Hurricane,0,0,0
20023,Winter Storm,0,0,0
20023,Flood,0,0,0
20023,Tornado,0,0,0
20023,Tropical Storm,0,0,0
20023,Snowstorm,0,0,0
20023,Coastal Storm,0,0,0
20023,Severe Ice Storm,0,0,0
20025,Severe Storm,3,0,0
20025,Fire,0,0,0
20025,Hurricane,0,0,0
20025,Winter Storm,0,0,0
20025,Flood,0,0,0
20025,Tornado,0,0,0
20025,Tropical Storm,0,0,0
20025,Snowstorm,1,0,0
20025,Coastal Storm,0,0,0
20025,Severe Ice Storm,0,0,0
20027,Severe Storm,2,0,0
20027,Fire,0,0,0
20027,Hurricane,0,0,0
20027,Winter Storm,0,0,0
20027,Flood,0,0,0
20027,Tornado,0,0,0
20027,Tropical Storm,0,0,0
20027,Snowstorm,0,0,0
20027,Coastal Storm,0,0,0
20027,Severe Ice Storm,0,0,0
20029,Severe Storm,2,0,0
20029,Fire,0,0,0
20029,Hurricane,0,0,0
20029,Winter Storm,1,0,0
20029,Flood,0,0,0
20029,Tornado,0,0,0
20029,Tropical Storm,0,0,0
20029,Snowstorm,0,0,0
20029,Coastal Storm,0,0,0
20029,Severe Ice Storm,0,0,0
20031,Severe Storm,2,0,0
20031,Fire,0,0,0
20031,Hurricane,0,0,0
20031,Winter Storm,0,0,0
20031,Flood,0,0,0
20031,Tornado,0,0,0
20031,Tropical Storm,0,0,0
20031,Snowstorm,0,0,0
20031,Coastal Storm,0,0,0
20031,Severe Ice Storm,0,0,0
20033,Severe Storm,3,0,0
20033,Fire,0,0,0
20033,Hurricane,0,0,0
20033,Winter Storm,0,0,0
20033,Flood,0,0,0
20033,Tornado,0,0,0
20033,Tropical Storm,0,0,0
20033,Snowstorm,1,0,0
20033,Coastal Storm,0,0,0
20033,Severe Ice Storm,0,0,0
20035,Severe Storm,3,0,0
20035,Fire,0,0,0
20035,Hurricane,0,0,0
20035,Winter Storm,0,0,0
20035,Flood,0,0,0
20035,Tornado,0,0,0
20035,Tropical Storm,0,0,0
20035,Snowstorm,0,0,0
20035,Coastal Storm,0,0,0
20035,Severe Ice Storm,0,0,0
20037,Severe Storm,2,0,0
20037,Fire,0,0,0
20037,Hurricane,0,0,0
20037,Winter Storm,0,0,0
20037,Flood,0,0,0
20037,Tornado,0,0,0
20037,Tropical Storm,0,0,0
20037,Snowstorm,0,0,0
20037,Coastal Storm,0,0,0
20037,Severe Ice Storm,0,0,0
20039,Severe Storm,0,0,0
20039,Fire,0,0,0
20039,Hurricane,0,0,0
20039,Winter Storm,0,0,0
20039,Flood,0,0,0
20039,Tornado,0,0,0
20039,Tropical Storm,0,0,0
20039,Snowstorm,0,0,0
20039,Coastal Storm,0,0,0
20039,Severe Ice Storm,0,0,0
20041,Severe Storm,2,0,0
20041,Fire,0,0,0
20041,Hurricane,0,0,0
20041,Winter Storm,0,0,0
20041,Flood,0,0,0
20041,Tornado,0,0,0
20041,Tropical Storm,0,0,0
20041,Snowstorm,0,0,0
20041,Coastal Storm,0,0,0
20041,Severe Ice Storm,0,0,0
20043,Severe Storm,5,0,0
20043,Fire,0,0,0
20043,Hurricane,0,0,0
20043,Winter Storm,0,0,0
20043,Flood,0,0,0
20043,Tornado,0,0,0
20043,Tropical Storm,0,0,0
20043,Snowstorm,0,0,0
20043,Coastal Storm,0,0,0
20043,Severe Ice Storm,0,0,0
20045,Severe Storm,2,0,0
20045,Fire,0,0,0
20045,Hurricane,0,0,0
20045,Winter Storm,0,0,0
20045,Flood,0,0,0
20045,Tornado,0,0,0
20045,Tropical Storm,0,0,0
20045,Snowstorm,0,0,0
20045,Coastal Storm,0,0,0
20045,Severe Ice Storm,0,0,0
20047,Severe Storm,3,0,0
20047,Fire,0,0,0
20047,Hurricane,0,0,0
20047,Winter Storm,1,0,0
20047,Flood,0,0,0
20047,Tornado,0,0,0
20047,Tropical Storm,0,0,0
20047,Snowstorm,1,0,0
20047,Coastal Storm,0,0,0
20047,Severe Ice Storm,0,0,0
20049,Severe Storm,3,0,0
20049,Fire,0,0,0
20049,Hurricane,0,0,0
20049,Winter Storm,0,0,0
20049,Flood,0,0,0
20049,Tornado,0,0,0
20049,Tropical Storm,0,0,0
20049,Snowstorm,0,0,0
20049,Coastal Storm,0,0,0
20049,Severe Ice Storm,0,0,0
20051,Severe Storm,1,0,0
20051,Fire,0,0,0
20051,Hurricane,0,0,0
20051,Winter Storm,0,0,0
20051,Flood,0,0,0
20051,Tornado,0,0,0
20051,Tropical Storm,0,0,0
20051,Snowstorm,1,0,0
20051,Coastal Storm,0,0,0
20051,Severe Ice Storm,0,0,0
20053,Severe Storm,3,0,0
20053,Fire,0,0,0
20053,Hurricane,0,0,0
20053,Winter Storm,0,0,0
20053,Flood,0,0,0
20053,Tornado,0,0,0
20053,Tropical Storm,0,0,0
20053,Snowstorm,0,0,0
20053,Coastal Storm,0,0,0
20053,Severe Ice Storm,0,0,0
20055,Severe Storm,2,0,0
20055,Fire,0,0,0
20055,Hurricane,0,0,0
20055,Winter Storm,0,0,0
20055,Flood,0,0,0
20055,Tornado,0,0,0
20055,Tropical Storm,0,0,0
20055,Snowstorm,0,0,0
20055,Coastal Storm,0,0,0
20055,Severe Ice Storm,0,0,0
20057,Severe Storm,3,0,0
20057,Fire,0,0,0
20057,Hurricane,0,0,0
20057,Winter Storm,1,0,0
20057,Flood,0,0,0
20057,Tornado,0,0,0
20057,Tropical Storm,0,0,0
20057,Snowstorm,1,0,0
20057,Coastal Storm,0,0,0
20057,Severe Ice Storm,0,0,0
20059,Severe Storm,2,0,0
20059,Fire,0,0,0
20059,Hurricane,0,0,0
20059,Winter Storm,0,0,0
20059,Flood,0,0,0
20059,Tornado,0,0,0
20059,Tropical Storm,0,0,0
20059,Snowstorm,0,0,0
20059,Coastal Storm,0,0,0
20059,Severe Ice Storm,0,0,0
20061,Severe Storm,4,0,0
20061,Fire,0,0,0
20061,Hurricane,0,0,0
20061,Winter Storm,1,0,0
20061,Flood,0,0,0
20061,Tornado,0,0,0
20061,Tropical Storm,0,0,0
20061,Snowstorm,0,0,0
20061,Coastal Storm,0,0,0
20061,Severe Ice Storm,0,0,0
20063,Severe Storm,1,0,0
20063,Fire,0,0,0
20063,Hurricane,0,0,0
20063,Winter Storm,0,0,0
20063,Flood,0,0,0
20063,Tornado,0,0,0
20063,Tropical Storm,0,0,0
20063,Snowstorm,0,0,0
20063,Coastal Storm,0,0,0
20063,Severe Ice Storm,0,0,0
20065,Severe Storm,1,0,0
20065,Fire,0,0,0
20065,Hurricane,0,0,0
20065,Winter Storm,0,0,0
20065,Flood,0,0,0
20065,Tornado,0,0,0
20065,Tropical Storm,0,0,0
20065,Snowstorm,1,0,0
20065,Coastal Storm,0,0,0
20065,Severe Ice Storm,0,0,0
20067,Severe Storm,1,0,0
20067,Fire,0,0,0
20067,Hurricane,0,0,0
20067,Winter Storm,0,0,0
20067,Flood,0,0,0
20067,Tornado,0,0,0
20067,Tropical Storm,0,0,0
20067,Snowstorm,0,0,0
20067,Coastal Storm,0,0,0
20067,Severe Ice Storm,0,0,0
20069,Severe Storm,3,0,0
20069,Fire,0,0,0
20069,Hurricane,0,0,0
20069,Winter Storm,1,0,0
20069,Flood,0,0,0
20069,Tornado,0,0,0
20069,Tropical Storm,0,0,0
20069,Snowstorm,1,0,0
20069,Coastal Storm,0,0,0
20069,Severe Ice Storm,0,0,0
20071,Severe Storm,3,0,0
20071,Fire,0,0,0
20071,Hurricane,0,0,0
20071,Winter Storm,0,0,0
20071,Flood,0,0,0
20071,Tornado,0,0,0
20071,Tropical Storm,0,0,0
20071,Snowstorm,0,0,0
20071,Coastal Storm,0,0,0
20071,Severe Ice Storm,0,0,0
20073,Severe Storm,4,0,0
20073,Fire,0,0,0
20073,Hurricane,0,0,0
20073,Winter Storm,0,0,0
20073,Flood,0,0,0
20073,Tornado,0,0,0
20073,Tropical Storm,0,0,0
20073,Snowstorm,0,0,0
20073,Coastal Storm,0,0,0
20073,Severe Ice Storm,0,0,0
20075,Severe Storm,2,0,0
20075,Fire,0,0,0
20075,Hurricane,0,0,0
20075,Winter Storm,0,0,0
20075,Flood,0,0,0
20075,Tornado,0,0,0
20075,Tropical Storm,0,0,0
20075,Snowstorm,0,0,0
20075,Coastal Storm,0,0,0
20075,Severe Ice Storm,0,0,0
20077,Severe Storm,1,0,0
20077,Fire,0,0,0
20077,Hurricane,0,0,0
20077,Winter Storm,0,0,0
20077,Flood,0,0,0
20077,Tornado,0,0,0
20077,Tropical Storm,0,0,0
20077,Snowstorm,0,0,0
20077,Coastal Storm,0,0,0
20077,Severe Ice Storm,0,0,0
20079,Severe Storm,4,0,0
20079,Fire,1,0,0
20079,Hurricane,0,0,0
20079,Winter Storm,0,0,0
20079,Flood,0,0,0
20079,Tornado,0,0,0
20079,Tropical Storm,0,0,0
20079,Snowstorm,0,0,0
20079,Coastal Storm,0,0,0
20079,Severe Ice Storm,0,0,0
20081,Severe Storm,1,0,0
20081,Fire,0,0,0
20081,Hurricane,0,0,0
20081,Winter Storm,0,0,0
20081,Flood,0,0,0
20081,Tornado,0,0,0
20081,Tropical Storm,0,0,0
20081,Snowstorm,0,0,0
20081,Coastal Storm,0,0,0
20081,Severe Ice Storm,0,0,0
20083,Severe Storm,3,0,0
20083,Fire,0,0,0
20083,Hurricane,0,0,0
20083,Winter Storm,1,0,0
20083,Flood,0,0,0
20083,Tornado,0,0,0
20083,Tropical Storm,0,0,0
20083,Snowstorm,1,0,0
20083,Coastal Storm,0,0,0
20083,Severe Ice Storm,0,0,0
20085,Severe Storm,0,0,0
20085,Fire,0,0,0
20085,Hurricane,0,0,0
20085,Winter Storm,0,0,0
20085,Flood,0,0,0
20085,Tornado,0,0,0
20085,Tropical Storm,0,0,0
20085,Snowstorm,0,0,0
20085,Coastal Storm,0,0,0
20085,Severe Ice Storm,0,0,0
20087,Severe Storm,2,0,0
20087,Fire,0,0,0
20087,Hurricane,0,0,0
20087,Winter Storm,0,0,0
20087,Flood,0,0,0
20087,Tornado,0,0,0
20087,Tropical Storm,0,0,0
20087,Snowstorm,0,0,0
20087,Coastal Storm,0,0,0
20087,Severe Ice Storm,0,0,0
20089,Severe Storm,1,0,0
20089,Fire,0,0,0
20089,Hurricane,0,0,0
20089,Winter Storm,0,0,0
20089,Flood,0,0,0
20089,Tornado,0,0,0
20089,Tropical Storm,0,0,0
20089,Snowstorm,0,0,0
20089,Coastal Storm,0,0,0
20089,Severe Ice Storm,0,0,0
20091,Severe Storm,1,1,1
20091,Fire,0,1,1
20091,Hurricane,0,1,1
20091,Winter Storm,0,1,1
20091,Flood,0,1,1
20091,Tornado,0,1,1
20091,Tropical Storm,0,1,1
20091,Snowstorm,0,1,1
20091,Coastal Storm,0,1,1
20091,Severe Ice Storm,0,1,1
20093,Severe Storm,3,0,0
20093,Fire,0,0,0
20093,Hurricane,0,0,0
20093,Winter Storm,0,0,0
20093,Flood,0,0,0
20093,Tornado,0,0,0
20093,Tropical Storm,0,0,0
20093,Snowstorm,0,0,0
20093,Coastal Storm,0,0,0
20093,Severe Ice Storm,0,0,0
20095,Severe Storm,2,0,0
20095,Fire,0,0,0
20095,Hurricane,0,0,0
20095,Winter Storm,0,0,0
20095,Flood,0,0,0
20095,Tornado,0,0,0
20095,Tropical Storm,0,0,0
20095,Snowstorm,0,0,0
20095,Coastal Storm,0,0,0
20095,Severe Ice Storm,0,0,0
20097,Severe Storm,0,0,0
20097,Fire,0,0,0
20097,Hurricane,0,0,0
20097,Winter Storm,0,0,0
20097,Flood,0,0,0
20097,Tornado,0,0,0
20097,Tropical Storm,0,0,0
20097,Snowstorm,1,0,0
20097,Coastal Storm,0,0,0
20097,Severe Ice Storm,0,0,0
20099,Severe Storm,0,0,0
20099,Fire,0,0,0
20099,Hurricane,0,0,0
20099,Winter Storm,0,0,0
20099,Flood,0,0,0
20099,Tornado,0,0,0
20099,Tropical Storm,0,0,0
20099,Snowstorm,0,0,0
20099,Coastal Storm,0,0,0
20099,Severe Ice Storm,0,0,0
20101,Severe Storm,1,0,0
20101,Fire,0,0,0
20101,Hurricane,0,0,0
20101,Winter Storm,0,0,0
20101,Flood,0,0,0
20101,Tornado,0,0,0
20101,Tropical Storm,0,0,0
20101,Snowstorm,1,0,0
20101,Coastal Storm,0,0,0
20101,Severe Ice Storm,0,0,0
20103,Severe Storm,2,1,1
20103,Fire,0,1,1
20103,Hurricane,0,1,1
20103,Winter Storm,0,1,1
20103,Flood,0,1,1
20103,Tornado,0,1,1
20103,Tropical Storm,0,1,1
20103,Snowstorm,0,1,1
20103,Coastal Storm,0,1,1
20103,Severe Ice Storm,0,1,1
20105,Severe Storm,3,0,0
20105,Fire,0,0,0
20105,Hurricane,0,0,0
20105,Winter Storm,0,0,0
20105,Flood,0,0,0
20105,Tornado,0,0,0
20105,Tropical Storm,0,0,0
20105,Snowstorm,0,0,0
20105,Coastal Storm,0,0,0
20105,Severe Ice Storm,0,0,0
20107,Severe Storm,3,0,0
20107,Fire,0,0,0
20107,Hurricane,0,0,0
20107,Winter Storm,0,0,0
20107,Flood,0,0,0
20107,Tornado,0,0,0
20107,Tropical Storm,0,0,0
20107,Snowstorm,0,0,0
20107,Coastal Storm,0,0,0
20107,Severe Ice Storm,0,0,0
20109,Severe Storm,2,0,0
20109,Fire,0,0,0
20109,Hurricane,0,0,0
20109,Winter Storm,0,0,0
20109,Flood,0,0,0
20109,Tornado,0,0,0
20109,Tropical Storm,0,0,0
20109,Snowstorm,0,0,0
20109,Coastal Storm,0,0,0
20109,Severe Ice Storm,0,0,0
20111,Severe Storm,2,0,0
20111,Fire,0,0,0
20111,Hurricane,0,0,0
20111,Winter Storm,0,0,0
20111,Flood,0,0,0
20111,Tornado,0,0,0
20111,Tropical Storm,0,0,0
20111,Snowstorm,0,0,0
20111,Coastal Storm,0,0,0
20111,Severe Ice Storm,0,0,0
20113,Severe Storm,1,0,0
20113,Fire,0,0,0
20113,Hurricane,0,0,0
20113,Winter Storm,0,0,0
20113,Flood,0,0,0
20113,Tornado,0,0,0
20113,Tropical Storm,0,0,0
20113,Snowstorm,0,0,0
20113,Coastal Storm,0,0,0
20113,Severe Ice Storm,0,0,0
20115,Severe Storm,1,0,0
20115,Fire,0,0,0
20115,Hurricane,0,0,0
20115,Winter Storm,1,0,0
20115,Flood,0,0,0
20115,Tornado,0,0,0
20115,Tropical Storm,0,0,0
20115,Snowstorm,0,0,0
20115,Coastal Storm,0,0,0
20115,Severe Ice Storm,0,0,0
20117,Severe Storm,3,0,0
20117,Fire,0,0,0
20117,Hurricane,0,0,0
20117,Winter Storm,0,0,0
20117,Flood,0,0,0
20117,Tornado,0,0,0
20117,Tropical Storm,0,0,0
20117,Snowstorm,0,0,0
20117,Coastal Storm,0,0,0
20117,Severe Ice Storm,0,0,0
20119,Severe Storm,3,0,0
20119,Fire,0,0,0
20119,Hurricane,0,0,0
20119,Winter Storm,0,0,0
20119,Flood,0,0,0
20119,Tornado,0,0,0
20119,Tropical Storm,0,0,0
20119,Snowstorm,1,0,0
20119,Coastal Storm,0,0,0
20119,Severe Ice Storm,0,0,0
20121,Severe Storm,1,0,0
20121,Fire,0,0,0
20121,Hurricane,0,0,0
20121,Winter Storm,0,0,0
20121,Flood,0,0,0
20121,Tornado,0,0,0
20121,Tropical Storm,0,0,0
20121,Snowstorm,0,0,0
20121,Coastal Storm,0,0,0
20121,Severe Ice Storm,0,0,0
20123,Severe Storm,1,0,0
20123,Fire,0,0,0
20123,Hurricane,0,0,0
20123,Winter Storm,0,0,0
20123,Flood,0,0,0
20123,Tornado,0,0,0
20123,Tropical Storm,0,0,0
20123,Snowstorm,0,0,0
20123,Coastal Storm,0,0,0
20123,Severe Ice Storm,0,0,0
20125,Severe Storm,2,0,0
20125,Fire,0,0,0
20125,Hurricane,0,0,0
20125,Winter Storm,0,0,0
20125,Flood,0,0,0
20125,Tornado,0,0,0
20125,Tropical Storm,0,0,0
20125,Snowstorm,0,0,0
20125,Coastal Storm,0,0,0
20125,Severe Ice Storm,0,0,0
20127,Severe Storm,5,0,0
20127,Fire,0,0,0
20127,Hurricane,0,0,0
20127,Winter Storm,1,0,0
20127,Flood,0,0,0
20127,Tornado,0,0,0
20127,Tropical Storm,0,0,0
20127,Snowstorm,0,0,0
20127,Coastal Storm,0,0,0
20127,Severe Ice Storm,0,0,0
20129,Severe Storm,1,0,0
20129,Fire,0,0,0
20129,Hurricane,0,0,0
20129,Winter Storm,0,0,0
20129,Flood,0,0,0
20129,Tornado,0,0,0
20129,Tropical Storm,0,0,0
20129,Snowstorm,0,0,0
20129,Coastal Storm,0,0,0
20129,Severe Ice Storm,0,0,0
20131,Severe Storm,2,0,0
20131,Fire,0,0,0
20131,Hurricane,0,0,0
20131,Winter Storm,0,0,0
20131,Flood,0,0,0
20131,Tornado,0,0,0
20131,Tropical Storm,0,0,0
20131,Snowstorm,0,0,0
20131,Coastal Storm,0,0,0
20131,Severe Ice Storm,0,0,0
20133,Severe Storm,4,0,0
20133,Fire,0,0,0
20133,Hurricane,0,0,0
20133,Winter Storm,0,0,0
20133,Flood,0,0,0
20133,Tornado,0,0,0
20133,Tropical Storm,0,0,0
20133,Snowstorm,0,0,0
20133,Coastal Storm,0,0,0
20133,Severe Ice Storm,0,0,0
20135,Severe Storm,2,0,0
20135,Fire,0,0,0
20135,Hurricane,0,0,0
20135,Winter Storm,0,0,0
20135,Flood,0,0,0
20135,Tornado,0,0,0
20135,Tropical Storm,0,0,0
20135,Snowstorm,1,0,0
20135,Coastal Storm,0,0,0
20135,Severe Ice Storm,0,0,0
20137,Severe Storm,1,0,0
20137,Fire,0,0,0
20137,Hurricane,0,0,0
20137,Winter Storm,0,0,0
20137,Flood,0,0,0
20137,Tornado,0,0,0
20137,Tropical Storm,0,0,0
20137,Snowstorm,0,0,0
20137,Coastal Storm,0,0,0
20137,Severe Ice Storm,0,0,0
20139,Severe Storm,2,0,0
20139,Fire,0,0,0
20139,Hurricane,0,0,0
20139,Winter Storm,1,0,0
20139,Flood,0,0,0
20139,Tornado,0,0,0
20139,Tropical Storm,0,0,0
20139,Snowstorm,0,0,0
20139,Coastal Storm,0,0,0
20139,Severe Ice Storm,0,0,0
20141,Severe Storm,2,0,0
20141,Fire,0,0,0
20141,Hurricane,0,0,0
20141,Winter Storm,0,0,0
20141,Flood,0,0,0
20141,Tornado,0,0,0
20141,Tropical Storm,0,0,0
20141,Snowstorm,0,0,0
20141,Coastal Storm,0,0,0
20141,Severe Ice Storm,0,0,0
20143,Severe Storm,4,0,0
20143,Fire,0,0,0
20143,Hurricane,0,0,0
20143,Winter Storm,1,0,0
20143,Flood,0,0,0
20143,Tornado,0,0,0
20143,Tropical Storm,0,0,0
20143,Snowstorm,0,0,0
20143,Coastal Storm,0,0,0
20143,Severe Ice Storm,0,0,0
20145,Severe Storm,5,0,0
20145,Fire,0,0,0
20145,Hurricane,0,0,0
20145,Winter Storm,1,0,0
20145,Flood,0,0,0
20145,Tornado,0,0,0
20145,Tropical Storm,0,0,0
20145,Snowstorm,1,0,0
20145,Coastal Storm,0,0,0
20145,Severe Ice Storm,0,0,0
20147,Severe Storm,3,0,0
20147,Fire,0,0,0
20147,Hurricane,0,0,0
20147,Winter Storm,0,0,0
20147,Flood,0,0,0
20147,Tornado,0,0,0
20147,Tropical Storm,0,0,0
20147,Snowstorm,1,0,0
20147,Coastal Storm,0,0,0
20147,Severe Ice Storm,0,0,0
20149,Severe Storm,3,0,0
20149,Fire,0,0,0
20149,Hurricane,0,0,0
20149,Winter Storm,0,0,0
20149,Flood,0,0,0
20149,Tornado,0,0,0
20149,Tropical Storm,0,0,0
20149,Snowstorm,0,0,0
20149,Coastal Storm,0,0,0
20149,Severe Ice Storm,0,0,0
20151,Severe Storm,2,0,0
20151,Fire,0,0,0
20151,Hurricane,0,0,0
20151,Winter Storm,0,0,0
20151,Flood,0,0,0
20151,Tornado,0,0,0
20151,Tropical Storm,0,0,0
20151,Snowstorm,0,0,0
20151,Coastal Storm,0,0,0
20151,Severe Ice Storm,0,0,0
20153,Severe Storm,1,0,0
20153,Fire,0,0,0
20153,Hurricane,0,0,0
20153,Winter Storm,0,0,0
20153,Flood,0,0,0
20153,Tornado,0,0,0
20153,Tropical Storm,0,0,0
20153,Snowstorm,0,0,0
20153,Coastal Storm,0,0,0
20153,Severe Ice Storm,0,0,0
20155,Severe Storm,4,0,0
20155,Fire,1,0,0
20155,Hurricane,0,0,0
20155,Winter Storm,0,0,0
20155,Flood,0,0,0
20155,Tornado,0,0,0
20155,Tropical Storm,0,0,0
20155,Snowstorm,0,0,0
20155,Coastal Storm,0,0,0
20155,Severe Ice Storm,0,0,0
20157,Severe Storm,1,0,0
20157,Fire,0,0,0
20157,Hurricane,0,0,0
20157,Winter Storm,0,0,0
20157,Flood,0,0,0
20157,Tornado,0,0,0
20157,Tropical Storm,0,0,0
20157,Snowstorm,0,0,0
20157,Coastal Storm,0,0,0
20157,Severe Ice Storm,0,0,0
20159,Severe Storm,4,0,0
20159,Fire,0,0,0
20159,Hurricane,0,0,0
20159,Winter Storm,0,0,0
20159,Flood,0,0,0
20159,Tornado,0,0,0
20159,Tropical Storm,0,0,0
20159,Snowstorm,0,0,0
20159,Coastal Storm,0,0,0
20159,Severe Ice Storm,0,0,0
20161,Severe Storm,3,0,0
20161,Fire,0,0,0
20161,Hurricane,0,0,0
20161,Winter Storm,0,0,0
20161,Flood,0,0,0
20161,Tornado,0,0,0
20161,Tropical Storm,0,0,0
20161,Snowstorm,0,0,0
20161,Coastal Storm,0,0,0
20161,Severe Ice Storm,0,0,0
20163,Severe Storm,1,0,0
20163,Fire,0,0,0
20163,Hurricane,0,0,0
20163,Winter Storm,0,0,0
20163,Flood,0,0,0
20163,Tornado,0,0,0
20163,Tropical Storm,0,0,0
20163,Snowstorm,1,0,0
20163,Coastal Storm,0,0,0
20163,Severe Ice Storm,0,0,0
20165,Severe Storm,3,0,0
20165,Fire,0,0,0
20165,Hurricane,0,0,0
20165,Winter Storm,0,0,0
20165,Flood,0,0,0
20165,Tornado,0,0,0
20165,Tropical Storm,0,0,0
20165,Snowstorm,1,0,0
20165,Coastal Storm,0,0,0
20165,Severe Ice Storm,0,0,0
20167,Severe Storm,4,0,0
20167,Fire,0,0,0
20167,Hurricane,0,0,0
20167,Winter Storm,0,0,0
20167,Flood,0,0,0
20167,Tornado,0,0,0
20167,Tropical Storm,0,0,0
20167,Snowstorm,0,0,0
20167,Coastal Storm,0,0,0
20167,Severe Ice Storm,0,0,0
20169,Severe Storm,3,0,0
20169,Fire,0,0,0
20169,Hurricane,0,0,0
20169,Winter Storm,0,0,0
20169,Flood,0,0,0
20169,Tornado,0,0,0
20169,Tropical Storm,0,0,0
20169,Snowstorm,0,0,0
20169,Coastal Storm,0,0,0
20169,Severe Ice Storm,0,0,0
20171,Severe Storm,2,0,0
20171,Fire,0,0,0
20171,Hurricane,0,0,0
20171,Winter Storm,0,0,0
20171,Flood,0,0,0
20171,Tornado,0,0,0
20171,Tropical Storm,0,0,0
20171,Snowstorm,0,0,0
20171,Coastal Storm,0,0,0
20171,Severe Ice Storm,0,0,0
20173,Severe Storm,0,0,0
20173,Fire,0,0,0
20173,Hurricane,0,0,0
20173,Winter Storm,0,0,0
20173,Flood,0,0,0
20173,Tornado,0,0,0
20173,Tropical Storm,0,0,0
20173,Snowstorm,0,0,0
20173,Coastal Storm,0,0,0
20173,Severe Ice Storm,0,0,0
20175,Severe Storm,0,0,0
20175,Fire,0,0,0
20175,Hurricane,0,0,0
20175,Winter Storm,0,0,0
20175,Flood,0,0,0
20175,Tornado,0,0,0
20175,Tropical Storm,0,0,0
20175,Snowstorm,0,0,0
20175,Coastal Storm,0,0,0
20175,Severe Ice Storm,0,0,0
20177,Severe Storm,0,0,0
20177,Fire,0,0,0
20177,Hurricane,0,0,0
20177,Winter Storm,1,0,0
20177,Flood,0,0,0
20177,Tornado,0,0,0
20177,Tropical Storm,0,0,0
20177,Snowstorm,0,0,0
20177,Coastal Storm,0,0,0
20177,Severe Ice Storm,0,0,0
20179,Severe Storm,1,0,0
20179,Fire,0,0,0
20179,Hurricane,0,0,0
20179,Winter Storm,0,0,0
20179,Flood,0,0,0
20179,Tornado,0,0,0
20179,Tropical Storm,0,0,0
20179,Snowstorm,0,0,0
20179,Coastal Storm,0,0,0
20179,Severe Ice Storm,0,0,0
20181,Severe Storm,0,0,0
20181,Fire,0,0,0
20181,Hurricane,0,0,0
20181,Winter Storm,0,0,0
20181,Flood,0,0,0
20181,Tornado,0,0,0
20181,Tropical Storm,0,0,0
20181,Snowstorm,0,0,0
20181,Coastal Storm,0,0,0
20181,Severe Ice Storm,0,0,0
20183,Severe Storm,2,0,0
20183,Fire,0,0,0
20183,Hurricane,0,0,0
20183,Winter Storm,0,0,0
20183,Flood,0,0,0
20183,Tornado,0,0,0
20183,Tropical Storm,0,0,0
20183,Snowstorm,0,0,0
20183,Coastal Storm,0,0,0
20183,Severe Ice Storm,0,0,0
20185,Severe Storm,4,0,0
20185,Fire,0,0,0
20185,Hurricane,0,0,0
20185,Winter Storm,1,0,0
20185,Flood,0,0,0
20185,Tornado,0,0,0
20185,Tropical Storm,0,0,0
20185,Snowstorm,1,0,0
20185,Coastal Storm,0,0,0
20185,Severe Ice Storm,0,0,0
20187,Severe Storm,1,0,0
20187,Fire,0,0,0
20187,Hurricane,0,0,0
20187,Winter Storm,0,0,0
20187,Flood,0,0,0
20187,Tornado,0,0,0
20187,Tropical Storm,0,0,0
20187,Snowstorm,0,0,0
20187,Coastal Storm,0,0,0
20187,Severe Ice Storm,0,0,0
20189,Severe Storm,1,0,0
20189,Fire,0,0,0
20189,Hurricane,0,0,0
20189,Winter Storm,0,0,0
20189,Flood,0,0,0
20189,Tornado,0,0,0
20189,Tropical Storm,0,0,0
20189,Snowstorm,0,0,0
20189,Coastal Storm,0,0,0
20189,Severe Ice Storm,0,0,0
20191,Severe Storm,4,0,0
20191,Fire,0,0,0
20191,Hurricane,0,0,0
20191,Winter Storm,0,0,0
20191,Flood,0,0,0
20191,Tornado,0,0,0
20191,Tropical Storm,0,0,0
20191,Snowstorm,0,0,0
20191,Coastal Storm,0,0,0
20191,Severe Ice Storm,0,0,0
20193,Severe Storm,2,0,0
20193,Fire,0,0,0
20193,Hurricane,0,0,0
20193,Winter Storm,0,0,0
20193,Flood,0,0,0
20193,Tornado,0,0,0
20193,Tropical Storm,0,0,0
20193,Snowstorm,0,0,0
20193,Coastal Storm,0,0,0
20193,Severe Ice Storm,0,0,0
20195,Severe Storm,1,0,0
20195,Fire,0,0,0
20195,Hurricane,0,0,0
20195,Winter Storm,1,0,0
20195,Flood,0,0,0
20195,Tornado,0,0,0
20195,Tropical Storm,0,0,0
20195,Snowstorm,1,0,0
20195,Coastal Storm,0,0,0
20195,Severe Ice Storm,0,0,0
20197,Severe Storm,5,0,0
20197,Fire,0,0,0
20197,Hurricane,0,0,0
20197,Winter Storm,1,0,0
20197,Flood,0,0,0
20197,Tornado,0,0,0
20197,Tropical Storm,0,0,0
20197,Snowstorm,0,0,0
20197,Coastal Storm,0,0,0
20197,Severe Ice Storm,0,0,0
20199,Severe Storm,4,0,0
20199,Fire,0,0,0
20199,Hurricane,0,0,0
20199,Winter Storm,0,0,0
20199,Flood,0,0,0
20199,Tornado,0,0,0
20199,Tropical Storm,0,0,0
20199,Snowstorm,1,0,0
20199,Coastal Storm,0,0,0
20199,Severe Ice Storm,0,0,0
20201,Severe Storm,2,0,0
20201,Fire,1,0,0
20201,Hurricane,0,0,0
20201,Winter Storm,0,0,0
20201,Flood,0,0,0
20201,Tornado,0,0,0
20201,Tropical Storm,0,0,0
20201,Snowstorm,0,0,0
20201,Coastal Storm,0,0,0
20201,Severe Ice Storm,0,0,0
20203,Severe Storm,2,0,0
20203,Fire,0,0,0
20203,Hurricane,0,0,0
20203,Winter Storm,0,0,0
20203,Flood,0,0,0
20203,Tornado,0,0,0
20203,Tropical Storm,0,0,0
20203,Snowstorm,0,0,0
20203,Coastal Storm,0,0,0
20203,Severe Ice Storm,0,0,0
20205,Severe Storm,3,0,0
20205,Fire,0,0,0
20205,Hurricane,0,0,0
20205,Winter Storm,0,0,0
20205,Flood,0,0,0
20205,Tornado,0,0,0
20205,Tropical Storm,0,0,0
20205,Snowstorm,0,0,0
20205,Coastal Storm,0,0,0
20205,Severe Ice Storm,0,0,0
20207,Severe Storm,4,0,0
20207,Fire,0,0,0
20207,Hurricane,0,0,0
20207,Winter Storm,0,0,0
20207,Flood,0,0,0
20207,Tornado,0,0,0
20207,Tropical Storm,0,0,0
20207,Snowstorm,0,0,0
20207,Coastal Storm,0,0,0
20207,Severe Ice Storm,0,0,0
20209,Severe Storm,4,1,1
20209,Fire,0,1,1
20209,Hurricane,0,1,1
20209,Winter Storm,0,1,1
20209,Flood,0,1,1
20209,Tornado,0,1,1
20209,Tropical Storm,0,1,1
20209,Snowstorm,0,1,1
20209,Coastal Storm,0,1,1
20209,Severe Ice Storm,0,1,1
21001,Severe Storm,3,0,0
21001,Fire,0,0,0
21001,Hurricane,0,0,0
21001,Winter Storm,0,0,0
21001,Flood,0,0,0
21001,Tornado,0,0,0
21001,Tropical Storm,0,0,0
21001,Snowstorm,0,0,0
21001,Coastal Storm,0,0,0
21001,Severe Ice Storm,0,0,0
21003,Severe Storm,2,0,0
21003,Fire,0,0,0
21003,Hurricane,0,0,0
21003,Winter Storm,0,0,0
21003,Flood,0,0,0
21003,Tornado,0,0,0
21003,Tropical Storm,0,0,0
21003,Snowstorm,0,0,0
21003,Coastal Storm,0,0,0
21003,Severe Ice Storm,0,0,0
21005,Severe Storm,1,0,0
21005,Fire,0,0,0
21005,Hurricane,0,0,0
21005,Winter Storm,0,0,0
21005,Flood,1,0,0
21005,Tornado,0,0,0
21005,Tropical Storm,1,0,0
21005,Snowstorm,0,0,0
21005,Coastal Storm,0,0,0
21005,Severe Ice Storm,0,0,0
21007,Severe Storm,2,0,0
21007,Fire,0,0,0
21007,Hurricane,0,0,0
21007,Winter Storm,0,0,0
21007,Flood,1,0,0
21007,Tornado,0,0,0
21007,Tropical Storm,0,0,0
21007,Snowstorm,0,0,0
21007,Coastal Storm,0,0,0
21007,Severe Ice Storm,0,0,0
21009,Severe Storm,2,0,0
21009,Fire,0,0,0
21009,Hurricane,0,0,0
21009,Winter Storm,0,0,0
21009,Flood,0,0,0
21009,Tornado,1,0,0
21009,Tropical Storm,0,0,0
21009,Snowstorm,0,0,0
21009,Coastal Storm,0,0,0
21009,Severe Ice Storm,0,0,0
21011,Severe Storm,0,0,0
21011,Fire,0,0,0
21011,Hurricane,0,0,0
21011,Winter Storm,0,0,0
21011,Flood,0,0,0
21011,Tornado,0,0,0
21011,Tropical Storm,1,0,0
21011,Snowstorm,0,0,0
21011,Coastal Storm,0,0,0
21011,Severe Ice Storm,1,0,0
21013,Severe Storm,2,0,0
21013,Fire,0,0,0
21013,Hurricane,0,0,0
21013,Winter Storm,0,0,0
21013,Flood,2,0,0
21013,Tornado,0,0,0
21013,Tropical Storm,1,0,0
21013,Snowstorm,0,0,0
21013,Coastal Storm,0,0,0
21013,Severe Ice Storm,0,0,0
21015,Severe Storm,0,0,0
21015,Fire,0,0,0
21015,Hurricane,0,0,0
21015,Winter Storm,0,0,0
21015,Flood,0,0,0
21015,Tornado,0,0,0
21015,Tropical Storm,0,0,0
21015,Snowstorm,0,0,0
21015,Coastal Storm,0,0,0
21015,Severe Ice Storm,0,0,0
21017,Severe Storm,1,0,0
21017,Fire,0,0,0
21017,Hurricane,0,0,0
21017,Winter Storm,0,0,0
21017,Flood,0,0,0
21017,Tornado,0,0,0
21017,Tropical Storm,1,0,0
21017,Snowstorm,0,0,0
21017,Coastal Storm,0,0,0
21017,Severe Ice Storm,0,0,0
21019,Severe Storm,4,0,0
21019,Fire,0,0,0
21019,Hurricane,0,0,0
21019,Winter Storm,0,0,0
21019,Flood,1,0,0
21019,Tornado,0,0,0
21019,Tropical Storm,0,0,0
21019,Snowstorm,0,0,0
21019,Coastal Storm,0,0,0
21019,Severe Ice Storm,1,0,0
21021,Severe Storm,1,0,0
21021,Fire,0,0,0
21021,Hurricane,0,0,0
21021,Winter Storm,0,0,0
21021,Flood,0,0,0
21021,Tornado,0,0,0
21021,Tropical Storm,0,0,0
21021,Snowstorm,0,0,0
21021,Coastal Storm,0,0,0
21021,Severe Ice Storm,1,0,0
21023,Severe Storm,0,0,0
21023,Fire,0,0,0
21023,Hurricane,0,0,0
21023,Winter Storm,0,0,0
21023,Flood,0,0,0
21023,Tornado,0,0,0
21023,Tropical Storm,1,0,0
21023,Snowstorm,0,0,0
21023,Coastal Storm,0,0,0
21023,Severe Ice Storm,0,0,0
21025,Severe Storm,2,0,0
21025,Fire,0,0,0
21025,Hurricane,0,0,0
21025,Winter Storm,0,0,0
21025,Flood,3,0,0
21025,Tornado,0,0,0
21025,Tropical Storm,1,0,0
21025,Snowstorm,0,0,0
21025,Coastal Storm,0,0,0
21025,Severe Ice Storm,1,0,0
21027,Severe Storm,2,0,0
21027,Fire,0,0,0
21027,Hurricane,0,0,0
21027,Winter Storm,0,0,0
21027,Flood,0,0,0
21027,Tornado,2,0,0
21027,Tropical Storm,0,0,0
21027,Snowstorm,0,0,0
21027,Coastal Storm,0,0,0
21027,Severe Ice Storm,0,0,0
21029,Severe Storm,1,0,0
21029,Fire,0,0,0
21029,Hurricane,0,0,0
21029,Winter Storm,0,0,0
21029,Flood,0,0,0
21029,Tornado,2,0,0
21029,Tropical Storm,0,0,0
21029,Snowstorm,0,0,0
21029,Coastal Storm,0,0,0
21029,Severe Ice Storm,0,0,0
21031,Severe Storm,4,0,0
21031,Fire,0,0,0
21031,Hurricane,0,0,0
21031,Winter Storm,0,0,0
21031,Flood,0,0,0
21031,Tornado,0,0,0
21031,Tropical Storm,0,0,0
21031,Snowstorm,0,0,0
21031,Coastal Storm,0,0,0
21031,Severe Ice Storm,0,0,0
21033,Severe Storm,2,0,0
21033,Fire,0,0,0
21033,Hurricane,0,0,0
21033,Winter Storm,0,0,0
21033,Flood,1,0,0
21033,Tornado,2,0,0
21033,Tropical Storm,0,0,0
21033,Snowstorm,0,0,0
21033,Coastal Storm,0,0,0
21033,Severe Ice Storm,0,0,0
21035,Severe Storm,2,0,0
21035,Fire,0,0,0
21035,Hurricane,0,0,0
21035,Winter Storm,0,0,0
21035,Flood,1,0,0
21035,Tornado,0,0,0
21035,Tropical Storm,0,0,0
21035,Snowstorm,0,0,0
21035,Coastal Storm,0,0,0
21035,Severe Ice Storm,0,0,0
21037,Severe Storm,1,0,0
21037,Fire,0,0,0
21037,Hurricane,0,0,0
21037,Winter Storm,0,0,0
21037,Flood,0,0,0
21037,Tornado,0,0,0
21037,Tropical Storm,0,0,0
21037,Snowstorm,0,0,0
21037,Coastal Storm,0,0,0
21037,Severe Ice Storm,0,0,0
21039,Severe Storm,3,0,0
21039,Fire,0,0,0
21039,Hurricane,0,0,0
21039,Winter Storm,0,0,0
21039,Flood,0,0,0
21039,Tornado,0,0,0
21039,Tropical Storm,0,0,0
21039,Snowstorm,0,0,0
21039,Coastal Storm,0,0,0
21039,Severe Ice Storm,0,0,0
21041,Severe Storm,1,0,0
21041,Fire,0,0,0
21041,Hurricane,0,0,0
21041,Winter Storm,0,0,0
21041,Flood,0,0,0
21041,Tornado,0,0,0
21041,Tropical Storm,0,0,0
21041,Snowstorm,0,0,0
21041,Coastal Storm,0,0,0
21041,Severe Ice Storm,0,0,0
21043,Severe Storm,3,0,0
21043,Fire,0,0,0
21043,Hurricane,0,0,0
21043,Winter Storm,0,0,0
21043,Flood,2,0,0
21043,Tornado,0,0,0
21043,Tropical Storm,1,0,0
21043,Snowstorm,0,0,0
21043,Coastal Storm,0,0,0
21043,Severe Ice Storm,1,0,0
21045,Severe Storm,2,0,0
21045,Fire,0,0,0
21045,Hurricane,0,0,0
21045,Winter Storm,0,0,0
21045,Flood,2,0,0
21045,Tornado,0,0,0
21045,Tropical Storm,0,0,0
21045,Snowstorm,0,0,0
21045,Coastal Storm,0,0,0
21045,Severe Ice Storm,1,0,0
21047,Severe Storm,3,0,0
21047,Fire,0,0,0
21047,Hurricane,0,0,0
21047,Winter Storm,0,0,0
21047,Flood,0,0,0
21047,Tornado,1,0,0
21047,Tropical Storm,0,0,0
21047,Snowstorm,0,0,0
21047,Coastal Storm,0,0,0
21047,Severe Ice Storm,0,0,0
21049,Severe Storm,1,0,0
21049,Fire,0,0,0
21049,Hurricane,0,0,0
21049,Winter Storm,0,0,0
21049,Flood,1,0,0
21049,Tornado,0,0,0
21049,Tropical Storm,1,0,0
21049,Snowstorm,0,0,0
21049,Coastal Storm,0,0,0
21049,Severe Ice Storm,1,0,0
21051,Severe Storm,5,0,0
21051,Fire,0,0,0
21051,Hurricane,0,0,0
21051,Winter Storm,0,0,0
21051,Flood,3,0,0
21051,Tornado,0,0,0
21051,Tropical Storm,1,0,0
21051,Snowstorm,0,0,0
21051,Coastal Storm,0,0,0
21051,Severe Ice Storm,1,0,0
21053,Severe Storm,2,0,0
21053,Fire,0,0,0
21053,Hurricane,0,0,0
21053,Winter Storm,0,0,0
21053,Flood,0,0,0
21053,Tornado,0,0,0
21053,Tropical Storm,0,0,0
21053,Snowstorm,0,0,0
21053,Coastal Storm,0,0,0
21053,Severe Ice Storm,1,0,0
21055,Severe Storm,3,0,0
21055,Fire,0,0,0
21055,Hurricane,0,0,0
21055,Winter Storm,0,0,0
21055,Flood,0,0,0
21055,Tornado,0,0,0
21055,Tropical Storm,0,0,0
21055,Snowstorm,0,0,0
21055,Coastal Storm,0,0,0
21055,Severe Ice Storm,0,0,0
21057,Severe Storm,3,0,0
21057,Fire,0,0,0
21057,Hurricane,0,0,0
21057,Winter Storm,0,0,0
21057,Flood,2,0,0
21057,Tornado,0,0,0
21057,Tropical Storm,0,0,0
21057,Snowstorm,0,0,0
21057,Coastal Storm,0,0,0
21057,Severe Ice Storm,0,0,0
21059,Severe Storm,1,0,0
21059,Fire,0,0,0
21059,Hurricane,0,0,0
21059,Winter Storm,0,0,0
21059,Flood,0,0,0
21059,Tornado,0,0,0
21059,Tropical Storm,0,0,0
21059,Snowstorm,0,0,0
21059,Coastal Storm,0,0,0
21059,Severe Ice Storm,0,0,0
21061,Severe Storm,3,0,0
21061,Fire,0,0,0
21061,Hurricane,0,0,0
21061,Winter Storm,0,0,0
21061,Flood,1,0,0
21061,Tornado,0,0,0
21061,Tropical Storm,0,0,0
21061,Snowstorm,0,0,0
21061,Coastal Storm,0,0,0
21061,Severe Ice Storm,0,0,0
21063,Severe Storm,1,0,0
21063,Fire,0,0,0
21063,Hurricane,0,0,0
21063,Winter Storm,0,0,0
21063,Flood,2,0,0
21063,Tornado,0,0,0
21063,Tropical Storm,1,0,0
21063,Snowstorm,0,0,0
21063,Coastal Storm,0,0,0
21063,Severe Ice Storm,1,0,0
21065,Severe Storm,3,0,0
21065,Fire,0,0,0
21065,Hurricane,0,0,0
21065,Winter Storm,0,0,0
21065,Flood,1,0,0
21065,Tornado,0,0,0
21065,Tropical Storm,1,0,0
21065,Snowstorm,0,0,0
21065,Coastal Storm,0,0,0
21065,Severe Ice Storm,1,0,0
21067,Severe Storm,2,1,1
21067,Fire,0,1,1
21067,Hurricane,0,1,1
21067,Winter Storm,0,1,1
21067,Flood,1,1,1
21067,Tornado,0,1,1
21067,Tropical Storm,0,1,1
21067,Snowstorm,0,1,1
21067,Coastal Storm,0,1,1
21067,Severe Ice Storm,0,1,1
21069,Severe Storm,0,0,0
21069,Fire,0,0,0
21069,Hurricane,0,0,0
21069,Winter Storm,0,0,0
21069,Flood,0,0,0
21069,Tornado,0,0,0
21069,Tropical Storm,1,0,0
21069,Snowstorm,0,0,0
21069,Coastal Storm,0,0,0
21069,Severe Ice Storm,1,0,0
21071,Severe Storm,3,0,0
21071,Fire,0,0,0
21071,Hurricane,0,0,0
21071,Winter Storm,0,0,0
21071,Flood,3,0,0
21071,Tornado,0,0,0
21071,Tropical Storm,0,0,0
21071,Snowstorm,0,0,0
21071,Coastal Storm,0,0,0
21071,Severe Ice Storm,1,0,0
21073,Severe Storm,1,0,0
21073,Fire,0,0,0
21073,Hurricane,0,0,0
21073,Winter Storm,0,0,0
21073,Flood,1,0,0
21073,Tornado,0,0,0
21073,Tropical Storm,1,0,0
21073,Snowstorm,0,0,0
21073,Coastal Storm,0,0,0
21073,Severe Ice Storm,0,0,0
21075,Severe Storm,2,0,0
21075,Fire,0,0,0
21075,Hurricane,0,0,0
21075,Winter Storm,0,0,0
21075,Flood,0,0,0
21075,Tornado,2,0,0
21075,Tropical Storm,0,0,0
21075,Snowstorm,0,0,0
21075,Coastal Storm,0,0,0
21075,Severe Ice Storm,0,0,0
21077,Severe Storm,1,0,0
21077,Fire,0,0,0
21077,Hurricane,0,0,0
21077,Winter Storm,0,0,0
21077,Flood,0,0,0
21077,Tornado,0,0,0
21077,Tropical Storm,0,0,0
21077,Snowstorm,0,0,0
21077,Coastal Storm,0,0,0
21077,Severe Ice Storm,0,0,0
21079,Severe Storm,2,0,0
21079,Fire,0,0,0
21079,Hurricane,0,0,0
21079,Winter Storm,0,0,0
21079,Flood,0,0,0
21079,Tornado,0,0,0
21079,Tropical Storm,0,0,0
21079,Snowstorm,0,0,0
21079,Coastal Storm,0,0,0
21079,Severe Ice Storm,1,0,0
21081,Severe Storm,2,0,0
21081,Fire,0,0,0
21081,Hurricane,0,0,0
21081,Winter Storm,0,0,0
21081,Flood,0,0,0
21081,Tornado,0,0,0
21081,Tropical Storm,0,0,0
21081,Snowstorm,0,0,0
21081,Coastal Storm,0,0,0
21081,Severe Ice Storm,0,0,0
21083,Severe Storm,2,0,0
21083,Fire,0,0,0
21083,Hurricane,0,0,0
21083,Winter Storm,0,0,0
21083,Flood,1,0,0
21083,Tornado,2,0,0
21083,Tropical Storm,0,0,0
21083,Snowstorm,0,0,0
21083,Coastal Storm,0,0,0
21083,Severe Ice Storm,0,0,0
21085,Severe Storm,2,0,0
21085,Fire,0,0,0
21085,Hurricane,0,0,0
21085,Winter Storm,0,0,0
21085,Flood,0,0,0
21085,Tornado,2,0,0
21085,Tropical Storm,0,0,0
21085,Snowstorm,0,0,0
21085,Coastal Storm,0,0,0
21085,Severe Ice Storm,0,0,0
21087,Severe Storm,3,0,0
21087,Fire,0,0,0
21087,Hurricane,0,0,0
21087,Winter Storm,0,0,0
21087,Flood,0,0,0
21087,Tornado,0,0,0
21087,Tropical Storm,0,0,0
21087,Snowstorm,0,0,0
21087,Coastal Storm,0,0,0
21087,Severe Ice Storm,0,0,0
21089,Severe Storm,3,0,0
21089,Fire,0,0,0
21089,Hurricane,0,0,0
21089,Winter Storm,0,0,0
21089,Flood,1,0,0
21089,Tornado,0,0,0
21089,Tropical Storm,1,0,0
21089,Snowstorm,0,0,0
21089,Coastal Storm,0,0,0
21089,Severe Ice Storm,1,0,0
21091,Severe Storm,2,0,0
21091,Fire,0,0,0
21091,Hurricane,0,0,0
21091,Winter Storm,0,0,0
21091,Flood,0,0,0
21091,Tornado,0,0,0
21091,Tropical Storm,0,0,0
21091,Snowstorm,0,0,0
21091,Coastal Storm,0,0,0
21091,Severe Ice Storm,0,0,0
21093,Severe Storm,1,0,0
21093,Fire,0,0,0
21093,Hurricane,0,0,0
21093,Winter Storm,0,0,0
21093,Flood,0,0,0
21093,Tornado,0,0,0
21093,Tropical Storm,0,0,0
21093,Snowstorm,0,0,0
21093,Coastal Storm,0,0,0
21093,Severe Ice Storm,0,0,0
21095,Severe Storm,3,0,0
21095,Fire,0,0,0
21095,Hurricane,0,0,0
21095,Winter Storm,0,0,0
21095,Flood,3,0,0
21095,Tornado,0,0,0
21095,Tropical Storm,1,0,0
21095,Snowstorm,0,0,0
21095,Coastal Storm,0,0,0
21095,Severe Ice Storm,1,0,0
21097,Severe Storm,1,0,0
21097,Fire,0,0,0
21097,Hurricane,0,0,0
21097,Winter Storm,0,0,0
21097,Flood,0,0,0
21097,Tornado,0,0,0
21097,Tropical Storm,1,0,0
21097,Snowstorm,0,0,0
21097,Coastal Storm,0,0,0
21097,Severe Ice Storm,0,0,0
21099,Severe Storm,2,0,0
21099,Fire,0,0,0
21099,Hurricane,0,0,0
21099,Winter Storm,0,0,0
21099,Flood,1,0,0
21099,Tornado,1,0,0
21099,Tropical Storm,0,0,0
21099,Snowstorm,0,0,0
21099,Coastal Storm,0,0,0
21099,Severe Ice Storm,0,0,0
21101,Severe Storm,3,0,0
21101,Fire,0,0,0
21101,Hurricane,0,0,0
21101,Winter Storm,0,0,0
21101,Flood,0,0,0
21101,Tornado,0,0,0
21101,Tropical Storm,0,0,0
21101,Snowstorm,0,0,0
21101,Coastal Storm,0,0,0
21101,Severe Ice Storm,0,0,0
21103,Severe Storm,3,1,2
21103,Fire,0,1,2
21103,Hurricane,0,1,2
21103,Winter Storm,0,1,2
21103,Flood,0,1,2
21103,Tornado,0,1,2
21103,Tropical Storm,0,1,2
21103,Snowstorm,0,1,2
21103,Coastal Storm,0,1,2
21103,Severe Ice Storm,0,1,2
21105,Severe Storm,4,0,0
21105,Fire,0,0,0
21105,Hurricane,0,0,0
21105,Winter Storm,0,0,0
21105,Flood,0,0,0
21105,Tornado,2,0,0
21105,Tropical Storm,0,0,0
21105,Snowstorm,0,0,0
21105,Coastal Storm,0,0,0
21105,Severe Ice Storm,0,0,0
21107,Severe Storm,2,0,0
21107,Fire,0,0,0
21107,Hurricane,0,0,0
21107,Winter Storm,0,0,0
21107,Flood,0,0,0
21107,Tornado,2,0,0
21107,Tropical Storm,0,0,0
21107,Snowstorm,0,0,0
21107,Coastal Storm,0,0,0
21107,Severe Ice Storm,0,0,0
21109,Severe Storm,3,0,0
21109,Fire,0,0,0
21109,Hurricane,0,0,0
21109,Winter Storm,0,0,0
21109,Flood,1,0,0
21109,Tornado,0,0,0
21109,Tropical Storm,1,0,0
21109,Snowstorm,0,0,0
21109,Coastal Storm,0,0,0
21109,Severe Ice Storm,1,0,0
21111,Severe Storm,2,1,1
21111,Fire,0,1,1
21111,Hurricane,0,1,1
21111,Winter Storm,0,1,1
21111,Flood,0,1,1
21111,Tornado,0,1,1
21111,Tropical Storm,0,1,1
21111,Snowstorm,0,1,1
21111,Coastal Storm,0,1,1
21111,Severe Ice Storm,0,1,1
21113,Severe Storm,2,0,0
21113,Fire,0,0,0
21113,Hurricane,0,0,0
21113,Winter Storm,0,0,0
21113,Flood,1,0,0
21113,Tornado,0,0,0
21113,Tropical Storm,0,0,0
21113,Snowstorm,0,0,0
21113,Coastal Storm,0,0,0
21113,Severe Ice Storm,0,0,0
21115,Severe Storm,4,0,0
21115,Fire,0,0,0
21115,Hurricane,0,0,0
21115,Winter Storm,0,0,0
21115,Flood,3,0,0
21115,Tornado,0,0,0
21115,Tropical Storm,1,0,0
21115,Snowstorm,0,0,0
21115,Coastal Storm,0,0,0
21115,Severe Ice Storm,1,0,0
21117,Severe Storm,0,0,0
21117,Fire,0,0,0
21117,Hurricane,0,0,0
21117,Winter Storm,0,0,0
21117,Flood,0,0,0
21117,Tornado,0,0,0
21117,Tropical Storm,0,0,0
21117,Snowstorm,0,0,0
21117,Coastal Storm,0,0,0
21117,Severe Ice Storm,0,0,0
21119,Severe Storm,3,0,0
21119,Fire,0,0,0
21119,Hurricane,0,0,0
21119,Winter Storm,0,0,0
21119,Flood,3,0,0
21119,Tornado,0,0,0
21119,Tropical Storm,0,0,0
21119,Snowstorm,0,0,0
21119,Coastal Storm,0,0,0
21119,Severe Ice Storm,0,0,0
21121,Severe Storm,3,0,0
21121,Fire,0,0,0
21121,Hurricane,0,0,0
21121,Winter Storm,0,0,0
21121,Flood,1,0,0
21121,Tornado,0,0,0
21121,Tropical Storm,0,0,0
21121,Snowstorm,0,0,0
21121,Coastal Storm,0,0,0
21121,Severe Ice Storm,0,0,0
21123,Severe Storm,2,0,0
21123,Fire,0,0,0
21123,Hurricane,0,0,0
21123,Winter Storm,0,0,0
21123,Flood,0,0,0
21123,Tornado,0,0,0
21123,Tropical Storm,0,0,0
21123,Snowstorm,0,0,0
21123,Coastal Storm,0,0,0
21123,Severe Ice Storm,0,0,0
21125,Severe Storm,3,0,0
21125,Fire,0,0,0
21125,Hurricane,0,0,0
21125,Winter Storm,0,0,0
21125,Flood,1,0,0
21125,Tornado,0,0,0
21125,Tropical Storm,0,0,0
21125,Snowstorm,0,0,0
21125,Coastal Storm,0,0,0
21125,Severe Ice Storm,1,0,0
21127,Severe Storm,3,0,0
21127,Fire,0,0,0
21127,Hurricane,0,0,0
21127,Winter Storm,0,0,0
21127,Flood,2,0,0
21127,Tornado,0,0,0
21127,Tropical Storm,1,0,0
21127,Snowstorm,0,0,0
21127,Coastal Storm,0,0,0
21127,Severe Ice Storm,1,0,0
21129,Severe Storm,3,0,0
21129,Fire,0,0,0
21129,Hurricane,0,0,0
21129,Winter Storm,0,0,0
21129,Flood,3,0,0
21129,Tornado,0,0,0
21129,Tropical Storm,1,0,0
21129,Snowstorm,0,0,0
21129,Coastal Storm,0,0,0
21129,Severe Ice Storm,1,0,0
21131,Severe Storm,3,0,0
21131,Fire,0,0,0
21131,Hurricane,0,0,0
21131,Winter Storm,0,0,0
21131,Flood,3,0,0
21131,Tornado,0,0,0
21131,Tropical Storm,0,0,0
21131,Snowstorm,0,0,0
21131,Coastal Storm,0,0,0
21131,Severe Ice Storm,1,0,0
21133,Severe Storm,2,0,0
21133,Fire,0,0,0
21133,Hurricane,0,0,0
21133,Winter Storm,0,0,0
21133,Flood,3,0,0
21133,Tornado,0,0,0
21133,Tropical Storm,1,0,0
21133,Snowstorm,0,0,0
21133,Coastal Storm,0,0,0
21133,Severe Ice Storm,0,0,0
21135,Severe Storm,1,0,0
21135,Fire,0,0,0
21135,Hurricane,0,0,0
21135,Winter Storm,0,0,0
21135,Flood,0,0,0
21135,Tornado,0,0,0
21135,Tropical Storm,1,0,0
21135,Snowstorm,0,0,0
21135,Coastal Storm,0,0,0
21135,Severe Ice Storm,1,0,0
21137,Severe Storm,1,0,0
21137,Fire,0,0,0
21137,Hurricane,0,0,0
21137,Winter Storm,0,0,0
21137,Flood,2,0,0
21137,Tornado,0,0,0
21137,Tropical Storm,0,0,0
21137,Snowstorm,0,0,0
21137,Coastal Storm,0,0,0
21137,Severe Ice Storm,1,0,0
21139,Severe Storm,3,0,0
21139,Fire,0,0,0
21139,Hurricane,0,0,0
21139,Winter Storm,0,0,0
21139,Flood,0,0,0
21139,Tornado,0,0,0
21139,Tropical Storm,0,0,0
21139,Snowstorm,0,0,0
21139,Coastal Storm,0,0,0
21139,Severe Ice Storm,0,0,0
21141,Severe Storm,2,0,0
21141,Fire,0,0,0
21141,Hurricane,0,0,0
21141,Winter Storm,0,0,0
21141,Flood,0,0,0
21141,Tornado,1,0,0
21141,Tropical Storm,0,0,0
21141,Snowstorm,0,0,0
21141,Coastal Storm,0,0,0
21141,Severe Ice Storm,0,0,0
21143,Severe Storm,2,0,0
21143,Fire,0,0,0
21143,Hurricane,0,0,0
21143,Winter Storm,0,0,0
21143,Flood,0,0,0
21143,Tornado,2,0,0
21143,Tropical Storm,0,0,0
21143,Snowstorm,0,0,0
21143,Coastal Storm,0,0,0
21143,Severe Ice Storm,0,0,0
21145,Severe Storm,4,0,0
21145,Fire,0,0,0
21145,Hurricane,0,0,0
21145,Winter Storm,0,0,0
21145,Flood,0,0,0
21145,Tornado,0,0,0
21145,Tropical Storm,0,0,0
21145,Snowstorm,0,0,0
21145,Coastal Storm,0,0,0
21145,Severe Ice Storm,0,0,0
21147,Severe Storm,4,0,0
21147,Fire,0,0,0
21147,Hurricane,0,0,0
21147,Winter Storm,0,0,0
21147,Flood,0,0,0
21147,Tornado,0,0,0
21147,Tropical Storm,0,0,0
21147,Snowstorm,0,0,0
21147,Coastal Storm,0,0,0
21147,Severe Ice Storm,1,0,0
21149,Severe Storm,2,0,0
21149,Fire,0,0,0
21149,Hurricane,0,0,0
21149,Winter Storm,0,0,0
21149,Flood,0,0,0
21149,Tornado,0,0,0
21149,Tropical Storm,0,0,0
21149,Snowstorm,0,0,0
21149,Coastal Storm,0,0,0
21149,Severe Ice Storm,0,0,0
21151,Severe Storm,2,0,0
21151,Fire,0,0,0
21151,Hurricane,0,0,0
21151,Winter Storm,0,0,0
21151,Flood,1,0,0
21151,Tornado,0,0,0
21151,Tropical Storm,0,0,0
21151,Snowstorm,0,0,0
21151,Coastal Storm,0,0,0
21151,Severe Ice Storm,1,0,0
21153,Severe Storm,2,0,0
21153,Fire,0,0,0
21153,Hurricane,0,0,0
21153,Winter Storm,0,0,0
21153,Flood,3,0,0
21153,Tornado,0,0,0
21153,Tropical Storm,1,0,0
21153,Snowstorm,0,0,0
21153,Coastal Storm,0,0,0
21153,Severe Ice Storm,1,0,0
21155,Severe Storm,2,0,0
21155,Fire,0,0,0
21155,Hurricane,0,0,0
21155,Winter Storm,0,0,0
21155,Flood,1,0,0
21155,Tornado,1,0,0
21155,Tropical Storm,0,0,0
21155,Snowstorm,0,0,0
21155,Coastal Storm,0,0,0
21155,Severe Ice Storm,1,0,0
21157,Severe Storm,3,0,0
21157,Fire,0,0,0
21157,Hurricane,0,0,0
21157,Winter Storm,0,0,0
21157,Flood,0,0,0
21157,Tornado,2,0,0
21157,Tropical Storm,0,0,0
21157,Snowstorm,0,0,0
21157,Coastal Storm,0,0,0
21157,Severe Ice Storm,0,0,0
21159,Severe Storm,2,0,0
21159,Fire,0,0,0
21159,Hurricane,0,0,0
21159,Winter Storm,0,0,0
21159,Flood,2,0,0
21159,Tornado,0,0,0
21159,Tropical Storm,0,0,0
21159,Snowstorm,0,0,0
21159,Coastal Storm,0,0,0
21159,Severe Ice Storm,1,0,0
21161,Severe Storm,1,0,0
21161,Fire,0,0,0
21161,Hurricane,0,0,0
21161,Winter Storm,0,0,0
21161,Flood,1,0,0
21161,Tornado,0,0,0
21161,Tropical Storm,0,0,0
21161,Snowstorm,0,0,0
21161,Coastal Storm,0,0,0
21161,Severe Ice Storm,0,0,0
21163,Severe Storm,2,1,1
21163,Fire,0,1,1
21163,Hurricane,0,1,1
21163,Winter Storm,0,1,1
21163,Flood,0,1,1
21163,Tornado,2,1,1
21163,Tropical Storm,0,1,1
21163,Snowstorm,0,1,1
21163,Coastal Storm,0,1,1
21163,Severe Ice Storm,0,1,1
21165,Severe Storm,3,0,0
21165,Fire,0,0,0
21165,Hurricane,0,0,0
21165,Winter Storm,0,0,0
21165,Flood,1,0,0
21165,Tornado,0,0,0
21165,Tropical Storm,1,0,0
21165,Snowstorm,0,0,0
21165,Coastal Storm,0,0,0
21165,Severe Ice Storm,1,0,0
21167,Severe Storm,1,0,0
21167,Fire,0,0,0
21167,Hurricane,0,0,0
21167,Winter Storm,0,0,0
21167,Flood,0,0,0
21167,Tornado,0,0,0
21167,Tropical Storm,0,0,0
21167,Snowstorm,0,0,0
21167,Coastal Storm,0,0,0
21167,Severe Ice Storm,1,0,0
21169,Severe Storm,4,0,0
21169,Fire,0,0,0
21169,Hurricane,0,0,0
21169,Winter Storm,0,0,0
21169,Flood,0,0,0
21169,Tornado,0,0,0
21169,Tropical Storm,0,0,0
21169,Snowstorm,0,0,0
21169,Coastal Storm,0,0,0
21169,Severe Ice Storm,0,0,0
21171,Severe Storm,3,0,0
21171,Fire,0,0,0
21171,Hurricane,0,0,0
21171,Winter Storm,0,0,0
21171,Flood,0,0,0
21171,Tornado,0,0,0
21171,Tropical Storm,0,0,0
21171,Snowstorm,0,0,0
21171,Coastal Storm,0,0,0
21171,Severe Ice Storm,0,0,0
21173,Severe Storm,0,0,0
21173,Fire,0,0,0
21173,Hurricane,0,0,0
21173,Winter Storm,0,0,0
21173,Flood,0,0,0
21173,Tornado,0,0,0
21173,Tropical Storm,1,0,0
21173,Snowstorm,0,0,0
21173,Coastal Storm,0,0,0
21173,Severe Ice Storm,1,0,0
21175,Severe Storm,2,0,0
21175,Fire,0,0,0
21175,Hurricane,0,0,0
21175,Winter Storm,0,0,0
21175,Flood,2,0,0
21175,Tornado,0,0,0
21175,Tropical Storm,1,0,0
21175,Snowstorm,0,0,0
21175,Coastal Storm,0,0,0
21175,Severe Ice Storm,1,0,0
21177,Severe Storm,2,0,0
21177,Fire,0,0,0
21177,Hurricane,0,0,0
21177,Winter Storm,0,0,0
21177,Flood,0,0,0
21177,Tornado,2,0,0
21177,Tropical Storm,0,0,0
21177,Snowstorm,0,0,0
21177,Coastal Storm,0,0,0
21177,Severe Ice Storm,0,0,0
21179,Severe Storm,1,0,0
21179,Fire,0,0,0
21179,Hurricane,0,0,0
21179,Winter Storm,0,0,0
21179,Flood,0,0,0
21179,Tornado,0,0,0
21179,Tropical Storm,0,0,0
21179,Snowstorm,0,0,0
21179,Coastal Storm,0,0,0
21179,Severe Ice Storm,1,0,0
21181,Severe Storm,2,0,0
21181,Fire,0,0,0
21181,Hurricane,0,0,0
21181,Winter Storm,0,0,0
21181,Flood,0,0,0
21181,Tornado,0,0,0
21181,Tropical Storm,1,0,0
21181,Snowstorm,0,0,0
21181,Coastal Storm,0,0,0
21181,Severe Ice Storm,1,0,0
21183,Severe Storm,2,0,0
21183,Fire,0,0,0
21183,Hurricane,0,0,0
21183,Winter Storm,0,0,0
21183,Flood,1,0,0
21183,Tornado,2,0,0
21183,Tropical Storm,0,0,0
21183,Snowstorm,0,0,0
21183,Coastal Storm,0,0,0
21183,Severe Ice Storm,0,0,0
21185,Severe Storm,1,1,2
21185,Fire,0,1,2
21185,Hurricane,0,1,2
21185,Winter Storm,0,1,2
21185,Flood,0,1,2
21185,Tornado,0,1,2
21185,Tropical Storm,0,1,2
21185,Snowstorm,0,1,2
21185,Coastal Storm,0,1,2
21185,Severe Ice Storm,0,1,2
21187,Severe Storm,2,0,0
21187,Fire,0,0,0
21187,Hurricane,0,0,0
21187,Winter Storm,0,0,0
21187,Flood,0,0,0
21187,Tornado,0,0,0
21187,Tropical Storm,0,0,0
21187,Snowstorm,0,0,0
21187,Coastal Storm,0,0,0
21187,Severe Ice Storm,0,0,0
21189,Severe Storm,5,0,0
21189,Fire,0,0,0
21189,Hurricane,0,0,0
21189,Winter Storm,0,0,0
21189,Flood,3,0,0
21189,Tornado,0,0,0
21189,Tropical Storm,1,0,0
21189,Snowstorm,0,0,0
21189,Coastal Storm,0,0,0
21189,Severe Ice Storm,1,0,0
21191,Severe Storm,1,0,0
21191,Fire,0,0,0
21191,Hurricane,0,0,0
21191,Winter Storm,0,0,0
21191,Flood,0,0,0
21191,Tornado,0,0,0
21191,Tropical Storm,0,0,0
21191,Snowstorm,0,0,0
21191,Coastal Storm,0,0,0
21191,Severe Ice Storm,0,0,0
21193,Severe Storm,3,0,0
21193,Fire,0,0,0
21193,Hurricane,0,0,0
21193,Winter Storm,0,0,0
21193,Flood,3,0,0
21193,Tornado,0,0,0
21193,Tropical Storm,0,0,0
21193,Snowstorm,0,0,0
21193,Coastal Storm,0,0,0
21193,Severe Ice Storm,1,0,0
21195,Severe Storm,3,0,0
21195,Fire,0,0,0
21195,Hurricane,0,0,0
21195,Winter Storm,0,0,0
21195,Flood,2,0,0
21195,Tornado,0,0,0
21195,Tropical Storm,0,0,0
21195,Snowstorm,0,0,0
21195,Coastal Storm,0,0,0
21195,Severe Ice Storm,0,0,0
21197,Severe Storm,3,0,0
21197,Fire,0,0,0
21197,Hurricane,0,0,0
21197,Winter Storm,0,0,0
21197,Flood,3,0,0
21197,Tornado,0,0,0
21197,Tropical Storm,1,0,0
21197,Snowstorm,0,0,0
21197,Coastal Storm,0,0,0
21197,Severe Ice Storm,1,0,0
21199,Severe Storm,2,0,0
21199,Fire,0,0,0
21199,Hurricane,0,0,0
21199,Winter Storm,0,0,0
21199,Flood,1,0,0
21199,Tornado,0,0,0
21199,Tropical Storm,0,0,0
21199,Snowstorm,0,0,0
21199,Coastal Storm,0,0,0
21199,Severe Ice Storm,1,0,0
21201,Severe Storm,1,0,0
21201,Fire,0,0,0
21201,Hurricane,0,0,0
21201,Winter Storm,0,0,0
21201,Flood,0,0,0
21201,Tornado,0,0,0
21201,Tropical Storm,1,0,0
21201,Snowstorm,0,0,0
21201,Coastal Storm,0,0,0
21201,Severe Ice Storm,0,0,0
21203,Severe Storm,3,0,0
21203,Fire,0,0,0
21203,Hurricane,0,0,0
21203,Winter Storm,0,0,0
21203,Flood,1,0,0
21203,Tornado,0,0,0
21203,Tropical Storm,1,0,0
21203,Snowstorm,0,0,0
21203,Coastal Storm,0,0,0
21203,Severe Ice Storm,1,0,0
21205,Severe Storm,0,0,0
21205,Fire,0,0,0
21205,Hurricane,0,0,0
21205,Winter Storm,0,0,0
21205,Flood,0,0,0
21205,Tornado,0,0,0
21205,Tropical Storm,1,0,0
21205,Snowstorm,0,0,0
21205,Coastal Storm,0,0,0
21205,Severe Ice Storm,1,0,0
21207,Severe Storm,3,0,0
21207,Fire,0,0,0
21207,Hurricane,0,0,0
21207,Winter Storm,0,0,0
21207,Flood,0,0,0
21207,Tornado,0,0,0
21207,Tropical Storm,0,0,0
21207,Snowstorm,0,0,0
21207,Coastal Storm,0,0,0
21207,Severe Ice Storm,0,0,0
21209,Severe Storm,0,0,0
21209,Fire,0,0,0
21209,Hurricane,0,0,0
21209,Winter Storm,0,0,0
21209,Flood,0,0,0
21209,Tornado,0,0,0
21209,Tropical Storm,0,0,0
21209,Snowstorm,0,0,0
21209,Coastal Storm,0,0,0
21209,Severe Ice Storm,0,0,0
21211,Severe Storm,1,0,0
21211,Fire,0,0,0
21211,Hurricane,0,0,0
21211,Winter Storm,0,0,0
21211,Flood,0,0,0
21211,Tornado,2,0,0
21211,Tropical Storm,0,0,0
21211,Snowstorm,0,0,0
21211,Coastal Storm,0,0,0
21211,Severe Ice Storm,0,0,0
21213,Severe Storm,2,0,0
21213,Fire,0,0,0
21213,Hurricane,0,0,0
21213,Winter Storm,0,0,0
21213,Flood,0,0,0
21213,Tornado,0,0,0
21213,Tropical Storm,0,0,0
21213,Snowstorm,0,0,0
21213,Coastal Storm,0,0,0
21213,Severe Ice Storm,0,0,0
21215,Severe Storm,1,0,0
21215,Fire,0,0,0
21215,Hurricane,0,0,0
21215,Winter Storm,0,0,0
21215,Flood,0,0,0
21215,Tornado,2,0,0
21215,Tropical Storm,0,0,0
21215,Snowstorm,0,0,0
21215,Coastal Storm,0,0,0
21215,Severe Ice Storm,0,0,0
21217,Severe Storm,2,0,0
21217,Fire,0,0,0
21217,Hurricane,0,0,0
21217,Winter Storm,0,0,0
21217,Flood,0,0,0
21217,Tornado,1,0,0
21217,Tropical Storm,0,0,0
21217,Snowstorm,0,0,0
21217,Coastal Storm,0,0,0
21217,Severe Ice Storm,1,0,0
21219,Severe Storm,2,0,0
21219,Fire,0,0,0
21219,Hurricane,0,0,0
21219,Winter Storm,0,0,0
21219,Flood,0,0,0
21219,Tornado,1,0,0
21219,Tropical Storm,0,0,0
21219,Snowstorm,0,0,0
21219,Coastal Storm,0,0,0
21219,Severe Ice Storm,0,0,0
21221,Severe Storm,3,0,0
21221,Fire,0,0,0
21221,Hurricane,0,0,0
21221,Winter Storm,0,0,0
21221,Flood,0,0,0
21221,Tornado,0,0,0
21221,Tropical Storm,0,0,0
21221,Snowstorm,0,0,0
21221,Coastal Storm,0,0,0
21221,Severe Ice Storm,0,0,0
21223,Severe Storm,1,0,0
21223,Fire,0,0,0
21223,Hurricane,0,0,0
21223,Winter Storm,0,0,0
21223,Flood,0,0,0
21223,Tornado,0,0,0
21223,Tropical Storm,0,0,0
21223,Snowstorm,0,0,0
21223,Coastal Storm,0,0,0
21223,Severe Ice Storm,0,0,0
21225,Severe Storm,4,0,0
21225,Fire,0,0,0
21225,Hurricane,0,0,0
21225,Winter Storm,0,0,0
21225,Flood,1,0,0
21225,Tornado,0,0,0
21225,Tropical Storm,0,0,0
21225,Snowstorm,0,0,0
21225,Coastal Storm,0,0,0
21225,Severe Ice Storm,0,0,0
21227,Severe Storm,2,0,0
21227,Fire,0,0,0
21227,Hurricane,0,0,0
21227,Winter Storm,0,0,0
21227,Flood,1,0,0
21227,Tornado,2,0,0
21227,Tropical Storm,0,0,0
21227,Snowstorm,0,0,0
21227,Coastal Storm,0,0,0
21227,Severe Ice Storm,0,0,0
21229,Severe Storm,3,0,0
21229,Fire,0,0,0
21229,Hurricane,0,0,0
21229,Winter Storm,0,0,0
21229,Flood,0,0,0
21229,Tornado,0,0,0
21229,Tropical Storm,1,0,0
21229,Snowstorm,0,0,0
21229,Coastal Storm,0,0,0
21229,Severe Ice Storm,0,0,0
21231,Severe Storm,3,0,0
21231,Fire,0,0,0
21231,Hurricane,0,0,0
21231,Winter Storm,0,0,0
21231,Flood,0,0,0
21231,Tornado,0,0,0
21231,Tropical Storm,0,0,0
21231,Snowstorm,0,0,0
21231,Coastal Storm,0,0,0
21231,Severe Ice Storm,1,0,0
21233,Severe Storm,2,0,0
21233,Fire,0,0,0
21233,Hurricane,0,0,0
21233,Winter Storm,0,0,0
21233,Flood,0,0,0
21233,Tornado,0,0,0
21233,Tropical Storm,0,0,0
21233,Snowstorm,0,0,0
21233,Coastal Storm,0,0,0
21233,Severe Ice Storm,0,0,0
21235,Severe Storm,5,0,0
21235,Fire,0,0,0
21235,Hurricane,0,0,0
21235,Winter Storm,0,0,0
21235,Flood,3,0,0
21235,Tornado,0,0,0
21235,Tropical Storm,0,0,0
21235,Snowstorm,0,0,0
21235,Coastal Storm,0,0,0
21235,Severe Ice Storm,1,0,0
21237,Severe Storm,2,0,0
21237,Fire,0,0,0
21237,Hurricane,0,0,0
21237,Winter Storm,0,0,0
21237,Flood,3,0,0
21237,Tornado,0,0,0
21237,Tropical Storm,1,0,0
21237,Snowstorm,0,0,0
21237,Coastal Storm,0,0,0
21237,Severe Ice Storm,1,0,0
21239,Severe Storm,2,0,0
21239,Fire,0,0,0
21239,Hurricane,0,0,0
21239,Winter Storm,0,0,0
21239,Flood,1,0,0
21239,Tornado,0,0,0
21239,Tropical Storm,0,0,0
21239,Snowstorm,0,0,0
21239,Coastal Storm,0,0,0
21239,Severe Ice Storm,0,0,0
22001,Severe Storm,0,0,0
22001,Fire,0,0,0
22001,Hurricane,10,0,0
22001,Winter Storm,0,0,0
22001,Flood,0,0,0
22001,Tornado,0,0,0
22001,Tropical Storm,0,0,0
22001,Snowstorm,0,0,0
22001,Coastal Storm,3,0,0
22001,Severe Ice Storm,2,0,0
22003,Severe Storm,0,0,0
22003,Fire,0,0,0
22003,Hurricane,11,0,0
22003,Winter Storm,0,0,0
22003,Flood,0,0,0
22003,Tornado,0,0,0
22003,Tropical Storm,0,0,0
22003,Snowstorm,0,0,0
22003,Coastal Storm,3,0,0
22003,Severe Ice Storm,2,0,0
22005,Severe Storm,0,0,0
22005,Fire,0,0,0
22005,Hurricane,12,0,0
22005,Winter Storm,0,0,0
22005,Flood,1,0,0
22005,Tornado,0,0,0
22005,Tropical Storm,0,0,0
22005,Snowstorm,0,0,0
22005,Coastal Storm,3,0,0
22005,Severe Ice Storm,2,0,0
22007,Severe Storm,0,0,0
22007,Fire,0,0,0
22007,Hurricane,12,0,0
22007,Winter Storm,0,0,0
22007,Flood,3,0,0
22007,Tornado,0,0,0
22007,Tropical Storm,0,0,0
22007,Snowstorm,0,0,0
22007,Coastal Storm,3,0,0
22007,Severe Ice Storm,2,0,0
22009,Severe Storm,0,0,0
22009,Fire,0,0,0
22009,Hurricane,9,0,0
22009,Winter Storm,0,0,0
22009,Flood,0,0,0
22009,Tornado,0,0,0
22009,Tropical Storm,0,0,0
22009,Snowstorm,0,0,0
22009,Coastal Storm,3,0,0
22009,Severe Ice Storm,2,0,0
22011,Severe Storm,0,0,0
22011,Fire,1,0,0
22011,Hurricane,10,0,0
22011,Winter Storm,0,0,0
22011,Flood,0,0,0
22011,Tornado,0,0,0
22011,Tropical Storm,0,0,0
22011,Snowstorm,0,0,0
22011,Coastal Storm,3,0,0
22011,Severe Ice Storm,2,0,0
22013,Severe Storm,0,0,0
22013,Fire,0,0,0
22013,Hurricane,9,0,0
22013,Winter Storm,0,0,0
22013,Flood,0,0,0
22013,Tornado,0,0,0
22013,Tropical Storm,0,0,0
22013,Snowstorm,0,0,0
22013,Coastal Storm,2,0,0
22013,Severe Ice Storm,2,0,0
22015,Severe Storm,0,1,1
22015,Fire,0,1,1
22015,Hurricane,9,1,1
22015,Winter Storm,0,1,1
22015,Flood,0,1,1
22015,Tornado,0,1,1
22015,Tropical Storm,0,1,1
22015,Snowstorm,0,1,1
22015,Coastal Storm,2,1,1
22015,Severe Ice Storm,2,1,1
22017,Severe Storm,0,1,2
22017,Fire,0,1,2
22017,Hurricane,9,1,2
22017,Winter Storm,0,1,2
22017,Flood,0,1,2
22017,Tornado,0,1,2
22017,Tropical Storm,0,1,2
22017,Snowstorm,0,1,2
22017,Coastal Storm,2,1,2
22017,Severe Ice Storm,2,1,2
22019,Severe Storm,0,0,0
22019,Fire,0,0,0
22019,Hurricane,10,0,0
22019,Winter Storm,0,0,0
22019,Flood,1,0,0
22019,Tornado,0,0,0
22019,Tropical Storm,0,0,0
22019,Snowstorm,0,0,0
22019,Coastal Storm,3,0,0
22019,Severe Ice Storm,2,0,0
22021,Severe Storm,0,0,0
22021,Fire,0,0,0
22021,Hurricane,9,0,0
22021,Winter Storm,0,0,0
22021,Flood,1,0,0
22021,Tornado,0,0,0
22021,Tropical Storm,0,0,0
22021,Snowstorm,0,0,0
22021,Coastal Storm,2,0,0
22021,Severe Ice Storm,2,0,0
22023,Severe Storm,0,0,0
22023,Fire,0,0,0
22023,Hurricane,11,0,0
22023,Winter Storm,0,0,0
22023,Flood,0,0,0
22023,Tornado,0,0,0
22023,Tropical Storm,0,0,0
22023,Snowstorm,0,0,0
22023,Coastal Storm,3,0,0
22023,Severe Ice Storm,2,0,0
22025,Severe Storm,0,0,0
22025,Fire,0,0,0
22025,Hurricane,9,0,0
22025,Winter Storm,0,0,0
22025,Flood,2,0,0
22025,Tornado,0,0,0
22025,Tropical Storm,0,0,0
22025,Snowstorm,0,0,0
22025,Coastal Storm,3,0,0
22025,Severe Ice Storm,2,0,0
22027,Severe Storm,0,0,0
22027,Fire,0,0,0
22027,Hurricane,9,0,0
22027,Winter Storm,0,0,0
22027,Flood,0,0,0
22027,Tornado,0,0,0
22027,Tropical Storm,0,0,0
22027,Snowstorm,0,0,0
22027,Coastal Storm,2,0,0
22027,Severe Ice Storm,2,0,0
22029,Severe Storm,0,0,0
22029,Fire,0,0,0
22029,Hurricane,9,0,0
22029,Winter Storm,0,0,0
22029,Flood,2,0,0
22029,Tornado,0,0,0
22029,Tropical Storm,0,0,0
22029,Snowstorm,0,0,0
22029,Coastal Storm,3,0,0
22029,Severe Ice Storm,2,0,0
22031,Severe Storm,0,0,0
22031,Fire,0,0,0
22031,Hurricane,9,0,0
22031,Winter Storm,0,0,0
22031,Flood,0,0,0
22031,Tornado,0,0,0
22031,Tropical Storm,0,0,0
22031,Snowstorm,0,0,0
22031,Coastal Storm,2,0,0
22031,Severe Ice Storm,2,0,0
22033,Severe Storm,0,1,1
22033,Fire,0,1,1
22033,Hurricane,12,1,1
22033,Winter Storm,0,1,1
22033,Flood,1,1,1
22033,Tornado,0,1,1
22033,Tropical Storm,0,1,1
22033,Snowstorm,0,1,1
22033,Coastal Storm,3,1,1
22033,Severe Ice Storm,2,1,1
22035,Severe Storm,0,0,0
22035,Fire,0,0,0
22035,Hurricane,9,0,0
22035,Winter Storm,0,0,0
22035,Flood,1,0,0
22035,Tornado,0,0,0
22035,Tropical Storm,0,0,0
22035,Snowstorm,0,0,0
22035,Coastal Storm,2,0,0
22035,Severe Ice Storm,2,0,0
22037,Severe Storm,0,1,1
22037,Fire,0,1,1
22037,Hurricane,12,1,1
22037,Winter Storm,0,1,1
22037,Flood,0,1,1
22037,Tornado,0,1,1
22037,Tropical Storm,0,1,1
22037,Snowstorm,0,1,1
22037,Coastal Storm,3,1,1
22037,Severe Ice Storm,2,1,1
22039,Severe Storm,0,0,0
22039,Fire,0,0,0
22039,Hurricane,10,0,0
22039,Winter Storm,0,0,0
22039,Flood,0,0,0
22039,Tornado,0,0,0
22039,Tropical Storm,0,0,0
22039,Snowstorm,0,0,0
22039,Coastal Storm,3,0,0
22039,Severe Ice Storm,2,0,0
22041,Severe Storm,0,0,0
22041,Fire,0,0,0
22041,Hurricane,9,0,0
22041,Winter Storm,0,0,0
22041,Flood,1,0,0
22041,Tornado,0,0,0
22041,Tropical Storm,0,0,0
22041,Snowstorm,0,0,0
22041,Coastal Storm,2,0,0
22041,Severe Ice Storm,2,0,0
22043,Severe Storm,0,0,0
22043,Fire,0,0,0
22043,Hurricane,9,0,0
22043,Winter Storm,0,0,0
22043,Flood,0,0,0
22043,Tornado,0,0,0
22043,Tropical Storm,0,0,0
22043,Snowstorm,0,0,0
22043,Coastal Storm,2,0,0
22043,Severe Ice Storm,2,0,0
22045,Severe Storm,0,0,0
22045,Fire,0,0,0
22045,Hurricane,11,0,0
22045,Winter Storm,0,0,0
22045,Flood,0,0,0
22045,Tornado,0,0,0
22045,Tropical Storm,0,0,0
22045,Snowstorm,0,0,0
22045,Coastal Storm,3,0,0
22045,Severe Ice Storm,2,0,0
22047,Severe Storm,0,0,0
22047,Fire,0,0,0
22047,Hurricane,12,0,0
22047,Winter Storm,0,0,0
22047,Flood,3,0,0
22047,Tornado,0,0,0
22047,Tropical Storm,0,0,0
22047,Snowstorm,0,0,0
22047,Coastal Storm,3,0,0
22047,Severe Ice Storm,2,0,0
22049,Severe Storm,0,0,0
22049,Fire,0,0,0
22049,Hurricane,9,0,0
22049,Winter Storm,0,0,0
22049,Flood,0,0,0
22049,Tornado,0,0,0
22049,Tropical Storm,0,0,0
22049,Snowstorm,0,0,0
22049,Coastal Storm,2,0,0
22049,Severe Ice Storm,2,0,0
22051,Severe Storm,0,0,0
22051,Fire,0,0,0
22051,Hurricane,12,0,0
22051,Winter Storm,0,0,0
22051,Flood,0,0,0
22051,Tornado,0,0,0
22051,Tropical Storm,0,0,0
22051,Snowstorm,0,0,0
22051,Coastal Storm,3,0,0
22051,Severe Ice Storm,2,0,0
22053,Severe Storm,0,0,0
22053,Fire,0,0,0
22053,Hurricane,10,0,0
22053,Winter Storm,0,0,0
22053,Flood,0,0,0
22053,Tornado,0,0,0
22053,Tropical Storm,0,0,0
22053,Snowstorm,0,0,0
22053,Coastal Storm,3,0,0
22053,Severe Ice Storm,2,0,0
22055,Severe Storm,0,0,0
22055,Fire,0,0,0
22055,Hurricane,11,0,0
22055,Winter Storm,0,0,0
22055,Flood,1,0,0
22055,Tornado,0,0,0
22055,Tropical Storm,0,0,0
22055,Snowstorm,0,0,0
22055,Coastal Storm,3,0,0
22055,Severe Ice Storm,2,0,0
22057,Severe Storm,0,0,0
22057,Fire,0,0,0
22057,Hurricane,12,0,0
22057,Winter Storm,0,0,0
22057,Flood,1,0,0
22057,Tornado,0,0,0
22057,Tropical Storm,0,0,0
22057,Snowstorm,0,0,0
22057,Coastal Storm,3,0,0
22057,Severe Ice Storm,2,0,0
22059,Severe Storm,0,0,0
22059,Fire,0,0,0
22059,Hurricane,9,0,0
22059,Winter Storm,0,0,0
22059,Flood,0,0,0
22059,Tornado,0,0,0
22059,Tropical Storm,0,0,0
22059,Snowstorm,0,0,0
22059,Coastal Storm,2,0,0
22059,Severe Ice Storm,2,0,0
22061,Severe Storm,1,0,0
22061,Fire,0,0,0
22061,Hurricane,9,0,0
22061,Winter Storm,0,0,0
22061,Flood,0,0,0
22061,Tornado,0,0,0
22061,Tropical Storm,0,0,0
22061,Snowstorm,0,0,0
22061,Coastal Storm,2,0,0
22061,Severe Ice Storm,2,0,0
22063,Severe Storm,0,0,0
22063,Fire,0,0,0
22063,Hurricane,12,0,0
22063,Winter Storm,0,0,0
22063,Flood,0,0,0
22063,Tornado,0,0,0
22063,Tropical Storm,0,0,0
22063,Snowstorm,0,0,0
22063,Coastal Storm,3,0,0
22063,Severe Ice Storm,2,0,0
22065,Severe Storm,0,0,0
22065,Fire,0,0,0
22065,Hurricane,9,0,0
22065,Winter Storm,0,0,0
22065,Flood,0,0,0
22065,Tornado,0,0,0
22065,Tropical Storm,0,0,0
22065,Snowstorm,0,0,0
22065,Coastal Storm,2,0,0
22065,Severe Ice Storm,2,0,0
22067,Severe Storm,1,1,1
22067,Fire,0,1,1
22067,Hurricane,9,1,1
22067,Winter Storm,0,1,1
22067,Flood,0,1,1
22067,Tornado,0,1,1
22067,Tropical Storm,0,1,1
22067,Snowstorm,0,1,1
22067,Coastal Storm,2,1,1
22067,Severe Ice Storm,2,1,1
22069,Severe Storm,0,0,0
22069,Fire,0,0,0
22069,Hurricane,9,0,0
22069,Winter Storm,0,0,0
22069,Flood,0,0,0
22069,Tornado,0,0,0
22069,Tropical Storm,0,0,0
22069,Snowstorm,0,0,0
22069,Coastal Storm,2,0,0
22069,Severe Ice Storm,2,0,0
22071,Severe Storm,0,0,0
22071,Fire,0,0,0
22071,Hurricane,12,0,0
22071,Winter Storm,0,0,0
22071,Flood,0,0,0
22071,Tornado,0,0,0
22071,Tropical Storm,0,0,0
22071,Snowstorm,0,0,0
22071,Coastal Storm,3,0,0
22071,Severe Ice Storm,2,0,0
22073,Severe Storm,0,0,0
22073,Fire,0,0,0
22073,Hurricane,9,0,0
22073,Winter Storm,0,0,0
22073,Flood,1,0,0
22073,Tornado,0,0,0
22073,Tropical Storm,0,0,0
22073,Snowstorm,0,0,0
22073,Coastal Storm,3,0,0
22073,Severe Ice Storm,2,0,0
22075,Severe Storm,0,0,0
22075,Fire,0,0,0
22075,Hurricane,12,0,0
22075,Winter Storm,0,0,0
22075,Flood,0,0,0
22075,Tornado,0,0,0
22075,Tropical Storm,0,0,0
22075,Snowstorm,0,0,0
22075,Coastal Storm,3,0,0
22075,Severe Ice Storm,2,0,0
22077,Severe Storm,0,0,0
22077,Fire,0,0,0
22077,Hurricane,11,0,0
22077,Winter Storm,0,0,0
22077,Flood,2,0,0
22077,Tornado,0,0,0
22077,Tropical Storm,0,0,0
22077,Snowstorm,0,0,0
22077,Coastal Storm,3,0,0
22077,Severe Ice Storm,2,0,0
22079,Severe Storm,0,0,0
22079,Fire,1,0,0
22079,Hurricane,9,0,0
22079,Winter Storm,0,0,0
22079,Flood,2,0,0
22079,Tornado,0,0,0
22079,Tropical Storm,0,0,0
22079,Snowstorm,0,0,0
22079,Coastal Storm,3,0,0
22079,Severe Ice Storm,2,0,0
22081,Severe Storm,0,0,0
22081,Fire,0,0,0
22081,Hurricane,9,0,0
22081,Winter Storm,0,0,0
22081,Flood,0,0,0
22081,Tornado,0,0,0
22081,Tropical Storm,0,0,0
22081,Snowstorm,0,0,0
22081,Coastal Storm,2,0,0
22081,Severe Ice Storm,2,0,0
22083,Severe Storm,0,1,1
22083,Fire,0,1,1
22083,Hurricane,9,1,1
22083,Winter Storm,0,1,1
22083,Flood,0,1,1
22083,Tornado,0,1,1
22083,Tropical Storm,0,1,1
22083,Snowstorm,0,1,1
22083,Coastal Storm,2,1,1
22083,Severe Ice Storm,2,1,1
22085,Severe Storm,0,0,0
22085,Fire,0,0,0
22085,Hurricane,9,0,0
22085,Winter Storm,0,0,0
22085,Flood,0,0,0
22085,Tornado,0,0,0
22085,Tropical Storm,0,0,0
22085,Snowstorm,0,0,0
22085,Coastal Storm,2,0,0
22085,Severe Ice Storm,2,0,0
22087,Severe Storm,0,0,0
22087,Fire,0,0,0
22087,Hurricane,12,0,0
22087,Winter Storm,0,0,0
22087,Flood,0,0,0
22087,Tornado,0,0,0
22087,Tropical Storm,0,0,0
22087,Snowstorm,0,0,0
22087,Coastal Storm,3,0,0
22087,Severe Ice Storm,2,0,0
22089,Severe Storm,0,0,0
22089,Fire,0,0,0
22089,Hurricane,12,0,0
22089,Winter Storm,0,0,0
22089,Flood,0,0,0
22089,Tornado,0,0,0
22089,Tropical Storm,0,0,0
22089,Snowstorm,0,0,0
22089,Coastal Storm,3,0,0
22089,Severe Ice Storm,2,0,0
22091,Severe Storm,0,0,0
22091,Fire,0,0,0
22091,Hurricane,12,0,0
22091,Winter Storm,0,0,0
22091,Flood,0,0,0
22091,Tornado,0,0,0
22091,Tropical Storm,0,0,0
22091,Snowstorm,0,0,0
22091,Coastal Storm,3,0,0
22091,Severe Ice Storm,2,0,0
22093,Severe Storm,0,0,0
22093,Fire,0,0,0
22093,Hurricane,11,0,0
22093,Winter Storm,0,0,0
22093,Flood,0,0,0
22093,Tornado,0,0,0
22093,Tropical Storm,0,0,0
22093,Snowstorm,0,0,0
22093,Coastal Storm,3,0,0
22093,Severe Ice Storm,2,0,0
22095,Severe Storm,0,0,0
22095,Fire,0,0,0
22095,Hurricane,12,0,0
22095,Winter Storm,0,0,0
22095,Flood,0,0,0
22095,Tornado,0,0,0
22095,Tropical Storm,0,0,0
22095,Snowstorm,0,0,0
22095,Coastal Storm,3,0,0
22095,Severe Ice Storm,2,0,0
22097,Severe Storm,0,0,0
22097,Fire,0,0,0
22097,Hurricane,11,0,0
22097,Winter Storm,0,0,0
22097,Flood,1,0,0
22097,Tornado,0,0,0
22097,Tropical Storm,0,0,0
22097,Snowstorm,0,0,0
22097,Coastal Storm,3,0,0
22097,Severe Ice Storm,2,0,0
22099,Severe Storm,0,0,0
22099,Fire,0,0,0
22099,Hurricane,12,0,0
22099,Winter Storm,0,0,0
22099,Flood,2,0,0
22099,Tornado,0,0,0
22099,Tropical Storm,0,0,0
22099,Snowstorm,0,0,0
22099,Coastal Storm,3,0,0
22099,Severe Ice Storm,2,0,0
22101,Severe Storm,0,0,0
22101,Fire,0,0,0
22101,Hurricane,12,0,0
22101,Winter Storm,0,0,0
22101,Flood,2,0,0
22101,Tornado,0,0,0
22101,Tropical Storm,0,0,0
22101,Snowstorm,0,0,0
22101,Coastal Storm,3,0,0
22101,Severe Ice Storm,2,0,0
22103,Severe Storm,0,0,0
22103,Fire,0,0,0
22103,Hurricane,11,0,0
22103,Winter Storm,0,0,0
22103,Flood,0,0,0
22103,Tornado,0,0,0
22103,Tropical Storm,0,0,0
22103,Snowstorm,0,0,0
22103,Coastal Storm,3,0,0
22103,Severe Ice Storm,2,0,0
22105,Severe Storm,0,0,0
22105,Fire,0,0,0
22105,Hurricane,12,0,0
22105,Winter Storm,0,0,0
22105,Flood,0,0,0
22105,Tornado,0,0,0
22105,Tropical Storm,0,0,0
22105,Snowstorm,0,0,0
22105,Coastal Storm,3,0,0
22105,Severe Ice Storm,2,0,0
22107,Severe Storm,0,0,0
22107,Fire,0,0,0
22107,Hurricane,9,0,0
22107,Winter Storm,0,0,0
22107,Flood,0,0,0
22107,Tornado,0,0,0
22107,Tropical Storm,0,0,0
22107,Snowstorm,0,0,0
22107,Coastal Storm,2,0,0
22107,Severe Ice Storm,2,0,0
22109,Severe Storm,0,0,0
22109,Fire,0,0,0
22109,Hurricane,12,0,0
22109,Winter Storm,0,0,0
22109,Flood,2,0,0
22109,Tornado,0,0,0
22109,Tropical Storm,0,0,0
22109,Snowstorm,0,0,0
22109,Coastal Storm,3,0,0
22109,Severe Ice Storm,2,0,0
22111,Severe Storm,1,0,0
22111,Fire,0,0,0
22111,Hurricane,9,0,0
22111,Winter Storm,0,0,0
22111,Flood,0,0,0
22111,Tornado,0,0,0
22111,Tropical Storm,0,0,0
22111,Snowstorm,0,0,0
22111,Coastal Storm,2,0,0
22111,Severe Ice Storm,2,0,0
22113,Severe Storm,0,0,0
22113,Fire,0,0,0
22113,Hurricane,11,0,0
22113,Winter Storm,0,0,0
22113,Flood,0,0,0
22113,Tornado,0,0,0
22113,Tropical Storm,0,0,0
22113,Snowstorm,0,0,0
22113,Coastal Storm,3,0,0
22113,Severe Ice Storm,2,0,0
22115,Severe Storm,0,0,0
22115,Fire,3,0,0
22115,Hurricane,9,0,0
22115,Winter Storm,0,0,0
22115,Flood,0,0,0
22115,Tornado,0,0,0
22115,Tropical Storm,0,0,0
22115,Snowstorm,0,0,0
22115,Coastal Storm,3,0,0
22115,Severe Ice Storm,2,0,0
22117,Severe Storm,0,0,0
22117,Fire,0,0,0
22117,Hurricane,11,0,0
22117,Winter Storm,0,0,0
22117,Flood,0,0,0
22117,Tornado,0,0,0
22117,Tropical Storm,0,0,0
22117,Snowstorm,0,0,0
22117,Coastal Storm,3,0,0
22117,Severe Ice Storm,2,0,0
22119,Severe Storm,0,0,0
22119,Fire,0,0,0
22119,Hurricane,9,0,0
22119,Winter Storm,0,0,0
22119,Flood,0,0,0
22119,Tornado,0,0,0
22119,Tropical Storm,0,0,0
22119,Snowstorm,0,0,0
22119,Coastal Storm,2,0,0
22119,Severe Ice Storm,2,0,0
22121,Severe Storm,0,0,0
22121,Fire,0,0,0
22121,Hurricane,10,0,0
22121,Winter Storm,0,0,0
22121,Flood,0,0,0
22121,Tornado,0,0,0
22121,Tropical Storm,0,0,0
22121,Snowstorm,0,0,0
22121,Coastal Storm,3,0,0
22121,Severe Ice Storm,2,0,0
22123,Severe Storm,0,1,1
22123,Fire,0,1,1
22123,Hurricane,9,1,1
22123,Winter Storm,0,1,1
22123,Flood,0,1,1
22123,Tornado,0,1,1
22123,Tropical Storm,0,1,1
22123,Snowstorm,0,1,1
22123,Coastal Storm,2,1,1
22123,Severe Ice Storm,2,1,1
22125,Severe Storm,0,1,1
22125,Fire,0,1,1
22125,Hurricane,12,1,1
22125,Winter Storm,0,1,1
22125,Flood,2,1,1
22125,Tornado,0,1,1
22125,Tropical Storm,0,1,1
22125,Snowstorm,0,1,1
22125,Coastal Storm,3,1,1
22125,Severe Ice Storm,2,1,1
22127,Severe Storm,0,0,0
22127,Fire,0,0,0
22127,Hurricane,9,0,0
22127,Winter Storm,0,0,0
22127,Flood,0,0,0
22127,Tornado,0,0,0
22127,Tropical Storm,0,0,0
22127,Snowstorm,0,0,0
22127,Coastal Storm,2,0,0
22127,Severe Ice Storm,2,0,0
23001,Severe Storm,1,0,0
23001,Fire,0,0,0
23001,Hurricane,1,0,0
23001,Winter Storm,0,0,0
23001,Flood,0,0,0
23001,Tornado,0,0,0
23001,Tropical Storm,0,0,0
23001,Snowstorm,0,0,0
23001,Coastal Storm,0,0,0
23001,Severe Ice Storm,0,0,0
23003,Severe Storm,0,0,0
23003,Fire,0,0,0
23003,Hurricane,1,0,0
23003,Winter Storm,0,0,0
23003,Flood,0,0,0
23003,Tornado,0,0,0
23003,Tropical Storm,0,0,0
23003,Snowstorm,0,0,0
23003,Coastal Storm,0,0,0
23003,Severe Ice Storm,0,0,0
23005,Severe Storm,1,0,0
23005,Fire,0,0,0
23005,Hurricane,1,0,0
23005,Winter Storm,1,0,0
23005,Flood,0,0,0
23005,Tornado,0,0,0
23005,Tropical Storm,0,0,0
23005,Snowstorm,0,0,0
23005,Coastal Storm,0,0,0
23005,Severe Ice Storm,0,0,0
23007,Severe Storm,2,0,0
23007,Fire,0,0,0
23007,Hurricane,1,0,0
23007,Winter Storm,0,0,0
23007,Flood,2,0,0
23007,Tornado,0,0,0
23007,Tropical Storm,0,0,0
23007,Snowstorm,0,0,0
23007,Coastal Storm,0,0,0
23007,Severe Ice Storm,0,0,0
23009,Severe Storm,2,0,0
23009,Fire,0,0,0
23009,Hurricane,1,0,0
23009,Winter Storm,0,0,0
23009,Flood,0,0,0
23009,Tornado,0,0,0
23009,Tropical Storm,0,0,0
23009,Snowstorm,0,0,0
23009,Coastal Storm,0,0,0
23009,Severe Ice Storm,0,0,0
23011,Severe Storm,1,0,0
23011,Fire,0,0,0
23011,Hurricane,1,0,0
23011,Winter Storm,0,0,0
23011,Flood,1,0,0
23011,Tornado,0,0,0
23011,Tropical Storm,0,0,0
23011,Snowstorm,0,0,0
23011,Coastal Storm,0,0,0
23011,Severe Ice Storm,0,0,0
23013,Severe Storm,2,0,0
23013,Fire,0,0,0
23013,Hurricane,1,0,0
23013,Winter Storm,0,0,0
23013,Flood,1,0,0
23013,Tornado,0,0,0
23013,Tropical Storm,0,0,0
23013,Snowstorm,0,0,0
23013,Coastal Storm,1,0,0
23013,Severe Ice Storm,0,0,0
23015,Severe Storm,1,1,1
23015,Fire,0,1,1
23015,Hurricane,1,1,1
23015,Winter Storm,0,1,1
23015,Flood,1,1,1
23015,Tornado,0,1,1
23015,Tropical Storm,0,1,1
23015,Snowstorm,0,1,1
23015,Coastal Storm,0,1,1
23015,Severe Ice Storm,0,1,1
23017,Severe Storm,2,0,0
23017,Fire,0,0,0
23017,Hurricane,1,0,0
23017,Winter Storm,0,0,0
23017,Flood,2,0,0
23017,Tornado,0,0,0
23017,Tropical Storm,0,0,0
23017,Snowstorm,0,0,0
23017,Coastal Storm,0,0,0
23017,Severe Ice Storm,0,0,0
23019,Severe Storm,1,0,0
23019,Fire,0,0,0
23019,Hurricane,1,0,0
23019,Winter Storm,0,0,0
23019,Flood,0,0,0
23019,Tornado,0,0,0
23019,Tropical Storm,0,0,0
23019,Snowstorm,0,0,0
23019,Coastal Storm,0,0,0
23019,Severe Ice Storm,0,0,0
23021,Severe Storm,1,0,0
23021,Fire,0,0,0
23021,Hurricane,1,0,0
23021,Winter Storm,0,0,0
23021,Flood,0,0,0
23021,Tornado,0,0,0
23021,Tropical Storm,0,0,0
23021,Snowstorm,0,0,0
23021,Coastal Storm,0,0,0
23021,Severe Ice Storm,0,0,0
23023,Severe Storm,1,0,0
23023,Fire,0,0,0
23023,Hurricane,1,0,0
23023,Winter Storm,0,0,0
23023,Flood,1,0,0
23023,Tornado,0,0,0
23023,Tropical Storm,0,0,0
23023,Snowstorm,0,0,0
23023,Coastal Storm,0,0,0
23023,Severe Ice Storm,0,0,0
23025,Severe Storm,2,0,0
23025,Fire,0,0,0
23025,Hurricane,1,0,0
23025,Winter Storm,0,0,0
23025,Flood,1,0,0
23025,Tornado,0,0,0
23025,Tropical Storm,0,0,0
23025,Snowstorm,0,0,0
23025,Coastal Storm,0,0,0
23025,Severe Ice Storm,0,0,0
23027,Severe Storm,3,0,0
23027,Fire,0,0,0
23027,Hurricane,1,0,0
23027,Winter Storm,0,0,0
23027,Flood,1,0,0
23027,Tornado,0,0,0
23027,Tropical Storm,0,0,0
23027,Snowstorm,0,0,0
23027,Coastal Storm,1,0,0
23027,Severe Ice Storm,0,0,0
23029,Severe Storm,2,0,0
23029,Fire,0,0,0
23029,Hurricane,1,0,0
23029,Winter Storm,0,0,0
23029,Flood,0,0,0
23029,Tornado,0,0,0
23029,Tropical Storm,0,0,0
23029,Snowstorm,0,0,0
23029,Coastal Storm,0,0,0
23029,Severe Ice Storm,0,0,0
23031,Severe Storm,2,0,0
23031,Fire,0,0,0
23031,Hurricane,1,0,0
23031,Winter Storm,1,0,0
23031,Flood,0,0,0
23031,Tornado,0,0,0
23031,Tropical Storm,0,0,0
23031,Snowstorm,0,0,0
23031,Coastal Storm,1,0,0
23031,Severe Ice Storm,0,0,0
24001,Severe Storm,0,0,0
24001,Fire,0,0,0
24001,Hurricane,0,0,0
24001,Winter Storm,0,0,0
24001,Flood,0,0,0
24001,Tornado,0,0,0
24001,Tropical Storm,0,0,0
24001,Snowstorm,0,0,0
24001,Coastal Storm,0,0,0
24001,Severe Ice Storm,0,0,0
24003,Severe Storm,0,0,0
24003,Fire,0,0,0
24003,Hurricane,0,0,0
24003,Winter Storm,0,0,0
24003,Flood,0,0,0
24003,Tornado,0,0,0
24003,Tropical Storm,0,0,0
24003,Snowstorm,0,0,0
24003,Coastal Storm,0,0,0
24003,Severe Ice Storm,0,0,0
24005,Severe Storm,0,1,1
24005,Fire,0,1,1
24005,Hurricane,0,1,1
24005,Winter Storm,0,1,1
24005,Flood,0,1,1
24005,Tornado,0,1,1
24005,Tropical Storm,0,1,1
24005,Snowstorm,0,1,1
24005,Coastal Storm,0,1,1
24005,Severe Ice Storm,0,1,1
24009,Severe Storm,0,0,0
24009,Fire,0,0,0
24009,Hurricane,1,0,0
24009,Winter Storm,0,0,0
24009,Flood,0,0,0
24009,Tornado,0,0,0
24009,Tropical Storm,0,0,0
24009,Snowstorm,0,0,0
24009,Coastal Storm,0,0,0
24009,Severe Ice Storm,0,0,0
24011,Severe Storm,0,0,0
24011,Fire,0,0,0
24011,Hurricane,0,0,0
24011,Winter Storm,0,0,0
24011,Flood,0,0,0
24011,Tornado,0,0,0
24011,Tropical Storm,0,0,0
24011,Snowstorm,0,0,0
24011,Coastal Storm,0,0,0
24011,Severe Ice Storm,0,0,0
24013,Severe Storm,0,0,0
24013,Fire,0,0,0
24013,Hurricane,0,0,0
24013,Winter Storm,0,0,0
24013,Flood,0,0,0
24013,Tornado,0,0,0
24013,Tropical Storm,0,0,0
24013,Snowstorm,0,0,0
24013,Coastal Storm,0,0,0
24013,Severe Ice Storm,0,0,0
24015,Severe Storm,0,0,0
24015,Fire,0,0,0
24015,Hurricane,0,0,0
24015,Winter Storm,0,0,0
24015,Flood,0,0,0
24015,Tornado,0,0,0
24015,Tropical Storm,0,0,0
24015,Snowstorm,0,0,0
24015,Coastal Storm,0,0,0
24015,Severe Ice Storm,0,0,0
24017,Severe Storm,0,0,0
24017,Fire,0,0,0
24017,Hurricane,0,0,0
24017,Winter Storm,0,0,0
24017,Flood,0,0,0
24017,Tornado,0,0,0
24017,Tropical Storm,0,0,0
24017,Snowstorm,0,0,0
24017,Coastal Storm,0,0,0
24017,Severe Ice Storm,0,0,0
24019,Severe Storm,0,0,0
24019,Fire,0,0,0
24019,Hurricane,1,0,0
24019,Winter Storm,0,0,0
24019,Flood,0,0,0
24019,Tornado,0,0,0
24019,Tropical Storm,0,0,0
24019,Snowstorm,0,0,0
24019,Coastal Storm,0,0,0
24019,Severe Ice Storm,0,0,0
24021,Severe Storm,0,1,1
24021,Fire,0,1,1
24021,Hurricane,0,1,1
24021,Winter Storm,0,1,1
24021,Flood,0,1,1
24021,Tornado,0,1,1
24021,Tropical Storm,0,1,1
24021,Snowstorm,0,1,1
24021,Coastal Storm,0,1,1
24021,Severe Ice Storm,0,1,1
24023,Severe Storm,0,0,0
24023,Fire,0,0,0
24023,Hurricane,0,0,0
24023,Winter Storm,0,0,0
24023,Flood,0,0,0
24023,Tornado,0,0,0
24023,Tropical Storm,0,0,0
24023,Snowstorm,0,0,0
24023,Coastal Storm,0,0,0
24023,Severe Ice Storm,0,0,0
24025,Severe Storm,0,0,0
24025,Fire,0,0,0
24025,Hurricane,0,0,0
24025,Winter Storm,0,0,0
24025,Flood,0,0,0
24025,Tornado,0,0,0
24025,Tropical Storm,0,0,0
24025,Snowstorm,0,0,0
24025,Coastal Storm,0,0,0
24025,Severe Ice Storm,0,0,0
24027,Severe Storm,0,0,0
24027,Fire,0,0,0
24027,Hurricane,0,0,0
24027,Winter Storm,0,0,0
24027,Flood,0,0,0
24027,Tornado,0,0,0
24027,Tropical Storm,0,0,0
24027,Snowstorm,0,0,0
24027,Coastal Storm,0,0,0
24027,Severe Ice Storm,0,0,0
24029,Severe Storm,0,0,0
24029,Fire,0,0,0
24029,Hurricane,0,0,0
24029,Winter Storm,0,0,0
24029,Flood,0,0,0
24029,Tornado,0,0,0
24029,Tropical Storm,0,0,0
24029,Snowstorm,0,0,0
24029,Coastal Storm,0,0,0
24029,Severe Ice Storm,0,0,0
24031,Severe Storm,0,1,1
24031,Fire,0,1,1
24031,Hurricane,0,1,1
24031,Winter Storm,0,1,1
24031,Flood,0,1,1
24031,Tornado,0,1,1
24031,Tropical Storm,0,1,1
24031,Snowstorm,0,1,1
24031,Coastal Storm,0,1,1
24031,Severe Ice Storm,0,1,1
24033,Severe Storm,0,1,2
24033,Fire,0,1,2
24033,Hurricane,0,1,2
24033,Winter Storm,0,1,2
24033,Flood,0,1,2
24033,Tornado,0,1,2
24033,Tropical Storm,0,1,2
24033,Snowstorm,0,1,2
24033,Coastal Storm,0,1,2
24033,Severe Ice Storm,0,1,2
24035,Severe Storm,0,0,0
24035,Fire,0,0,0
24035,Hurricane,0,0,0
24035,Winter Storm,0,0,0
24035,Flood,0,0,0
24035,Tornado,0,0,0
24035,Tropical Storm,0,0,0
24035,Snowstorm,0,0,0
24035,Coastal Storm,0,0,0
24035,Severe Ice Storm,0,0,0
24037,Severe Storm,0,0,0
24037,Fire,0,0,0
24037,Hurricane,1,0,0
24037,Winter Storm,0,0,0
24037,Flood,0,0,0
24037,Tornado,0,0,0
24037,Tropical Storm,0,0,0
24037,Snowstorm,0,0,0
24037,Coastal Storm,0,0,0
24037,Severe Ice Storm,0,0,0
24039,Severe Storm,0,0,0
24039,Fire,0,0,0
24039,Hurricane,0,0,0
24039,Winter Storm,0,0,0
24039,Flood,0,0,0
24039,Tornado,0,0,0
24039,Tropical Storm,0,0,0
24039,Snowstorm,0,0,0
24039,Coastal Storm,0,0,0
24039,Severe Ice Storm,0,0,0
24041,Severe Storm,0,0,0
24041,Fire,0,0,0
24041,Hurricane,0,0,0
24041,Winter Storm,0,0,0
24041,Flood,0,0,0
24041,Tornado,0,0,0
24041,Tropical Storm,0,0,0
24041,Snowstorm,0,0,0
24041,Coastal Storm,0,0,0
24041,Severe Ice Storm,0,0,0
24043,Severe Storm,0,0,0
24043,Fire,0,0,0
24043,Hurricane,0,0,0
24043,Winter Storm,0,0,0
24043,Flood,0,0,0
24043,Tornado,0,0,0
24043,Tropical Storm,0,0,0
24043,Snowstorm,0,0,0
24043,Coastal Storm,0,0,0
24043,Severe Ice Storm,0,0,0
24045,Severe Storm,0,0,0
24045,Fire,0,0,0
24045,Hurricane,0,0,0
24045,Winter Storm,0,0,0
24045,Flood,0,0,0
24045,Tornado,0,0,0
24045,Tropical Storm,0,0,0
24045,Snowstorm,0,0,0
24045,Coastal Storm,0,0,0
24045,Severe Ice Storm,0,0,0
24047,Severe Storm,0,0,0
24047,Fire,0,0,0
24047,Hurricane,0,0,0
24047,Winter Storm,0,0,0
24047,Flood,0,0,0
24047,Tornado,0,0,0
24047,Tropical Storm,0,0,0
24047,Snowstorm,0,0,0
24047,Coastal Storm,0,0,0
24047,Severe Ice Storm,0,0,0
24510,Severe Storm,0,1,2
24510,Fire,0,1,2
24510,Hurricane,0,1,2
24510,Winter Storm,0,1,2
24510,Flood,0,1,2
24510,Tornado,0,1,2
24510,Tropical Storm,0,1,2
24510,Snowstorm,0,1,2
24510,Coastal Storm,0,1,2
24510,Severe Ice Storm,0,1,2
25001,Severe Storm,0,0,0
25001,Fire,0,0,0
25001,Hurricane,2,0,0
25001,Winter Storm,0,0,0
25001,Flood,0,0,0
25001,Tornado,0,0,0
25001,Tropical Storm,0,0,0
25001,Snowstorm,1,0,0
25001,Coastal Storm,0,0,0
25001,Severe Ice Storm,0,0,0
25003,Severe Storm,0,0,0
25003,Fire,0,0,0
25003,Hurricane,1,0,0
25003,Winter Storm,0,0,0
25003,Flood,0,0,0
25003,Tornado,0,0,0
25003,Tropical Storm,0,0,0
25003,Snowstorm,0,0,0
25003,Coastal Storm,0,0,0
25003,Severe Ice Storm,0,0,0
25005,Severe Storm,0,0,0
25005,Fire,0,0,0
25005,Hurricane,1,0,0
25005,Winter Storm,0,0,0
25005,Flood,1,0,0
25005,Tornado,0,0,0
25005,Tropical Storm,0,0,0
25005,Snowstorm,1,0,0
25005,Coastal Storm,0,0,0
25005,Severe Ice Storm,0,0,0
25007,Severe Storm,0,0,0
25007,Fire,0,0,0
25007,Hurricane,1,0,0
25007,Winter Storm,0,0,0
25007,Flood,0,0,0
25007,Tornado,0,0,0
25007,Tropical Storm,0,0,0
25007,Snowstorm,0,0,0
25007,Coastal Storm,0,0,0
25007,Severe Ice Storm,0,0,0
25009,Severe Storm,0,0,0
25009,Fire,0,0,0
25009,Hurricane,1,0,0
25009,Winter Storm,0,0,0
25009,Flood,0,0,0
25009,Tornado,0,0,0
25009,Tropical Storm,0,0,0
25009,Snowstorm,0,0,0
25009,Coastal Storm,0,0,0
25009,Severe Ice Storm,0,0,0
25011,Severe Storm,0,0,0
25011,Fire,0,0,0
25011,Hurricane,1,0,0
25011,Winter Storm,0,0,0
25011,Flood,0,0,0
25011,Tornado,0,0,0
25011,Tropical Storm,0,0,0
25011,Snowstorm,0,0,0
25011,Coastal Storm,0,0,0
25011,Severe Ice Storm,0,0,0
25013,Severe Storm,0,0,0
25013,Fire,0,0,0
25013,Hurricane,1,0,0
25013,Winter Storm,0,0,0
25013,Flood,0,0,0
25013,Tornado,0,0,0
25013,Tropical Storm,0,0,0
25013,Snowstorm,0,0,0
25013,Coastal Storm,0,0,0
25013,Severe Ice Storm,0,0,0
25015,Severe Storm,0,0,0
25015,Fire,0,0,0
25015,Hurricane,1,0,0
25015,Winter Storm,0,0,0
25015,Flood,0,0,0
25015,Tornado,0,0,0
25015,Tropical Storm,0,0,0
25015,Snowstorm,0,0,0
25015,Coastal Storm,0,0,0
25015,Severe Ice Storm,0,0,0
25017,Severe Storm,0,1,1
25017,Fire,0,1,1
25017,Hurricane,1,1,1
25017,Winter Storm,0,1,1
25017,Flood,0,1,1
25017,Tornado,0,1,1
25017,Tropical Storm,0,1,1
25017,Snowstorm,0,1,1
25017,Coastal Storm,0,1,1
25017,Severe Ice Storm,0,1,1
25019,Severe Storm,0,0,0
25019,Fire,0,0,0
25019,Hurricane,1,0,0
25019,Winter Storm,0,0,0
25019,Flood,0,0,0
25019,Tornado,0,0,0
25019,Tropical Storm,0,0,0
25019,Snowstorm,0,0,0
25019,Coastal Storm,0,0,0
25019,Severe Ice Storm,0,0,0
25021,Severe Storm,0,0,0
25021,Fire,0,0,0
25021,Hurricane,1,0,0
25021,Winter Storm,0,0,0
25021,Flood,0,0,0
25021,Tornado,0,0,0
25021,Tropical Storm,0,0,0
25021,Snowstorm,1,0,0
25021,Coastal Storm,0,0,0
25021,Severe Ice Storm,0,0,0
25023,Severe Storm,0,0,0
25023,Fire,0,0,0
25023,Hurricane,1,0,0
25023,Winter Storm,0,0,0
25023,Flood,0,0,0
25023,Tornado,0,0,0
25023,Tropical Storm,0,0,0
25023,Snowstorm,1,0,0
25023,Coastal Storm,0,0,0
25023,Severe Ice Storm,0,0,0
25025,Severe Storm,0,0,0
25025,Fire,0,0,0
25025,Hurricane,1,0,0
25025,Winter Storm,0,0,0
25025,Flood,0,0,0
25025,Tornado,0,0,0
25025,Tropical Storm,0,0,0
25025,Snowstorm,1,0,0
25025,Coastal Storm,0,0,0
25025,Severe Ice Storm,0,0,0
25027,Severe Storm,0,0,0
25027,Fire,0,0,0
25027,Hurricane,1,0,0
25027,Winter Storm,0,0,0
25027,Flood,1,0,0
25027,Tornado,0,0,0
25027,Tropical Storm,0,0,0
25027,Snowstorm,0,0,0
25027,Coastal Storm,0,0,0
25027,Severe Ice Storm,0,0,0
26001,Severe Storm,0,0,0
26001,Fire,0,0,0
26001,Hurricane,0,0,0
26001,Winter Storm,0,0,0
26001,Flood,0,0,0
26001,Tornado,0,0,0
26001,Tropical Storm,0,0,0
26001,Snowstorm,0,0,0
26001,Coastal Storm,0,0,0
26001,Severe Ice Storm,0,0,0
26003,Severe Storm,0,0,0
26003,Fire,0,0,0
26003,Hurricane,0,0,0
26003,Winter Storm,0,0,0
26003,Flood,0,0,0
26003,Tornado,0,0,0
26003,Tropical Storm,0,0,0
26003,Snowstorm,0,0,0
26003,Coastal Storm,0,0,0
26003,Severe Ice Storm,0,0,0
26005,Severe Storm,0,1,1
26005,Fire,0,1,1
26005,Hurricane,0,1,1
26005,Winter Storm,0,1,1
26005,Flood,0,1,1
26005,Tornado,0,1,1
26005,Tropical Storm,0,1,1
26005,Snowstorm,0,1,1
26005,Coastal Storm,0,1,1
26005,Severe Ice Storm,0,1,1
26007,Severe Storm,0,0,0
26007,Fire,0,0,0
26007,Hurricane,0,0,0
26007,Winter Storm,0,0,0
26007,Flood,0,0,0
26007,Tornado,0,0,0
26007,Tropical Storm,0,0,0
26007,Snowstorm,0,0,0
26007,Coastal Storm,0,0,0
26007,Severe Ice Storm,0,0,0
26009,Severe Storm,0,0,0
26009,Fire,0,0,0
26009,Hurricane,0,0,0
26009,Winter Storm,0,0,0
26009,Flood,0,0,0
26009,Tornado,0,0,0
26009,Tropical Storm,0,0,0
26009,Snowstorm,0,0,0
26009,Coastal Storm,0,0,0
26009,Severe Ice Storm,0,0,0
26011,Severe Storm,0,0,0
26011,Fire,0,0,0
26011,Hurricane,0,0,0
26011,Winter Storm,0,0,0
26011,Flood,0,0,0
26011,Tornado,0,0,0
26011,Tropical Storm,0,0,0
26011,Snowstorm,0,0,0
26011,Coastal Storm,0,0,0
26011,Severe Ice Storm,0,0,0
26013,Severe Storm,0,0,0
26013,Fire,0,0,0
26013,Hurricane,0,0,0
26013,Winter Storm,0,0,0
26013,Flood,0,0,0
26013,Tornado,0,0,0
26013,Tropical Storm,0,0,0
26013,Snowstorm,0,0,0
26013,Coastal Storm,0,0,0
26013,Severe Ice Storm,0,0,0
26015,Severe Storm,0,1,1
26015,Fire,0,1,1
26015,Hurricane,0,1,1
26015,Winter Storm,0,1,1
26015,Flood,0,1,1
26015,Tornado,0,1,1
26015,Tropical Storm,0,1,1
26015,Snowstorm,0,1,1
26015,Coastal Storm,0,1,1
26015,Severe Ice Storm,0,1,1
26017,Severe Storm,0,0,0
26017,Fire,0,0,0
26017,Hurricane,0,0,0
26017,Winter Storm,0,0,0
26017,Flood,0,0,0
26017,Tornado,0,0,0
26017,Tropical Storm,0,0,0
26017,Snowstorm,0,0,0
26017,Coastal Storm,0,0,0
26017,Severe Ice Storm,0,0,0
26019,Severe Storm,0,0,0
26019,Fire,0,0,0
26019,Hurricane,0,0,0
26019,Winter Storm,0,0,0
26019,Flood,0,0,0
26019,Tornado,0,0,0
26019,Tropical Storm,0,0,0
26019,Snowstorm,0,0,0
26019,Coastal Storm,0,0,0
26019,Severe Ice Storm,0,0,0
26021,Severe Storm,0,0,0
26021,Fire,0,0,0
26021,Hurricane,0,0,0
26021,Winter Storm,0,0,0
26021,Flood,0,0,0
26021,Tornado,0,0,0
26021,Tropical Storm,0,0,0
26021,Snowstorm,0,0,0
26021,Coastal Storm,0,0,0
26021,Severe Ice Storm,0,0,0
26023,Severe Storm,0,0,0
26023,Fire,0,0,0
26023,Hurricane,0,0,0
26023,Winter Storm,0,0,0
26023,Flood,0,0,0
26023,Tornado,0,0,0
26023,Tropical Storm,0,0,0
26023,Snowstorm,0,0,0
26023,Coastal Storm,0,0,0
26023,Severe Ice Storm,0,0,0
26025,Severe Storm,0,0,0
26025,Fire,0,0,0
26025,Hurricane,0,0,0
26025,Winter Storm,0,0,0
26025,Flood,0,0,0
26025,Tornado,0,0,0
26025,Tropical Storm,0,0,0
26025,Snowstorm,0,0,0
26025,Coastal Storm,0,0,0
26025,Severe Ice Storm,0,0,0
26027,Severe Storm,0,0,0
26027,Fire,0,0,0
26027,Hurricane,0,0,0
26027,Winter Storm,0,0,0
26027,Flood,0,0,0
26027,Tornado,0,0,0
26027,Tropical Storm,0,0,0
26027,Snowstorm,0,0,0
26027,Coastal Storm,0,0,0
26027,Severe Ice Storm,0,0,0
26029,Severe Storm,0,0,0
26029,Fire,0,0,0
26029,Hurricane,0,0,0
26029,Winter Storm,0,0,0
26029,Flood,0,0,0
26029,Tornado,0,0,0
26029,Tropical Storm,0,0,0
26029,Snowstorm,0,0,0
26029,Coastal Storm,0,0,0
26029,Severe Ice Storm,0,0,0
26031,Severe Storm,0,0,0
26031,Fire,0,0,0
26031,Hurricane,0,0,0
26031,Winter Storm,0,0,0
26031,Flood,0,0,0
26031,Tornado,0,0,0
26031,Tropical Storm,0,0,0
26031,Snowstorm,0,0,0
26031,Coastal Storm,0,0,0
26031,Severe Ice Storm,0,0,0
26033,Severe Storm,0,0,0
26033,Fire,0,0,0
26033,Hurricane,0,0,0
26033,Winter Storm,0,0,0
26033,Flood,0,0,0
26033,Tornado,0,0,0
26033,Tropical Storm,0,0,0
26033,Snowstorm,0,0,0
26033,Coastal Storm,0,0,0
26033,Severe Ice Storm,0,0,0
26035,Severe Storm,0,0,0
26035,Fire,0,0,0
26035,Hurricane,0,0,0
26035,Winter Storm,0,0,0
26035,Flood,0,0,0
26035,Tornado,0,0,0
26035,Tropical Storm,0,0,0
26035,Snowstorm,0,0,0
26035,Coastal Storm,0,0,0
26035,Severe Ice Storm,0,0,0
26037,Severe Storm,0,0,0
26037,Fire,0,0,0
26037,Hurricane,0,0,0
26037,Winter Storm,0,0,0
26037,Flood,0,0,0
26037,Tornado,0,0,0
26037,Tropical Storm,0,0,0
26037,Snowstorm,0,0,0
26037,Coastal Storm,0,0,0
26037,Severe Ice Storm,0,0,0
26039,Severe Storm,0,0,0
26039,Fire,0,0,0
26039,Hurricane,0,0,0
26039,Winter Storm,0,0,0
26039,Flood,0,0,0
26039,Tornado,0,0,0
26039,Tropical Storm,0,0,0
26039,Snowstorm,0,0,0
26039,Coastal Storm,0,0,0
26039,Severe Ice Storm,0,0,0
26041,Severe Storm,0,0,0
26041,Fire,0,0,0
26041,Hurricane,0,0,0
26041,Winter Storm,0,0,0
26041,Flood,0,0,0
26041,Tornado,0,0,0
26041,Tropical Storm,0,0,0
26041,Snowstorm,0,0,0
26041,Coastal Storm,0,0,0
26041,Severe Ice Storm,0,0,0
26043,Severe Storm,0,0,0
26043,Fire,0,0,0
26043,Hurricane,0,0,0
26043,Winter Storm,0,0,0
26043,Flood,0,0,0
26043,Tornado,0,0,0
26043,Tropical Storm,0,0,0
26043,Snowstorm,0,0,0
26043,Coastal Storm,0,0,0
26043,Severe Ice Storm,0,0,0
26045,Severe Storm,0,0,0
26045,Fire,0,0,0
26045,Hurricane,0,0,0
26045,Winter Storm,0,0,0
26045,Flood,1,0,0
26045,Tornado,0,0,0
26045,Tropical Storm,0,0,0
26045,Snowstorm,0,0,0
26045,Coastal Storm,0,0,0
26045,Severe Ice Storm,0,0,0
26047,Severe Storm,0,0,0
26047,Fire,0,0,0
26047,Hurricane,0,0,0
26047,Winter Storm,0,0,0
26047,Flood,0,0,0
26047,Tornado,0,0,0
26047,Tropical Storm,0,0,0
26047,Snowstorm,0,0,0
26047,Coastal Storm,0,0,0
26047,Severe Ice Storm,0,0,0
26049,Severe Storm,0,0,0
26049,Fire,0,0,0
26049,Hurricane,0,0,0
26049,Winter Storm,0,0,0
26049,Flood,0,0,0
26049,Tornado,0,0,0
26049,Tropical Storm,0,0,0
26049,Snowstorm,0,0,0
26049,Coastal Storm,0,0,0
26049,Severe Ice Storm,0,0,0
26051,Severe Storm,0,0,0
26051,Fire,0,0,0
26051,Hurricane,0,0,0
26051,Winter Storm,0,0,0
26051,Flood,0,0,0
26051,Tornado,0,0,0
26051,Tropical Storm,0,0,0
26051,Snowstorm,0,0,0
26051,Coastal Storm,0,0,0
26051,Severe Ice Storm,0,0,0
26053,Severe Storm,0,0,0
26053,Fire,0,0,0
26053,Hurricane,0,0,0
26053,Winter Storm,0,0,0
26053,Flood,0,0,0
26053,Tornado,0,0,0
26053,Tropical Storm,0,0,0
26053,Snowstorm,0,0,0
26053,Coastal Storm,0,0,0
26053,Severe Ice Storm,0,0,0
26055,Severe Storm,0,0,0
26055,Fire,0,0,0
26055,Hurricane,0,0,0
26055,Winter Storm,0,0,0
26055,Flood,0,0,0
26055,Tornado,0,0,0
26055,Tropical Storm,0,0,0
26055,Snowstorm,0,0,0
26055,Coastal Storm,0,0,0
26055,Severe Ice Storm,0,0,0
26057,Severe Storm,0,0,0
26057,Fire,0,0,0
26057,Hurricane,0,0,0
26057,Winter Storm,0,0,0
26057,Flood,0,0,0
26057,Tornado,0,0,0
26057,Tropical Storm,0,0,0
26057,Snowstorm,0,0,0
26057,Coastal Storm,0,0,0
26057,Severe Ice Storm,0,0,0
26059,Severe Storm,0,0,0
26059,Fire,0,0,0
26059,Hurricane,0,0,0
26059,Winter Storm,0,0,0
26059,Flood,0,0,0
26059,Tornado,0,0,0
26059,Tropical Storm,0,0,0
26059,Snowstorm,0,0,0
26059,Coastal Storm,0,0,0
26059,Severe Ice Storm,0,0,0
26061,Severe Storm,0,0,0
26061,Fire,0,0,0
26061,Hurricane,0,0,0
26061,Winter Storm,0,0,0
26061,Flood,0,0,0
26061,Tornado,0,0,0
26061,Tropical Storm,0,0,0
26061,Snowstorm,0,0,0
26061,Coastal Storm,0,0,0
26061,Severe Ice Storm,0,0,0
26063,Severe Storm,0,0,0
26063,Fire,0,0,0
26063,Hurricane,0,0,0
26063,Winter Storm,0,0,0
26063,Flood,0,0,0
26063,Tornado,0,0,0
26063,Tropical Storm,0,0,0
26063,Snowstorm,0,0,0
26063,Coastal Storm,0,0,0
26063,Severe Ice Storm,0,0,0
26065,Severe Storm,0,1,1
26065,Fire,0,1,1
26065,Hurricane,0,1,1
26065,Winter Storm,0,1,1
26065,Flood,1,1,1
26065,Tornado,0,1,1
26065,Tropical Storm,0,1,1
26065,Snowstorm,0,1,1
26065,Coastal Storm,0,1,1
26065,Severe Ice Storm,0,1,1
26067,Severe Storm,1,1,1
26067,Fire,0,1,1
26067,Hurricane,0,1,1
26067,Winter Storm,0,1,1
26067,Flood,1,1,1
26067,Tornado,0,1,1
26067,Tropical Storm,0,1,1
26067,Snowstorm,0,1,1
26067,Coastal Storm,0,1,1
26067,Severe Ice Storm,0,1,1
26069,Severe Storm,0,0,0
26069,Fire,0,0,0
26069,Hurricane,0,0,0
26069,Winter Storm,0,0,0
26069,Flood,0,0,0
26069,Tornado,0,0,0
26069,Tropical Storm,0,0,0
26069,Snowstorm,0,0,0
26069,Coastal Storm,0,0,0
26069,Severe Ice Storm,0,0,0
26071,Severe Storm,0,0,0
26071,Fire,0,0,0
26071,Hurricane,0,0,0
26071,Winter Storm,0,0,0
26071,Flood,0,0,0
26071,Tornado,0,0,0
26071,Tropical Storm,0,0,0
26071,Snowstorm,0,0,0
26071,Coastal Storm,0,0,0
26071,Severe Ice Storm,0,0,0
26073,Severe Storm,0,0,0
26073,Fire,0,0,0
26073,Hurricane,0,0,0
26073,Winter Storm,0,0,0
26073,Flood,0,0,0
26073,Tornado,0,0,0
26073,Tropical Storm,0,0,0
26073,Snowstorm,0,0,0
26073,Coastal Storm,0,0,0
26073,Severe Ice Storm,0,0,0
26075,Severe Storm,0,0,0
26075,Fire,0,0,0
26075,Hurricane,0,0,0
26075,Winter Storm,0,0,0
26075,Flood,0,0,0
26075,Tornado,0,0,0
26075,Tropical Storm,0,0,0
26075,Snowstorm,0,0,0
26075,Coastal Storm,0,0,0
26075,Severe Ice Storm,0,0,0
26077,Severe Storm,0,1,1
26077,Fire,0,1,1
26077,Hurricane,0,1,1
26077,Winter Storm,0,1,1
26077,Flood,0,1,1
26077,Tornado,0,1,1
26077,Tropical Storm,0,1,1
26077,Snowstorm,0,1,1
26077,Coastal Storm,0,1,1
26077,Severe Ice Storm,0,1,1
26079,Severe Storm,0,1,1
26079,Fire,0,1,1
26079,Hurricane,0,1,1
26079,Winter Storm,0,1,1
26079,Flood,0,1,1
26079,Tornado,0,1,1
26079,Tropical Storm,0,1,1
26079,Snowstorm,0,1,1
26079,Coastal Storm,0,1,1
26079,Severe Ice Storm,0,1,1
26081,Severe Storm,0,1,2
26081,Fire,0,1,2
26081,Hurricane,0,1,2
26081,Winter Storm,0,1,2
26081,Flood,1,1,2
26081,Tornado,0,1,2
26081,Tropical Storm,0,1,2
26081,Snowstorm,0,1,2
26081,Coastal Storm,0,1,2
26081,Severe Ice Storm,0,1,2
26083,Severe Storm,0,0,0
26083,Fire,0,0,0
26083,Hurricane,0,0,0
26083,Winter Storm,0,0,0
26083,Flood,0,0,0
26083,Tornado,0,0,0
26083,Tropical Storm,0,0,0
26083,Snowstorm,0,0,0
26083,Coastal Storm,0,0,0
26083,Severe Ice Storm,0,0,0
26085,Severe Storm,0,0,0
26085,Fire,0,0,0
26085,Hurricane,0,0,0
26085,Winter Storm,0,0,0
26085,Flood,0,0,0
26085,Tornado,0,0,0
26085,Tropical Storm,0,0,0
26085,Snowstorm,0,0,0
26085,Coastal Storm,0,0,0
26085,Severe Ice Storm,0,0,0
26087,Severe Storm,0,0,0
26087,Fire,0,0,0
26087,Hurricane,0,0,0
26087,Winter Storm,0,0,0
26087,Flood,0,0,0
26087,Tornado,0,0,0
26087,Tropical Storm,0,0,0
26087,Snowstorm,0,0,0
26087,Coastal Storm,0,0,0
26087,Severe Ice Storm,0,0,0
26089,Severe Storm,0,0,0
26089,Fire,0,0,0
26089,Hurricane,0,0,0
26089,Winter Storm,0,0,0
26089,Flood,0,0,0
26089,Tornado,0,0,0
26089,Tropical Storm,0,0,0
26089,Snowstorm,0,0,0
26089,Coastal Storm,0,0,0
26089,Severe Ice Storm,0,0,0
26091,Severe Storm,0,1,2
26091,Fire,0,1,2
26091,Hurricane,0,1,2
26091,Winter Storm,0,1,2
26091,Flood,0,1,2
26091,Tornado,0,1,2
26091,Tropical Storm,0,1,2
26091,Snowstorm,0,1,2
26091,Coastal Storm,0,1,2
26091,Severe Ice Storm,0,1,2
26093,Severe Storm,0,1,1
26093,Fire,0,1,1
26093,Hurricane,0,1,1
26093,Winter Storm,0,1,1
26093,Flood,1,1,1
26093,Tornado,0,1,1
26093,Tropical Storm,0,1,1
26093,Snowstorm,0,1,1
26093,Coastal Storm,0,1,1
26093,Severe Ice Storm,0,1,1
26095,Severe Storm,0,0,0
26095,Fire,0,0,0
26095,Hurricane,0,0,0
26095,Winter Storm,0,0,0
26095,Flood,0,0,0
26095,Tornado,0,0,0
26095,Tropical Storm,0,0,0
26095,Snowstorm,0,0,0
26095,Coastal Storm,0,0,0
26095,Severe Ice Storm,0,0,0
26097,Severe Storm,0,0,0
26097,Fire,0,0,0
26097,Hurricane,0,0,0
26097,Winter Storm,0,0,0
26097,Flood,0,0,0
26097,Tornado,0,0,0
26097,Tropical Storm,0,0,0
26097,Snowstorm,0,0,0
26097,Coastal Storm,0,0,0
26097,Severe Ice Storm,0,0,0
26099,Severe Storm,1,0,0
26099,Fire,0,0,0
26099,Hurricane,0,0,0
26099,Winter Storm,0,0,0
26099,Flood,1,0,0
26099,Tornado,0,0,0
26099,Tropical Storm,0,0,0
26099,Snowstorm,0,0,0
26099,Coastal Storm,0,0,0
26099,Severe Ice Storm,0,0,0
26101,Severe Storm,0,0,0
26101,Fire,0,0,0
26101,Hurricane,0,0,0
26101,Winter Storm,0,0,0
26101,Flood,0,0,0
26101,Tornado,0,0,0
26101,Tropical Storm,0,0,0
26101,Snowstorm,0,0,0
26101,Coastal Storm,0,0,0
26101,Severe Ice Storm,0,0,0
26103,Severe Storm,0,0,0
26103,Fire,0,0,0
26103,Hurricane,0,0,0
26103,Winter Storm,0,0,0
26103,Flood,0,0,0
26103,Tornado,0,0,0
26103,Tropical Storm,0,0,0
26103,Snowstorm,0,0,0
26103,Coastal Storm,0,0,0
26103,Severe Ice Storm,0,0,0
26105,Severe Storm,0,0,0
26105,Fire,0,0,0
26105,Hurricane,0,0,0
26105,Winter Storm,0,0,0
26105,Flood,0,0,0
26105,Tornado,0,0,0
26105,Tropical Storm,0,0,0
26105,Snowstorm,0,0,0
26105,Coastal Storm,0,0,0
26105,Severe Ice Storm,0,0,0
26107,Severe Storm,0,0,0
26107,Fire,0,0,0
26107,Hurricane,0,0,0
26107,Winter Storm,0,0,0
26107,Flood,0,0,0
26107,Tornado,0,0,0
26107,Tropical Storm,0,0,0
26107,Snowstorm,0,0,0
26107,Coastal Storm,0,0,0
26107,Severe Ice Storm,0,0,0
26109,Severe Storm,0,0,0
26109,Fire,0,0,0
26109,Hurricane,0,0,0
26109,Winter Storm,0,0,0
26109,Flood,0,0,0
26109,Tornado,0,0,0
26109,Tropical Storm,0,0,0
26109,Snowstorm,0,0,0
26109,Coastal Storm,0,0,0
26109,Severe Ice Storm,0,0,0
26111,Severe Storm,0,0,0
26111,Fire,0,0,0
26111,Hurricane,0,0,0
26111,Winter Storm,0,0,0
26111,Flood,0,0,0
26111,Tornado,0,0,0
26111,Tropical Storm,0,0,0
26111,Snowstorm,0,0,0
26111,Coastal Storm,0,0,0
26111,Severe Ice Storm,0,0,0
26113,Severe Storm,0,0,0
26113,Fire,0,0,0
26113,Hurricane,0,0,0
26113,Winter Storm,0,0,0
26113,Flood,0,0,0
26113,Tornado,0,0,0
26113,Tropical Storm,0,0,0
26113,Snowstorm,0,0,0
26113,Coastal Storm,0,0,0
26113,Severe Ice Storm,0,0,0
26115,Severe Storm,0,1,4
26115,Fire,0,1,4
26115,Hurricane,0,1,4
26115,Winter Storm,0,1,4
26115,Flood,1,1,4
26115,Tornado,0,1,4
26115,Tropical Storm,0,1,4
26115,Snowstorm,0,1,4
26115,Coastal Storm,0,1,4
26115,Severe Ice Storm,0,1,4
26117,Severe Storm,0,0,0
26117,Fire,0,0,0
26117,Hurricane,0,0,0
26117,Winter Storm,0,0,0
26117,Flood,0,0,0
26117,Tornado,0,0,0
26117,Tropical Storm,0,0,0
26117,Snowstorm,0,0,0
26117,Coastal Storm,0,0,0
26117,Severe Ice Storm,0,0,0
26119,Severe Storm,0,0,0
26119,Fire,0,0,0
26119,Hurricane,0,0,0
26119,Winter Storm,0,0,0
26119,Flood,0,0,0
26119,Tornado,0,0,0
26119,Tropical Storm,0,0,0
26119,Snowstorm,0,0,0
26119,Coastal Storm,0,0,0
26119,Severe Ice Storm,0,0,0
26121,Severe Storm,0,0,0
26121,Fire,0,0,0
26121,Hurricane,0,0,0
26121,Winter Storm,0,0,0
26121,Flood,0,0,0
26121,Tornado,0,0,0
26121,Tropical Storm,0,0,0
26121,Snowstorm,0,0,0
26121,Coastal Storm,0,0,0
26121,Severe Ice Storm,0,0,0
26123,Severe Storm,0,0,0
26123,Fire,0,0,0
26123,Hurricane,0,0,0
26123,Winter Storm,0,0,0
26123,Flood,0,0,0
26123,Tornado,0,0,0
26123,Tropical Storm,0,0,0
26123,Snowstorm,0,0,0
26123,Coastal Storm,0,0,0
26123,Severe Ice Storm,0,0,0
26125,Severe Storm,1,1,1
26125,Fire,0,1,1
26125,Hurricane,0,1,1
26125,Winter Storm,0,1,1
26125,Flood,1,1,1
26125,Tornado,0,1,1
26125,Tropical Storm,0,1,1
26125,Snowstorm,0,1,1
26125,Coastal Storm,0,1,1
26125,Severe Ice Storm,0,1,1
26127,Severe Storm,0,0,0
26127,Fire,0,0,0
26127,Hurricane,0,0,0
26127,Winter Storm,0,0,0
26127,Flood,0,0,0
26127,Tornado,0,0,0
26127,Tropical Storm,0,0,0
26127,Snowstorm,0,0,0
26127,Coastal Storm,0,0,0
26127,Severe Ice Storm,0,0,0
26129,Severe Storm,0,0,0
26129,Fire,0,0,0
26129,Hurricane,0,0,0
26129,Winter Storm,0,0,0
26129,Flood,0,0,0
26129,Tornado,0,0,0
26129,Tropical Storm,0,0,0
26129,Snowstorm,0,0,0
26129,Coastal Storm,0,0,0
26129,Severe Ice Storm,0,0,0
26131,Severe Storm,0,0,0
26131,Fire,0,0,0
26131,Hurricane,0,0,0
26131,Winter Storm,0,0,0
26131,Flood,0,0,0
26131,Tornado,0,0,0
26131,Tropical Storm,0,0,0
26131,Snowstorm,0,0,0
26131,Coastal Storm,0,0,0
26131,Severe Ice Storm,0,0,0
26133,Severe Storm,0,0,0
26133,Fire,0,0,0
26133,Hurricane,0,0,0
26133,Winter Storm,0,0,0
26133,Flood,0,0,0
26133,Tornado,0,0,0
26133,Tropical Storm,0,0,0
26133,Snowstorm,0,0,0
26133,Coastal Storm,0,0,0
26133,Severe Ice Storm,0,0,0
26135,Severe Storm,0,0,0
26135,Fire,0,0,0
26135,Hurricane,0,0,0
26135,Winter Storm,0,0,0
26135,Flood,0,0,0
26135,Tornado,0,0,0
26135,Tropical Storm,0,0,0
26135,Snowstorm,0,0,0
26135,Coastal Storm,0,0,0
26135,Severe Ice Storm,0,0,0
26137,Severe Storm,0,0,0
26137,Fire,0,0,0
26137,Hurricane,0,0,0
26137,Winter Storm,0,0,0
26137,Flood,0,0,0
26137,Tornado,0,0,0
26137,Tropical Storm,0,0,0
26137,Snowstorm,0,0,0
26137,Coastal Storm,0,0,0
26137,Severe Ice Storm,0,0,0
26139,Severe Storm,0,0,0
26139,Fire,0,0,0
26139,Hurricane,0,0,0
26139,Winter Storm,0,0,0
26139,Flood,0,0,0
26139,Tornado,0,0,0
26139,Tropical Storm,0,0,0
26139,Snowstorm,0,0,0
26139,Coastal Storm,0,0,0
26139,Severe Ice Storm,0,0,0
26141,Severe Storm,0,0,0
26141,Fire,0,0,0
26141,Hurricane,0,0,0
26141,Winter Storm,0,0,0
26141,Flood,0,0,0
26141,Tornado,0,0,0
26141,Tropical Storm,0,0,0
26141,Snowstorm,0,0,0
26141,Coastal Storm,0,0,0
26141,Severe Ice Storm,0,0,0
26143,Severe Storm,0,0,0
26143,Fire,0,0,0
26143,Hurricane,0,0,0
26143,Winter Storm,0,0,0
26143,Flood,0,0,0
26143,Tornado,0,0,0
26143,Tropical Storm,0,0,0
26143,Snowstorm,0,0,0
26143,Coastal Storm,0,0,0
26143,Severe Ice Storm,0,0,0
26145,Severe Storm,0,0,0
26145,Fire,0,0,0
26145,Hurricane,0,0,0
26145,Winter Storm,0,0,0
26145,Flood,0,0,0
26145,Tornado,0,0,0
26145,Tropical Storm,0,0,0
26145,Snowstorm,0,0,0
26145,Coastal Storm,0,0,0
26145,Severe Ice Storm,0,0,0
26147,Severe Storm,0,0,0
26147,Fire,0,0,0
26147,Hurricane,0,0,0
26147,Winter Storm,0,0,0
26147,Flood,0,0,0
26147,Tornado,0,0,0
26147,Tropical Storm,0,0,0
26147,Snowstorm,0,0,0
26147,Coastal Storm,0,0,0
26147,Severe Ice Storm,0,0,0
26149,Severe Storm,0,0,0
26149,Fire,0,0,0
26149,Hurricane,0,0,0
26149,Winter Storm,0,0,0
26149,Flood,0,0,0
26149,Tornado,0,0,0
26149,Tropical Storm,0,0,0
26149,Snowstorm,0,0,0
26149,Coastal Storm,0,0,0
26149,Severe Ice Storm,0,0,0
26151,Severe Storm,0,0,0
26151,Fire,0,0,0
26151,Hurricane,0,0,0
26151,Winter Storm,0,0,0
26151,Flood,0,0,0
26151,Tornado,0,0,0
26151,Tropical Storm,0,0,0
26151,Snowstorm,0,0,0
26151,Coastal Storm,0,0,0
26151,Severe Ice Storm,0,0,0
26153,Severe Storm,0,0,0
26153,Fire,0,0,0
26153,Hurricane,0,0,0
26153,Winter Storm,0,0,0
26153,Flood,0,0,0
26153,Tornado,0,0,0
26153,Tropical Storm,0,0,0
26153,Snowstorm,0,0,0
26153,Coastal Storm,0,0,0
26153,Severe Ice Storm,0,0,0
26155,Severe Storm,0,1,1
26155,Fire,0,1,1
26155,Hurricane,0,1,1
26155,Winter Storm,0,1,1
26155,Flood,0,1,1
26155,Tornado,0,1,1
26155,Tropical Storm,0,1,1
26155,Snowstorm,0,1,1
26155,Coastal Storm,0,1,1
26155,Severe Ice Storm,0,1,1
26157,Severe Storm,0,0,0
26157,Fire,0,0,0
26157,Hurricane,0,0,0
26157,Winter Storm,0,0,0
26157,Flood,0,0,0
26157,Tornado,0,0,0
26157,Tropical Storm,0,0,0
26157,Snowstorm,0,0,0
26157,Coastal Storm,0,0,0
26157,Severe Ice Storm,0,0,0
26159,Severe Storm,0,0,0
26159,Fire,0,0,0
26159,Hurricane,0,0,0
26159,Winter Storm,0,0,0
26159,Flood,0,0,0
26159,Tornado,0,0,0
26159,Tropical Storm,0,0,0
26159,Snowstorm,0,0,0
26159,Coastal Storm,0,0,0
26159,Severe Ice Storm,0,0,0
26161,Severe Storm,1,1,5
26161,Fire,0,1,5
26161,Hurricane,0,1,5
26161,Winter Storm,0,1,5
26161,Flood,0,1,5
26161,Tornado,0,1,5
26161,Tropical Storm,0,1,5
26161,Snowstorm,0,1,5
26161,Coastal Storm,0,1,5
26161,Severe Ice Storm,0,1,5
26163,Severe Storm,1,1,2
26163,Fire,0,1,2
26163,Hurricane,0,1,2
26163,Winter Storm,0,1,2
26163,Flood,1,1,2
26163,Tornado,0,1,2
26163,Tropical Storm,0,1,2
26163,Snowstorm,0,1,2
26163,Coastal Storm,0,1,2
26163,Severe Ice Storm,0,1,2
26165,Severe Storm,0,0,0
26165,Fire,0,0,0
26165,Hurricane,0,0,0
26165,Winter Storm,0,0,0
26165,Flood,0,0,0
26165,Tornado,0,0,0
26165,Tropical Storm,0,0,0
26165,Snowstorm,0,0,0
26165,Coastal Storm,0,0,0
26165,Severe Ice Storm,0,0,0
27001,Severe Storm,2,0,0
27001,Fire,0,0,0
27001,Hurricane,0,0,0
27001,Winter Storm,0,0,0
27001,Flood,1,0,0
27001,Tornado,0,0,0
27001,Tropical Storm,0,0,0
27001,Snowstorm,0,0,0
27001,Coastal Storm,0,0,0
27001,Severe Ice Storm,0,0,0
27003,Severe Storm,0,0,0
27003,Fire,0,0,0
27003,Hurricane,0,0,0
27003,Winter Storm,0,0,0
27003,Flood,0,0,0
27003,Tornado,0,0,0
27003,Tropical Storm,0,0,0
27003,Snowstorm,0,0,0
27003,Coastal Storm,0,0,0
27003,Severe Ice Storm,0,0,0
27005,Severe Storm,0,0,0
27005,Fire,0,0,0
27005,Hurricane,0,0,0
27005,Winter Storm,0,0,0
27005,Flood,0,0,0
27005,Tornado,0,0,0
27005,Tropical Storm,0,0,0
27005,Snowstorm,0,0,0
27005,Coastal Storm,0,0,0
27005,Severe Ice Storm,0,0,0
27007,Severe Storm,0,0,0
27007,Fire,0,0,0
27007,Hurricane,0,0,0
27007,Winter Storm,0,0,0
27007,Flood,1,0,0
27007,Tornado,0,0,0
27007,Tropical Storm,0,0,0
27007,Snowstorm,0,0,0
27007,Coastal Storm,0,0,0
27007,Severe Ice Storm,0,0,0
27009,Severe Storm,0,0,0
27009,Fire,0,0,0
27009,Hurricane,0,0,0
27009,Winter Storm,0,0,0
27009,Flood,0,0,0
27009,Tornado,0,0,0
27009,Tropical Storm,0,0,0
27009,Snowstorm,0,0,0
27009,Coastal Storm,0,0,0
27009,Severe Ice Storm,0,0,0
27011,Severe Storm,2,0,0
27011,Fire,0,0,0
27011,Hurricane,0,0,0
27011,Winter Storm,0,0,0
27011,Flood,2,0,0
27011,Tornado,0,0,0
27011,Tropical Storm,0,0,0
27011,Snowstorm,0,0,0
27011,Coastal Storm,0,0,0
27011,Severe Ice Storm,0,0,0
27013,Severe Storm,0,0,0
27013,Fire,0,0,0
27013,Hurricane,0,0,0
27013,Winter Storm,0,0,0
27013,Flood,2,0,0
27013,Tornado,0,0,0
27013,Tropical Storm,0,0,0
27013,Snowstorm,0,0,0
27013,Coastal Storm,0,0,0
27013,Severe Ice Storm,0,0,0
27015,Severe Storm,0,0,0
27015,Fire,0,0,0
27015,Hurricane,0,0,0
27015,Winter Storm,0,0,0
27015,Flood,2,0,0
27015,Tornado,0,0,0
27015,Tropical Storm,0,0,0
27015,Snowstorm,0,0,0
27015,Coastal Storm,0,0,0
27015,Severe Ice Storm,0,0,0
27017,Severe Storm,0,1,1
27017,Fire,0,1,1
27017,Hurricane,0,1,1
27017,Winter Storm,0,1,1
27017,Flood,1,1,1
27017,Tornado,0,1,1
27017,Tropical Storm,0,1,1
27017,Snowstorm,0,1,1
27017,Coastal Storm,0,1,1
27017,Severe Ice Storm,0,1,1
27019,Severe Storm,0,0,0
27019,Fire,0,0,0
27019,Hurricane,0,0,0
27019,Winter Storm,0,0,0
27019,Flood,1,0,0
27019,Tornado,0,0,0
27019,Tropical Storm,0,0,0
27019,Snowstorm,0,0,0
27019,Coastal Storm,0,0,0
27019,Severe Ice Storm,0,0,0
27021,Severe Storm,2,0,0
27021,Fire,0,0,0
27021,Hurricane,0,0,0
27021,Winter Storm,0,0,0
27021,Flood,1,0,0
27021,Tornado,0,0,0
27021,Tropical Storm,0,0,0
27021,Snowstorm,0,0,0
27021,Coastal Storm,0,0,0
27021,Severe Ice Storm,0,0,0
27023,Severe Storm,2,0,0
27023,Fire,0,0,0
27023,Hurricane,0,0,0
27023,Winter Storm,0,0,0
27023,Flood,2,0,0
27023,Tornado,0,0,0
27023,Tropical Storm,0,0,0
27023,Snowstorm,0,0,0
27023,Coastal Storm,0,0,0
27023,Severe Ice Storm,0,0,0
27025,Severe Storm,0,1,1
27025,Fire,0,1,1
27025,Hurricane,0,1,1
27025,Winter Storm,0,1,1
27025,Flood,0,1,1
27025,Tornado,0,1,1
27025,Tropical Storm,0,1,1
27025,Snowstorm,0,1,1
27025,Coastal Storm,0,1,1
27025,Severe Ice Storm,0,1,1
27027,Severe Storm,0,0,0
27027,Fire,0,0,0
27027,Hurricane,0,0,0
27027,Winter Storm,0,0,0
27027,Flood,2,0,0
27027,Tornado,0,0,0
27027,Tropical Storm,0,0,0
27027,Snowstorm,0,0,0
27027,Coastal Storm,0,0,0
27027,Severe Ice Storm,0,0,0
27029,Severe Storm,0,0,0
27029,Fire,0,0,0
27029,Hurricane,0,0,0
27029,Winter Storm,0,0,0
27029,Flood,1,0,0
27029,Tornado,0,0,0
27029,Tropical Storm,0,0,0
27029,Snowstorm,0,0,0
27029,Coastal Storm,0,0,0
27029,Severe Ice Storm,0,0,0
27031,Severe Storm,0,0,0
27031,Fire,0,0,0
27031,Hurricane,0,0,0
27031,Winter Storm,0,0,0
27031,Flood,2,0,0
27031,Tornado,0,0,0
27031,Tropical Storm,0,0,0
27031,Snowstorm,0,0,0
27031,Coastal Storm,0,0,0
27031,Severe Ice Storm,0,0,0
27033,Severe Storm,1,0,0
27033,Fire,0,0,0
27033,Hurricane,0,0,0
27033,Winter Storm,0,0,0
27033,Flood,2,0,0
27033,Tornado,0,0,0
27033,Tropical Storm,0,0,0
27033,Snowstorm,0,0,0
27033,Coastal Storm,0,0,0
27033,Severe Ice Storm,0,0,0
27035,Severe Storm,1,0,0
27035,Fire,0,0,0
27035,Hurricane,0,0,0
27035,Winter Storm,0,0,0
27035,Flood,0,0,0
27035,Tornado,0,0,0
27035,Tropical Storm,0,0,0
27035,Snowstorm,0,0,0
27035,Coastal Storm,0,0,0
27035,Severe Ice Storm,0,0,0
27037,Severe Storm,0,1,3
27037,Fire,0,1,3
27037,Hurricane,0,1,3
27037,Winter Storm,0,1,3
27037,Flood,0,1,3
27037,Tornado,0,1,3
27037,Tropical Storm,0,1,3
27037,Snowstorm,0,1,3
27037,Coastal Storm,0,1,3
27037,Severe Ice Storm,0,1,3
27039,Severe Storm,0,1,1
27039,Fire,0,1,1
27039,Hurricane,0,1,1
27039,Winter Storm,0,1,1
27039,Flood,1,1,1
27039,Tornado,0,1,1
27039,Tropical Storm,0,1,1
27039,Snowstorm,0,1,1
27039,Coastal Storm,0,1,1
27039,Severe Ice Storm,0,1,1
27041,Severe Storm,2,0,0
27041,Fire,0,0,0
27041,Hurricane,0,0,0
27041,Winter Storm,0,0,0
27041,Flood,0,0,0
27041,Tornado,0,0,0
27041,Tropical Storm,0,0,0
27041,Snowstorm,0,0,0
27041,Coastal Storm,0,0,0
27041,Severe Ice Storm,0,0,0
27043,Severe Storm,0,0,0
27043,Fire,0,0,0
27043,Hurricane,0,0,0
27043,Winter Storm,0,0,0
27043,Flood,2,0,0
27043,Tornado,0,0,0
27043,Tropical Storm,0,0,0
27043,Snowstorm,0,0,0
27043,Coastal Storm,0,0,0
27043,Severe Ice Storm,0,0,0
27045,Severe Storm,0,0,0
27045,Fire,0,0,0
27045,Hurricane,0,0,0
27045,Winter Storm,0,0,0
27045,Flood,2,0,0
27045,Tornado,0,0,0
27045,Tropical Storm,0,0,0
27045,Snowstorm,0,0,0
27045,Coastal Storm,0,0,0
27045,Severe Ice Storm,0,0,0
27047,Severe Storm,0,0,0
27047,Fire,0,0,0
27047,Hurricane,0,0,0
27047,Winter Storm,0,0,0
27047,Flood,2,0,0
27047,Tornado,0,0,0
27047,Tropical Storm,0,0,0
27047,Snowstorm,0,0,0
27047,Coastal Storm,0,0,0
27047,Severe Ice Storm,0,0,0
27049,Severe Storm,0,1,2
27049,Fire,0,1,2
27049,Hurricane,0,1,2
27049,Winter Storm,0,1,2
27049,Flood,2,1,2
27049,Tornado,0,1,2
27049,Tropical Storm,0,1,2
27049,Snowstorm,0,1,2
27049,Coastal Storm,0,1,2
27049,Severe Ice Storm,0,1,2
27051,Severe Storm,2,0,0
27051,Fire,0,0,0
27051,Hurricane,0,0,0
27051,Winter Storm,0,0,0
27051,Flood,2,0,0
27051,Tornado,0,0,0
27051,Tropical Storm,0,0,0
27051,Snowstorm,0,0,0
27051,Coastal Storm,0,0,0
27051,Severe Ice Storm,0,0,0
27053,Severe Storm,0,1,1
27053,Fire,0,1,1
27053,Hurricane,0,1,1
27053,Winter Storm,0,1,1
27053,Flood,0,1,1
27053,Tornado,0,1,1
27053,Tropical Storm,0,1,1
27053,Snowstorm,0,1,1
27053,Coastal Storm,0,1,1
27053,Severe Ice Storm,0,1,1
27055,Severe Storm,0,0,0
27055,Fire,0,0,0
27055,Hurricane,0,0,0
27055,Winter Storm,0,0,0
27055,Flood,3,0,0
27055,Tornado,0,0,0
27055,Tropical Storm,0,0,0
27055,Snowstorm,0,0,0
27055,Coastal Storm,0,0,0
27055,Severe Ice Storm,0,0,0
27057,Severe Storm,0,0,0
27057,Fire,0,0,0
27057,Hurricane,0,0,0
27057,Winter Storm,0,0,0
27057,Flood,0,0,0
27057,Tornado,0,0,0
27057,Tropical Storm,0,0,0
27057,Snowstorm,0,0,0
27057,Coastal Storm,0,0,0
27057,Severe Ice Storm,0,0,0
27059,Severe Storm,0,0,0
27059,Fire,0,0,0
27059,Hurricane,0,0,0
27059,Winter Storm,0,0,0
27059,Flood,0,0,0
27059,Tornado,0,0,0
27059,Tropical Storm,0,0,0
27059,Snowstorm,0,0,0
27059,Coastal Storm,0,0,0
27059,Severe Ice Storm,0,0,0
27061,Severe Storm,1,0,0
27061,Fire,0,0,0
27061,Hurricane,0,0,0
27061,Winter Storm,0,0,0
27061,Flood,1,0,0
27061,Tornado,0,0,0
27061,Tropical Storm,0,0,0
27061,Snowstorm,0,0,0
27061,Coastal Storm,0,0,0
27061,Severe Ice Storm,0,0,0
27063,Severe Storm,0,0,0
27063,Fire,0,0,0
27063,Hurricane,0,0,0
27063,Winter Storm,0,0,0
27063,Flood,2,0,0
27063,Tornado,0,0,0
27063,Tropical Storm,0,0,0
27063,Snowstorm,0,0,0
27063,Coastal Storm,0,0,0
27063,Severe Ice Storm,0,0,0
27065,Severe Storm,1,0,0
27065,Fire,0,0,0
27065,Hurricane,0,0,0
27065,Winter Storm,0,0,0
27065,Flood,0,0,0
27065,Tornado,0,0,0
27065,Tropical Storm,0,0,0
27065,Snowstorm,0,0,0
27065,Coastal Storm,0,0,0
27065,Severe Ice Storm,0,0,0
27067,Severe Storm,2,0,0
27067,Fire,0,0,0
27067,Hurricane,0,0,0
27067,Winter Storm,0,0,0
27067,Flood,0,0,0
27067,Tornado,0,0,0
27067,Tropical Storm,0,0,0
27067,Snowstorm,0,0,0
27067,Coastal Storm,0,0,0
27067,Severe Ice Storm,0,0,0
27069,Severe Storm,0,0,0
27069,Fire,0,0,0
27069,Hurricane,0,0,0
27069,Winter Storm,0,0,0
27069,Flood,3,0,0
27069,Tornado,0,0,0
27069,Tropical Storm,0,0,0
27069,Snowstorm,0,0,0
27069,Coastal Storm,0,0,0
27069,Severe Ice Storm,0,0,0
27071,Severe Storm,0,0,0
27071,Fire,0,0,0
27071,Hurricane,0,0,0
27071,Winter Storm,0,0,0
27071,Flood,1,0,0
27071,Tornado,0,0,0
27071,Tropical Storm,0,0,0
27071,Snowstorm,0,0,0
27071,Coastal Storm,0,0,0
27071,Severe Ice Storm,0,0,0
27073,Severe Storm,2,0,0
27073,Fire,0,0,0
27073,Hurricane,0,0,0
27073,Winter Storm,0,0,0
27073,Flood,2,0,0
27073,Tornado,0,0,0
27073,Tropical Storm,0,0,0
27073,Snowstorm,0,0,0
27073,Coastal Storm,0,0,0
27073,Severe Ice Storm,0,0,0
27075,Severe Storm,0,0,0
27075,Fire,0,0,0
27075,Hurricane,0,0,0
27075,Winter Storm,0,0,0
27075,Flood,2,0,0
27075,Tornado,0,0,0
27075,Tropical Storm,0,0,0
27075,Snowstorm,0,0,0
27075,Coastal Storm,0,0,0
27075,Severe Ice Storm,0,0,0
27077,Severe Storm,0,0,0
27077,Fire,0,0,0
27077,Hurricane,0,0,0
27077,Winter Storm,0,0,0
27077,Flood,2,0,0
27077,Tornado,0,0,0
27077,Tropical Storm,0,0,0
27077,Snowstorm,0,0,0
27077,Coastal Storm,0,0,0
27077,Severe Ice Storm,0,0,0
27079,Severe Storm,0,0,0
27079,Fire,0,0,0
27079,Hurricane,0,0,0
27079,Winter Storm,0,0,0
27079,Flood,2,0,0
27079,Tornado,0,0,0
27079,Tropical Storm,0,0,0
27079,Snowstorm,0,0,0
27079,Coastal Storm,0,0,0
27079,Severe Ice Storm,0,0,0
27081,Severe Storm,1,0,0
27081,Fire,0,0,0
27081,Hurricane,0,0,0
27081,Winter Storm,0,0,0
27081,Flood,1,0,0
27081,Tornado,0,0,0
27081,Tropical Storm,0,0,0
27081,Snowstorm,0,0,0
27081,Coastal Storm,0,0,0
27081,Severe Ice Storm,0,0,0
27083,Severe Storm,1,0,0
27083,Fire,0,0,0
27083,Hurricane,0,0,0
27083,Winter Storm,0,0,0
27083,Flood,1,0,0
27083,Tornado,0,0,0
27083,Tropical Storm,0,0,0
27083,Snowstorm,0,0,0
27083,Coastal Storm,0,0,0
27083,Severe Ice Storm,0,0,0
27085,Severe Storm,0,0,0
27085,Fire,0,0,0
27085,Hurricane,0,0,0
27085,Winter Storm,0,0,0
27085,Flood,2,0,0
27085,Tornado,0,0,0
27085,Tropical Storm,0,0,0
27085,Snowstorm,0,0,0
27085,Coastal Storm,0,0,0
27085,Severe Ice Storm,0,0,0
27087,Severe Storm,0,0,0
27087,Fire,0,0,0
27087,Hurricane,0,0,0
27087,Winter Storm,0,0,0
27087,Flood,3,0,0
27087,Tornado,0,0,0
27087,Tropical Storm,0,0,0
27087,Snowstorm,0,0,0
27087,Coastal Storm,0,0,0
27087,Severe Ice Storm,0,0,0
27089,Severe Storm,0,0,0
27089,Fire,0,0,0
27089,Hurricane,0,0,0
27089,Winter Storm,0,0,0
27089,Flood,3,0,0
27089,Tornado,0,0,0
27089,Tropical Storm,0,0,0
27089,Snowstorm,0,0,0
27089,Coastal Storm,0,0,0
27089,Severe Ice Storm,0,0,0
27091,Severe Storm,0,0,0
27091,Fire,0,0,0
27091,Hurricane,0,0,0
27091,Winter Storm,0,0,0
27091,Flood,2,0,0
27091,Tornado,0,0,0
27091,Tropical Storm,0,0,0
27091,Snowstorm,0,0,0
27091,Coastal Storm,0,0,0
27091,Severe Ice Storm,0,0,0
27093,Severe Storm,0,0,0
27093,Fire,0,0,0
27093,Hurricane,0,0,0
27093,Winter Storm,0,0,0
27093,Flood,0,0,0
27093,Tornado,0,0,0
27093,Tropical Storm,0,0,0
27093,Snowstorm,0,0,0
27093,Coastal Storm,0,0,0
27093,Severe Ice Storm,0,0,0
27095,Severe Storm,0,0,0
27095,Fire,0,0,0
27095,Hurricane,0,0,0
27095,Winter Storm,0,0,0
27095,Flood,1,0,0
27095,Tornado,0,0,0
27095,Tropical Storm,0,0,0
27095,Snowstorm,0,0,0
27095,Coastal Storm,0,0,0
27095,Severe Ice Storm,0,0,0
27097,Severe Storm,1,0,0
27097,Fire,0,0,0
27097,Hurricane,0,0,0
27097,Winter Storm,0,0,0
27097,Flood,1,0,0
27097,Tornado,0,0,0
27097,Tropical Storm,0,0,0
27097,Snowstorm,0,0,0
27097,Coastal Storm,0,0,0
27097,Severe Ice Storm,0,0,0
27099,Severe Storm,0,0,0
27099,Fire,0,0,0
27099,Hurricane,0,0,0
27099,Winter Storm,0,0,0
27099,Flood,2,0,0
27099,Tornado,0,0,0
27099,Tropical Storm,0,0,0
27099,Snowstorm,0,0,0
27099,Coastal Storm,0,0,0
27099,Severe Ice Storm,0,0,0
27101,Severe Storm,0,0,0
27101,Fire,0,0,0
27101,Hurricane,0,0,0
27101,Winter Storm,0,0,0
27101,Flood,2,0,0
27101,Tornado,0,0,0
27101,Tropical Storm,0,0,0
27101,Snowstorm,0,0,0
27101,Coastal Storm,0,0,0
27101,Severe Ice Storm,0,0,0
27103,Severe Storm,0,0,0
27103,Fire,0,0,0
27103,Hurricane,0,0,0
27103,Winter Storm,0,0,0
27103,Flood,2,0,0
27103,Tornado,0,0,0
27103,Tropical Storm,0,0,0
27103,Snowstorm,0,0,0
27103,Coastal Storm,0,0,0
27103,Severe Ice Storm,0,0,0
27105,Severe Storm,2,0,0
27105,Fire,0,0,0
27105,Hurricane,0,0,0
27105,Winter Storm,0,0,0
27105,Flood,2,0,0
27105,Tornado,0,0,0
27105,Tropical Storm,0,0,0
27105,Snowstorm,0,0,0
27105,Coastal Storm,0,0,0
27105,Severe Ice Storm,0,0,0
27107,Severe Storm,0,0,0
27107,Fire,0,0,0
27107,Hurricane,0,0,0
27107,Winter Storm,0,0,0
27107,Flood,3,0,0
27107,Tornado,0,0,0
27107,Tropical Storm,0,0,0
27107,Snowstorm,0,0,0
27107,Coastal Storm,0,0,0
27107,Severe Ice Storm,0,0,0
27109,Severe Storm,0,1,1
27109,Fire,0,1,1
27109,Hurricane,0,1,1
27109,Winter Storm,0,1,1
27109,Flood,1,1,1
27109,Tornado,0,1,1
27109,Tropical Storm,0,1,1
27109,Snowstorm,0,1,1
27109,Coastal Storm,0,1,1
27109,Severe Ice Storm,0,1,1
27111,Severe Storm,0,0,0
27111,Fire,0,0,0
27111,Hurricane,0,0,0
27111,Winter Storm,0,0,0
27111,Flood,0,0,0
27111,Tornado,0,0,0
27111,Tropical Storm,0,0,0
27111,Snowstorm,0,0,0
27111,Coastal Storm,0,0,0
27111,Severe Ice Storm,0,0,0
27113,Severe Storm,0,0,0
27113,Fire,0,0,0
27113,Hurricane,0,0,0
27113,Winter Storm,0,0,0
27113,Flood,2,0,0
27113,Tornado,0,0,0
27113,Tropical Storm,0,0,0
27113,Snowstorm,0,0,0
27113,Coastal Storm,0,0,0
27113,Severe Ice Storm,0,0,0
27115,Severe Storm,1,0,0
27115,Fire,0,0,0
27115,Hurricane,0,0,0
27115,Winter Storm,0,0,0
27115,Flood,1,0,0
27115,Tornado,0,0,0
27115,Tropical Storm,0,0,0
27115,Snowstorm,0,0,0
27115,Coastal Storm,0,0,0
27115,Severe Ice Storm,0,0,0
27117,Severe Storm,0,0,0
27117,Fire,0,0,0
27117,Hurricane,0,0,0
27117,Winter Storm,0,0,0
27117,Flood,2,0,0
27117,Tornado,0,0,0
27117,Tropical Storm,0,0,0
27117,Snowstorm,0,0,0
27117,Coastal Storm,0,0,0
27117,Severe Ice Storm,0,0,0
27119,Severe Storm,0,0,0
27119,Fire,0,0,0
27119,Hurricane,0,0,0
27119,Winter Storm,0,0,0
27119,Flood,2,0,0
27119,Tornado,0,0,0
27119,Tropical Storm,0,0,0
27119,Snowstorm,0,0,0
27119,Coastal Storm,0,0,0
27119,Severe Ice Storm,0,0,0
27121,Severe Storm,2,0,0
27121,Fire,0,0,0
27121,Hurricane,0,0,0
27121,Winter Storm,0,0,0
27121,Flood,1,0,0
27121,Tornado,0,0,0
27121,Tropical Storm,0,0,0
27121,Snowstorm,0,0,0
27121,Coastal Storm,0,0,0
27121,Severe Ice Storm,0,0,0
27123,Severe Storm,0,0,0
27123,Fire,0,0,0
27123,Hurricane,0,0,0
27123,Winter Storm,0,0,0
27123,Flood,1,0,0
27123,Tornado,0,0,0
27123,Tropical Storm,0,0,0
27123,Snowstorm,0,0,0
27123,Coastal Storm,0,0,0
27123,Severe Ice Storm,0,0,0
27125,Severe Storm,0,0,0
27125,Fire,0,0,0
27125,Hurricane,0,0,0
27125,Winter Storm,0,0,0
27125,Flood,2,0,0
27125,Tornado,0,0,0
27125,Tropical Storm,0,0,0
27125,Snowstorm,0,0,0
27125,Coastal Storm,0,0,0
27125,Severe Ice Storm,0,0,0
27127,Severe Storm,1,0,0
27127,Fire,0,0,0
27127,Hurricane,0,0,0
27127,Winter Storm,0,0,0
27127,Flood,2,0,0
27127,Tornado,0,0,0
27127,Tropical Storm,0,0,0
27127,Snowstorm,0,0,0
27127,Coastal Storm,0,0,0
27127,Severe Ice Storm,0,0,0
27129,Severe Storm,2,0,0
27129,Fire,0,0,0
27129,Hurricane,0,0,0
27129,Winter Storm,0,0,0
27129,Flood,3,0,0
27129,Tornado,0,0,0
27129,Tropical Storm,0,0,0
27129,Snowstorm,0,0,0
27129,Coastal Storm,0,0,0
27129,Severe Ice Storm,0,0,0
27131,Severe Storm,0,0,0
27131,Fire,0,0,0
27131,Hurricane,0,0,0
27131,Winter Storm,0,0,0
27131,Flood,1,0,0
27131,Tornado,0,0,0
27131,Tropical Storm,0,0,0
27131,Snowstorm,0,0,0
27131,Coastal Storm,0,0,0
27131,Severe Ice Storm,0,0,0
27133,Severe Storm,1,0,0
27133,Fire,0,0,0
27133,Hurricane,0,0,0
27133,Winter Storm,0,0,0
27133,Flood,2,0,0
27133,Tornado,0,0,0
27133,Tropical Storm,0,0,0
27133,Snowstorm,0,0,0
27133,Coastal Storm,0,0,0
27133,Severe Ice Storm,0,0,0
27135,Severe Storm,0,0,0
27135,Fire,0,0,0
27135,Hurricane,0,0,0
27135,Winter Storm,0,0,0
27135,Flood,3,0,0
27135,Tornado,0,0,0
27135,Tropical Storm,0,0,0
27135,Snowstorm,0,0,0
27135,Coastal Storm,0,0,0
27135,Severe Ice Storm,0,0,0
27137,Severe Storm,0,1,1
27137,Fire,0,1,1
27137,Hurricane,0,1,1
27137,Winter Storm,0,1,1
27137,Flood,4,1,1
27137,Tornado,0,1,1
27137,Tropical Storm,0,1,1
27137,Snowstorm,0,1,1
27137,Coastal Storm,0,1,1
27137,Severe Ice Storm,0,1,1
27139,Severe Storm,0,0,0
27139,Fire,0,0,0
27139,Hurricane,0,0,0
27139,Winter Storm,0,0,0
27139,Flood,1,0,0
27139,Tornado,0,0,0
27139,Tropical Storm,0,0,0
27139,Snowstorm,0,0,0
27139,Coastal Storm,0,0,0
27139,Severe Ice Storm,0,0,0
27141,Severe Storm,0,1,1
27141,Fire,0,1,1
27141,Hurricane,0,1,1
27141,Winter Storm,0,1,1
27141,Flood,0,1,1
27141,Tornado,0,1,1
27141,Tropical Storm,0,1,1
27141,Snowstorm,0,1,1
27141,Coastal Storm,0,1,1
27141,Severe Ice Storm,0,1,1
27143,Severe Storm,0,0,0
27143,Fire,0,0,0
27143,Hurricane,0,0,0
27143,Winter Storm,0,0,0
27143,Flood,2,0,0
27143,Tornado,0,0,0
27143,Tropical Storm,0,0,0
27143,Snowstorm,0,0,0
27143,Coastal Storm,0,0,0
27143,Severe Ice Storm,0,0,0
27145,Severe Storm,1,0,0
27145,Fire,0,0,0
27145,Hurricane,0,0,0
27145,Winter Storm,0,0,0
27145,Flood,0,0,0
27145,Tornado,0,0,0
27145,Tropical Storm,0,0,0
27145,Snowstorm,0,0,0
27145,Coastal Storm,0,0,0
27145,Severe Ice Storm,0,0,0
27147,Severe Storm,0,0,0
27147,Fire,0,0,0
27147,Hurricane,0,0,0
27147,Winter Storm,0,0,0
27147,Flood,2,0,0
27147,Tornado,0,0,0
27147,Tropical Storm,0,0,0
27147,Snowstorm,0,0,0
27147,Coastal Storm,0,0,0
27147,Severe Ice Storm,0,0,0
27149,Severe Storm,2,0,0
27149,Fire,0,0,0
27149,Hurricane,0,0,0
27149,Winter Storm,0,0,0
27149,Flood,2,0,0
27149,Tornado,0,0,0
27149,Tropical Storm,0,0,0
27149,Snowstorm,0,0,0
27149,Coastal Storm,0,0,0
27149,Severe Ice Storm,0,0,0
27151,Severe Storm,2,0,0
27151,Fire,0,0,0
27151,Hurricane,0,0,0
27151,Winter Storm,0,0,0
27151,Flood,2,0,0
27151,Tornado,0,0,0
27151,Tropical Storm,0,0,0
27151,Snowstorm,0,0,0
27151,Coastal Storm,0,0,0
27151,Severe Ice Storm,0,0,0
27153,Severe Storm,2,0,0
27153,Fire,0,0,0
27153,Hurricane,0,0,0
27153,Winter Storm,0,0,0
27153,Flood,0,0,0
27153,Tornado,0,0,0
27153,Tropical Storm,0,0,0
27153,Snowstorm,0,0,0
27153,Coastal Storm,0,0,0
27153,Severe Ice Storm,0,0,0
27155,Severe Storm,2,0,0
27155,Fire,0,0,0
27155,Hurricane,0,0,0
27155,Winter Storm,0,0,0
27155,Flood,2,0,0
27155,Tornado,0,0,0
27155,Tropical Storm,0,0,0
27155,Snowstorm,0,0,0
27155,Coastal Storm,0,0,0
27155,Severe Ice Storm,0,0,0
27157,Severe Storm,0,0,0
27157,Fire,0,0,0
27157,Hurricane,0,0,0
27157,Winter Storm,0,0,0
27157,Flood,3,0,0
27157,Tornado,0,0,0
27157,Tropical Storm,0,0,0
27157,Snowstorm,0,0,0
27157,Coastal Storm,0,0,0
27157,Severe Ice Storm,0,0,0
27159,Severe Storm,2,0,0
27159,Fire,0,0,0
27159,Hurricane,0,0,0
27159,Winter Storm,0,0,0
27159,Flood,0,0,0
27159,Tornado,0,0,0
27159,Tropical Storm,0,0,0
27159,Snowstorm,0,0,0
27159,Coastal Storm,0,0,0
27159,Severe Ice Storm,0,0,0
27161,Severe Storm,0,0,0
27161,Fire,0,0,0
27161,Hurricane,0,0,0
27161,Winter Storm,0,0,0
27161,Flood,2,0,0
27161,Tornado,0,0,0
27161,Tropical Storm,0,0,0
27161,Snowstorm,0,0,0
27161,Coastal Storm,0,0,0
27161,Severe Ice Storm,0,0,0
27163,Severe Storm,0,1,1
27163,Fire,0,1,1
27163,Hurricane,0,1,1
27163,Winter Storm,0,1,1
27163,Flood,1,1,1
27163,Tornado,0,1,1
27163,Tropical Storm,0,1,1
27163,Snowstorm,0,1,1
27163,Coastal Storm,0,1,1
27163,Severe Ice Storm,0,1,1
27165,Severe Storm,0,0,0
27165,Fire,0,0,0
27165,Hurricane,0,0,0
27165,Winter Storm,0,0,0
27165,Flood,2,0,0
27165,Tornado,0,0,0
27165,Tropical Storm,0,0,0
27165,Snowstorm,0,0,0
27165,Coastal Storm,0,0,0
27165,Severe Ice Storm,0,0,0
27167,Severe Storm,1,0,0
27167,Fire,0,0,0
27167,Hurricane,0,0,0
27167,Winter Storm,0,0,0
27167,Flood,2,0,0
27167,Tornado,0,0,0
27167,Tropical Storm,0,0,0
27167,Snowstorm,0,0,0
27167,Coastal Storm,0,0,0
27167,Severe Ice Storm,0,0,0
27169,Severe Storm,0,0,0
27169,Fire,0,0,0
27169,Hurricane,0,0,0
27169,Winter Storm,0,0,0
27169,Flood,1,0,0
27169,Tornado,0,0,0
27169,Tropical Storm,0,0,0
27169,Snowstorm,0,0,0
27169,Coastal Storm,0,0,0
27169,Severe Ice Storm,0,0,0
27171,Severe Storm,0,0,0
27171,Fire,0,0,0
27171,Hurricane,0,0,0
27171,Winter Storm,0,0,0
27171,Flood,0,0,0
27171,Tornado,0,0,0
27171,Tropical Storm,0,0,0
27171,Snowstorm,0,0,0
27171,Coastal Storm,0,0,0
27171,Severe Ice Storm,0,0,0
27173,Severe Storm,2,0,0
27173,Fire,0,0,0
27173,Hurricane,0,0,0
27173,Winter Storm,0,0,0
27173,Flood,1,0,0
27173,Tornado,0,0,0
27173,Tropical Storm,0,0,0
27173,Snowstorm,0,0,0
27173,Coastal Storm,0,0,0
27173,Severe Ice Storm,0,0,0
28001,Severe Storm,1,0,0
28001,Fire,0,0,0
28001,Hurricane,5,0,0
28001,Winter Storm,0,0,0
28001,Flood,0,0,0
28001,Tornado,0,0,0
28001,Tropical Storm,0,0,0
28001,Snowstorm,0,0,0
28001,Coastal Storm,0,0,0
28001,Severe Ice Storm,1,0,0
28003,Severe Storm,2,0,0
28003,Fire,0,0,0
28003,Hurricane,2,0,0
28003,Winter Storm,0,0,0
28003,Flood,0,0,0
28003,Tornado,0,0,0
28003,Tropical Storm,0,0,0
28003,Snowstorm,0,0,0
28003,Coastal Storm,0,0,0
28003,Severe Ice Storm,0,0,0
28005,Severe Storm,2,0,0
28005,Fire,0,0,0
28005,Hurricane,5,0,0
28005,Winter Storm,0,0,0
28005,Flood,0,0,0
28005,Tornado,0,0,0
28005,Tropical Storm,0,0,0
28005,Snowstorm,0,0,0
28005,Coastal Storm,0,0,0
28005,Severe Ice Storm,0,0,0
28007,Severe Storm,2,0,0
28007,Fire,0,0,0
28007,Hurricane,2,0,0
28007,Winter Storm,0,0,0
28007,Flood,0,0,0
28007,Tornado,0,0,0
28007,Tropical Storm,0,0,0
28007,Snowstorm,0,0,0
28007,Coastal Storm,0,0,0
28007,Severe Ice Storm,1,0,0
28009,Severe Storm,0,0,0
28009,Fire,0,0,0
28009,Hurricane,2,0,0
28009,Winter Storm,0,0,0
28009,Flood,0,0,0
28009,Tornado,0,0,0
28009,Tropical Storm,0,0,0
28009,Snowstorm,0,0,0
28009,Coastal Storm,0,0,0
28009,Severe Ice Storm,0,0,0
28011,Severe Storm,2,0,0
28011,Fire,0,0,0
28011,Hurricane,2,0,0
28011,Winter Storm,0,0,0
28011,Flood,0,0,0
28011,Tornado,0,0,0
28011,Tropical Storm,0,0,0
28011,Snowstorm,0,0,0
28011,Coastal Storm,0,0,0
28011,Severe Ice Storm,0,0,0
28013,Severe Storm,2,0,0
28013,Fire,0,0,0
28013,Hurricane,2,0,0
28013,Winter Storm,0,0,0
28013,Flood,0,0,0
28013,Tornado,0,0,0
28013,Tropical Storm,0,0,0
28013,Snowstorm,0,0,0
28013,Coastal Storm,0,0,0
28013,Severe Ice Storm,0,0,0
28015,Severe Storm,4,0,0
28015,Fire,0,0,0
28015,Hurricane,2,0,0
28015,Winter Storm,0,0,0
28015,Flood,0,0,0
28015,Tornado,0,0,0
28015,Tropical Storm,0,0,0
28015,Snowstorm,0,0,0
28015,Coastal Storm,0,0,0
28015,Severe Ice Storm,0,0,0
28017,Severe Storm,4,0,0
28017,Fire,0,0,0
28017,Hurricane,2,0,0
28017,Winter Storm,0,0,0
28017,Flood,0,0,0
28017,Tornado,0,0,0
28017,Tropical Storm,0,0,0
28017,Snowstorm,0,0,0
28017,Coastal Storm,0,0,0
28017,Severe Ice Storm,0,0,0
28019,Severe Storm,3,0,0
28019,Fire,0,0,0
28019,Hurricane,2,0,0
28019,Winter Storm,0,0,0
28019,Flood,0,0,0
28019,Tornado,0,0,0
28019,Tropical Storm,0,0,0
28019,Snowstorm,0,0,0
28019,Coastal Storm,0,0,0
28019,Severe Ice Storm,1,0,0
28021,Severe Storm,3,0,0
28021,Fire,0,0,0
28021,Hurricane,3,0,0
28021,Winter Storm,0,0,0
28021,Flood,0,0,0
28021,Tornado,0,0,0
28021,Tropical Storm,0,0,0
28021,Snowstorm,0,0,0
28021,Coastal Storm,0,0,0
28021,Severe Ice Storm,1,0,0
28023,Severe Storm,3,0,0
28023,Fire,0,0,0
28023,Hurricane,3,0,0
28023,Winter Storm,0,0,0
28023,Flood,0,0,0
28023,Tornado,0,0,0
28023,Tropical Storm,0,0,0
28023,Snowstorm,0,0,0
28023,Coastal Storm,0,0,0
28023,Severe Ice Storm,0,0,0
28025,Severe Storm,5,0,0
28025,Fire,0,0,0
28025,Hurricane,2,0,0
28025,Winter Storm,0,0,0
28025,Flood,0,0,0
28025,Tornado,0,0,0
28025,Tropical Storm,0,0,0
28025,Snowstorm,0,0,0
28025,Coastal Storm,0,0,0
28025,Severe Ice Storm,1,0,0
28027,Severe Storm,2,0,0
28027,Fire,0,0,0
28027,Hurricane,2,0,0
28027,Winter Storm,0,0,0
28027,Flood,0,0,0
28027,Tornado,0,0,0
28027,Tropical Storm,0,0,0
28027,Snowstorm,0,0,0
28027,Coastal Storm,0,0,0
28027,Severe Ice Storm,0,0,0
28029,Severe Storm,2,0,0
28029,Fire,0,0,0
28029,Hurricane,3,0,0
28029,Winter Storm,0,0,0
28029,Flood,0,0,0
28029,Tornado,0,0,0
28029,Tropical Storm,0,0,0
28029,Snowstorm,0,0,0
28029,Coastal Storm,0,0,0
28029,Severe Ice Storm,1,0,0
28031,Severe Storm,5,0,0
28031,Fire,0,0,0
28031,Hurricane,4,0,0
28031,Winter Storm,0,0,0
28031,Flood,0,0,0
28031,Tornado,0,0,0
28031,Tropical Storm,0,0,0
28031,Snowstorm,0,0,0
28031,Coastal Storm,0,0,0
28031,Severe Ice Storm,1,0,0
28033,Severe Storm,1,0,0
28033,Fire,0,0,0
28033,Hurricane,2,0,0
28033,Winter Storm,0,0,0
28033,Flood,0,0,0
28033,Tornado,0,0,0
28033,Tropical Storm,0,0,0
28033,Snowstorm,0,0,0
28033,Coastal Storm,0,0,0
28033,Severe Ice Storm,0,0,0
28035,Severe Storm,1,0,0
28035,Fire,0,0,0
28035,Hurricane,6,0,0
28035,Winter Storm,0,0,0
28035,Flood,0,0,0
28035,Tornado,0,0,0
28035,Tropical Storm,0,0,0
28035,Snowstorm,0,0,0
28035,Coastal Storm,0,0,0
28035,Severe Ice Storm,0,0,0
28037,Severe Storm,1,0,0
28037,Fire,0,0,0
28037,Hurricane,5,0,0
28037,Winter Storm,0,0,0
28037,Flood,0,0,0
28037,Tornado,0,0,0
28037,Tropical Storm,0,0,0
28037,Snowstorm,0,0,0
28037,Coastal Storm,0,0,0
28037,Severe Ice Storm,1,0,0
28039,Severe Storm,1,0,0
28039,Fire,0,0,0
28039,Hurricane,7,0,0
28039,Winter Storm,0,0,0
28039,Flood,0,0,0
28039,Tornado,0,0,0
28039,Tropical Storm,0,0,0
28039,Snowstorm,0,0,0
28039,Coastal Storm,0,0,0
28039,Severe Ice Storm,0,0,0
28041,Severe Storm,2,0,0
28041,Fire,0,0,0
28041,Hurricane,6,0,0
28041,Winter Storm,0,0,0
28041,Flood,0,0,0
28041,Tornado,0,0,0
28041,Tropical Storm,0,0,0
28041,Snowstorm,0,0,0
28041,Coastal Storm,0,0,0
28041,Severe Ice Storm,0,0,0
28043,Severe Storm,3,0,0
28043,Fire,0,0,0
28043,Hurricane,2,0,0
28043,Winter Storm,0,0,0
28043,Flood,0,0,0
28043,Tornado,0,0,0
28043,Tropical Storm,0,0,0
28043,Snowstorm,0,0,0
28043,Coastal Storm,0,0,0
28043,Severe Ice Storm,1,0,0
28045,Severe Storm,1,0,0
28045,Fire,0,0,0
28045,Hurricane,7,0,0
28045,Winter Storm,0,0,0
28045,Flood,0,0,0
28045,Tornado,0,0,0
28045,Tropical Storm,0,0,0
28045,Snowstorm,0,0,0
28045,Coastal Storm,0,0,0
28045,Severe Ice Storm,0,0,0
28047,Severe Storm,0,0,0
28047,Fire,0,0,0
28047,Hurricane,7,0,0
28047,Winter Storm,0,0,0
28047,Flood,0,0,0
28047,Tornado,0,0,0
28047,Tropical Storm,0,0,0
28047,Snowstorm,0,0,0
28047,Coastal Storm,0,0,0
28047,Severe Ice Storm,0,0,0
28049,Severe Storm,2,0,0
28049,Fire,0,0,0
28049,Hurricane,3,0,0
28049,Winter Storm,0,0,0
28049,Flood,0,0,0
28049,Tornado,0,0,0
28049,Tropical Storm,0,0,0
28049,Snowstorm,0,0,0
28049,Coastal Storm,0,0,0
28049,Severe Ice Storm,1,0,0
28051,Severe Storm,4,0,0
28051,Fire,0,0,0
28051,Hurricane,2,0,0
28051,Winter Storm,0,0,0
28051,Flood,0,0,0
28051,Tornado,0,0,0
28051,Tropical Storm,0,0,0
28051,Snowstorm,0,0,0
28051,Coastal Storm,0,0,0
28051,Severe Ice Storm,1,0,0
28053,Severe Storm,4,0,0
28053,Fire,0,0,0
28053,Hurricane,3,0,0
28053,Winter Storm,0,0,0
28053,Flood,0,0,0
28053,Tornado,0,0,0
28053,Tropical Storm,0,0,0
28053,Snowstorm,0,0,0
28053,Coastal Storm,0,0,0
28053,Severe Ice Storm,0,0,0
28055,Severe Storm,2,0,0
28055,Fire,0,0,0
28055,Hurricane,3,0,0
28055,Winter Storm,0,0,0
28055,Flood,0,0,0
28055,Tornado,0,0,0
28055,Tropical Storm,0,0,0
28055,Snowstorm,0,0,0
28055,Coastal Storm,0,0,0
28055,Severe Ice Storm,0,0,0
28057,Severe Storm,4,0,0
28057,Fire,0,0,0
28057,Hurricane,2,0,0
28057,Winter Storm,0,0,0
28057,Flood,0,0,0
28057,Tornado,0,0,0
28057,Tropical Storm,0,0,0
28057,Snowstorm,0,0,0
28057,Coastal Storm,0,0,0
28057,Severe Ice Storm,0,0,0
28059,Severe Storm,1,0,0
28059,Fire,0,0,0
28059,Hurricane,7,0,0
28059,Winter Storm,0,0,0
28059,Flood,0,0,0
28059,Tornado,0,0,0
28059,Tropical Storm,0,0,0
28059,Snowstorm,0,0,0
28059,Coastal Storm,0,0,0
28059,Severe Ice Storm,0,0,0
28061,Severe Storm,4,0,0
28061,Fire,0,0,0
28061,Hurricane,2,0,0
28061,Winter Storm,0,0,0
28061,Flood,0,0,0
28061,Tornado,0,0,0
28061,Tropical Storm,0,0,0
28061,Snowstorm,0,0,0
28061,Coastal Storm,0,0,0
28061,Severe Ice Storm,1,0,0
28063,Severe Storm,1,0,0
28063,Fire,0,0,0
28063,Hurricane,5,0,0
28063,Winter Storm,0,0,0
28063,Flood,0,0,0
28063,Tornado,0,0,0
28063,Tropical Storm,0,0,0
28063,Snowstorm,0,0,0
28063,Coastal Storm,0,0,0
28063,Severe Ice Storm,1,0,0
28065,Severe Storm,4,0,0
28065,Fire,0,0,0
28065,Hurricane,5,0,0
28065,Winter Storm,0,0,0
28065,Flood,0,0,0
28065,Tornado,0,0,0
28065,Tropical Storm,0,0,0
28065,Snowstorm,0,0,0
28065,Coastal Storm,0,0,0
28065,Severe Ice Storm,1,0,0
28067,Severe Storm,4,0,0
28067,Fire,0,0,0
28067,Hurricane,5,0,0
28067,Winter Storm,0,0,0
28067,Flood,0,0,0
28067,Tornado,0,0,0
28067,Tropical Storm,0,0,0
28067,Snowstorm,0,0,0
28067,Coastal Storm,0,0,0
28067,Severe Ice Storm,0,0,0
28069,Severe Storm,1,0,0
28069,Fire,0,0,0
28069,Hurricane,2,0,0
28069,Winter Storm,0,0,0
28069,Flood,0,0,0
28069,Tornado,0,0,0
28069,Tropical Storm,0,0,0
28069,Snowstorm,0,0,0
28069,Coastal Storm,0,0,0
28069,Severe Ice Storm,1,0,0
28071,Severe Storm,2,0,0
28071,Fire,0,0,0
28071,Hurricane,2,0,0
28071,Winter Storm,0,0,0
28071,Flood,0,0,0
28071,Tornado,0,0,0
28071,Tropical Storm,0,0,0
28071,Snowstorm,0,0,0
28071,Coastal Storm,0,0,0
28071,Severe Ice Storm,1,0,0
28073,Severe Storm,0,0,0
28073,Fire,0,0,0
28073,Hurricane,5,0,0
28073,Winter Storm,0,0,0
28073,Flood,0,0,0
28073,Tornado,0,0,0
28073,Tropical Storm,0,0,0
28073,Snowstorm,0,0,0
28073,Coastal Storm,0,0,0
28073,Severe Ice Storm,0,0,0
28075,Severe Storm,0,0,0
28075,Fire,0,0,0
28075,Hurricane,2,0,0
28075,Winter Storm,0,0,0
28075,Flood,0,0,0
28075,Tornado,0,0,0
28075,Tropical Storm,0,0,0
28075,Snowstorm,0,0,0
28075,Coastal Storm,0,0,0
28075,Severe Ice Storm,1,0,0
28077,Severe Storm,3,0,0
28077,Fire,0,0,0
28077,Hurricane,5,0,0
28077,Winter Storm,0,0,0
28077,Flood,0,0,0
28077,Tornado,0,0,0
28077,Tropical Storm,0,0,0
28077,Snowstorm,0,0,0
28077,Coastal Storm,0,0,0
28077,Severe Ice Storm,1,0,0
28079,Severe Storm,3,0,0
28079,Fire,0,0,0
28079,Hurricane,2,0,0
28079,Winter Storm,0,0,0
28079,Flood,0,0,0
28079,Tornado,0,0,0
28079,Tropical Storm,0,0,0
28079,Snowstorm,0,0,0
28079,Coastal Storm,0,0,0
28079,Severe Ice Storm,1,0,0
28081,Severe Storm,2,0,0
28081,Fire,0,0,0
28081,Hurricane,2,0,0
28081,Winter Storm,0,0,0
28081,Flood,0,0,0
28081,Tornado,0,0,0
28081,Tropical Storm,0,0,0
28081,Snowstorm,0,0,0
28081,Coastal Storm,0,0,0
28081,Severe Ice Storm,0,0,0
28083,Severe Storm,2,0,0
28083,Fire,0,0,0
28083,Hurricane,2,0,0
28083,Winter Storm,0,0,0
28083,Flood,0,0,0
28083,Tornado,0,0,0
28083,Tropical Storm,0,0,0
28083,Snowstorm,0,0,0
28083,Coastal Storm,0,0,0
28083,Severe Ice Storm,0,0,0
28085,Severe Storm,0,0,0
28085,Fire,0,0,0
28085,Hurricane,5,0,0
28085,Winter Storm,0,0,0
28085,Flood,0,0,0
28085,Tornado,0,0,0
28085,Tropical Storm,0,0,0
28085,Snowstorm,0,0,0
28085,Coastal Storm,0,0,0
28085,Severe Ice Storm,1,0,0
28087,Severe Storm,1,0,0
28087,Fire,0,0,0
28087,Hurricane,2,0,0
28087,Winter Storm,0,0,0
28087,Flood,0,0,0
28087,Tornado,0,0,0
28087,Tropical Storm,0,0,0
28087,Snowstorm,0,0,0
28087,Coastal Storm,0,0,0
28087,Severe Ice Storm,0,0,0
28089,Severe Storm,2,1,1
28089,Fire,0,1,1
28089,Hurricane,3,1,1
28089,Winter Storm,0,1,1
28089,Flood,0,1,1
28089,Tornado,0,1,1
28089,Tropical Storm,0,1,1
28089,Snowstorm,0,1,1
28089,Coastal Storm,0,1,1
28089,Severe Ice Storm,0,1,1
28091,Severe Storm,3,0,0
28091,Fire,0,0,0
28091,Hurricane,5,0,0
28091,Winter Storm,0,0,0
28091,Flood,0,0,0
28091,Tornado,0,0,0
28091,Tropical Storm,0,0,0
28091,Snowstorm,0,0,0
28091,Coastal Storm,0,0,0
28091,Severe Ice Storm,0,0,0
28093,Severe Storm,0,0,0
28093,Fire,0,0,0
28093,Hurricane,2,0,0
28093,Winter Storm,0,0,0
28093,Flood,0,0,0
28093,Tornado,0,0,0
28093,Tropical Storm,0,0,0
28093,Snowstorm,0,0,0
28093,Coastal Storm,0,0,0
28093,Severe Ice Storm,0,0,0
28095,Severe Storm,3,0,0
28095,Fire,0,0,0
28095,Hurricane,2,0,0
28095,Winter Storm,0,0,0
28095,Flood,0,0,0
28095,Tornado,0,0,0
28095,Tropical Storm,0,0,0
28095,Snowstorm,0,0,0
28095,Coastal Storm,0,0,0
28095,Severe Ice Storm,0,0,0
28097,Severe Storm,3,0,0
28097,Fire,0,0,0
28097,Hurricane,2,0,0
28097,Winter Storm,0,0,0
28097,Flood,0,0,0
28097,Tornado,0,0,0
28097,Tropical Storm,0,0,0
28097,Snowstorm,0,0,0
28097,Coastal Storm,0,0,0
28097,Severe Ice Storm,0,0,0
28099,Severe Storm,3,0,0
28099,Fire,0,0,0
28099,Hurricane,2,0,0
28099,Winter Storm,0,0,0
28099,Flood,0,0,0
28099,Tornado,0,0,0
28099,Tropical Storm,0,0,0
28099,Snowstorm,0,0,0
28099,Coastal Storm,0,0,0
28099,Severe Ice Storm,1,0,0
28101,Severe Storm,3,0,0
28101,Fire,0,0,0
28101,Hurricane,2,0,0
28101,Winter Storm,0,0,0
28101,Flood,0,0,0
28101,Tornado,0,0,0
28101,Tropical Storm,0,0,0
28101,Snowstorm,0,0,0
28101,Coastal Storm,0,0,0
28101,Severe Ice Storm,1,0,0
28103,Severe Storm,2,0,0
28103,Fire,0,0,0
28103,Hurricane,2,0,0
28103,Winter Storm,0,0,0
28103,Flood,0,0,0
28103,Tornado,0,0,0
28103,Tropical Storm,0,0,0
28103,Snowstorm,0,0,0
28103,Coastal Storm,0,0,0
28103,Severe Ice Storm,1,0,0
28105,Severe Storm,3,0,0
28105,Fire,0,0,0
28105,Hurricane,2,0,0
28105,Winter Storm,0,0,0
28105,Flood,0,0,0
28105,Tornado,0,0,0
28105,Tropical Storm,0,0,0
28105,Snowstorm,0,0,0
28105,Coastal Storm,0,0,0
28105,Severe Ice Storm,0,0,0
28107,Severe Storm,4,0,0
28107,Fire,0,0,0
28107,Hurricane,2,0,0
28107,Winter Storm,0,0,0
28107,Flood,0,0,0
28107,Tornado,0,0,0
28107,Tropical Storm,0,0,0
28107,Snowstorm,0,0,0
28107,Coastal Storm,0,0,0
28107,Severe Ice Storm,0,0,0
28109,Severe Storm,0,0,0
28109,Fire,0,0,0
28109,Hurricane,6,0,0
28109,Winter Storm,0,0,0
28109,Flood,0,0,0
28109,Tornado,0,0,0
28109,Tropical Storm,0,0,0
28109,Snowstorm,0,0,0
28109,Coastal Storm,0,0,0
28109,Severe Ice Storm,0,0,0
28111,Severe Storm,2,0,0
28111,Fire,0,0,0
28111,Hurricane,6,0,0
28111,Winter Storm,0,0,0
28111,Flood,0,0,0
28111,Tornado,0,0,0
28111,Tropical Storm,0,0,0
28111,Snowstorm,0,0,0
28111,Coastal Storm,0,0,0
28111,Severe Ice Storm,0,0,0
28113,Severe Storm,1,0,0
28113,Fire,0,0,0
28113,Hurricane,5,0,0
28113,Winter Storm,0,0,0
28113,Flood,0,0,0
28113,Tornado,0,0,0
28113,Tropical Storm,0,0,0
28113,Snowstorm,0,0,0
28113,Coastal Storm,0,0,0
28113,Severe Ice Storm,1,0,0
28115,Severe Storm,2,0,0
28115,Fire,0,0,0
28115,Hurricane,2,0,0
28115,Winter Storm,0,0,0
28115,Flood,0,0,0
28115,Tornado,0,0,0
28115,Tropical Storm,0,0,0
28115,Snowstorm,0,0,0
28115,Coastal Storm,0,0,0
28115,Severe Ice Storm,0,0,0
28117,Severe Storm,3,0,0
28117,Fire,0,0,0
28117,Hurricane,2,0,0
28117,Winter Storm,0,0,0
28117,Flood,0,0,0
28117,Tornado,0,0,0
28117,Tropical Storm,0,0,0
28117,Snowstorm,0,0,0
28117,Coastal Storm,0,0,0
28117,Severe Ice Storm,0,0,0
28119,Severe Storm,3,0,0
28119,Fire,0,0,0
28119,Hurricane,2,0,0
28119,Winter Storm,0,0,0
28119,Flood,0,0,0
28119,Tornado,0,0,0
28119,Tropical Storm,0,0,0
28119,Snowstorm,0,0,0
28119,Coastal Storm,0,0,0
28119,Severe Ice Storm,1,0,0
28121,Severe Storm,1,1,1
28121,Fire,0,1,1
28121,Hurricane,3,1,1
28121,Winter Storm,0,1,1
28121,Flood,0,1,1
28121,Tornado,0,1,1
28121,Tropical Storm,0,1,1
28121,Snowstorm,0,1,1
28121,Coastal Storm,0,1,1
28121,Severe Ice Storm,1,1,1
28123,Severe Storm,3,0,0
28123,Fire,0,0,0
28123,Hurricane,2,0,0
28123,Winter Storm,0,0,0
28123,Flood,0,0,0
28123,Tornado,0,0,0
28123,Tropical Storm,0,0,0
28123,Snowstorm,0,0,0
28123,Coastal Storm,0,0,0
28123,Severe Ice Storm,1,0,0
28125,Severe Storm,3,0,0
28125,Fire,0,0,0
28125,Hurricane,3,0,0
28125,Winter Storm,0,0,0
28125,Flood,0,0,0
28125,Tornado,0,0,0
28125,Tropical Storm,0,0,0
28125,Snowstorm,0,0,0
28125,Coastal Storm,0,0,0
28125,Severe Ice Storm,0,0,0
28127,Severe Storm,3,0,0
28127,Fire,0,0,0
28127,Hurricane,3,0,0
28127,Winter Storm,0,0,0
28127,Flood,0,0,0
28127,Tornado,0,0,0
28127,Tropical Storm,0,0,0
28127,Snowstorm,0,0,0
28127,Coastal Storm,0,0,0
28127,Severe Ice Storm,1,0,0
28129,Severe Storm,4,1,1
28129,Fire,0,1,1
28129,Hurricane,2,1,1
28129,Winter Storm,0,1,1
28129,Flood,0,1,1
28129,Tornado,0,1,1
28129,Tropical Storm,0,1,1
28129,Snowstorm,0,1,1
28129,Coastal Storm,0,1,1
28129,Severe Ice Storm,1,1,1
28131,Severe Storm,0,0,0
28131,Fire,0,0,0
28131,Hurricane,7,0,0
28131,Winter Storm,0,0,0
28131,Flood,0,0,0
28131,Tornado,0,0,0
28131,Tropical Storm,0,0,0
28131,Snowstorm,0,0,0
28131,Coastal Storm,0,0,0
28131,Severe Ice Storm,0,0,0
28133,Severe Storm,3,0,0
28133,Fire,0,0,0
28133,Hurricane,2,0,0
28133,Winter Storm,0,0,0
28133,Flood,0,0,0
28133,Tornado,0,0,0
28133,Tropical Storm,0,0,0
28133,Snowstorm,0,0,0
28133,Coastal Storm,0,0,0
28133,Severe Ice Storm,0,0,0
28135,Severe Storm,3,0,0
28135,Fire,0,0,0
28135,Hurricane,2,0,0
28135,Winter Storm,0,0,0
28135,Flood,0,0,0
28135,Tornado,0,0,0
28135,Tropical Storm,0,0,0
28135,Snowstorm,0,0,0
28135,Coastal Storm,0,0,0
28135,Severe Ice Storm,1,0,0
28137,Severe Storm,1,0,0
28137,Fire,0,0,0
28137,Hurricane,2,0,0
28137,Winter Storm,0,0,0
28137,Flood,0,0,0
28137,Tornado,0,0,0
28137,Tropical Storm,0,0,0
28137,Snowstorm,0,0,0
28137,Coastal Storm,0,0,0
28137,Severe Ice Storm,0,0,0
28139,Severe Storm,1,0,0
28139,Fire,0,0,0
28139,Hurricane,2,0,0
28139,Winter Storm,0,0,0
28139,Flood,0,0,0
28139,Tornado,0,0,0
28139,Tropical Storm,0,0,0
28139,Snowstorm,0,0,0
28139,Coastal Storm,0,0,0
28139,Severe Ice Storm,0,0,0
28141,Severe Storm,2,0,0
28141,Fire,0,0,0
28141,Hurricane,2,0,0
28141,Winter Storm,0,0,0
28141,Flood,0,0,0
28141,Tornado,0,0,0
28141,Tropical Storm,0,0,0
28141,Snowstorm,0,0,0
28141,Coastal Storm,0,0,0
28141,Severe Ice Storm,0,0,0
28143,Severe Storm,1,0,0
28143,Fire,0,0,0
28143,Hurricane,2,0,0
28143,Winter Storm,0,0,0
28143,Flood,0,0,0
28143,Tornado,0,0,0
28143,Tropical Storm,0,0,0
28143,Snowstorm,0,0,0
28143,Coastal Storm,0,0,0
28143,Severe Ice Storm,0,0,0
28145,Severe Storm,1,0,0
28145,Fire,0,0,0
28145,Hurricane,2,0,0
28145,Winter Storm,0,0,0
28145,Flood,0,0,0
28145,Tornado,0,0,0
28145,Tropical Storm,0,0,0
28145,Snowstorm,0,0,0
28145,Coastal Storm,0,0,0
28145,Severe Ice Storm,0,0,0
28147,Severe Storm,1,0,0
28147,Fire,0,0,0
28147,Hurricane,5,0,0
28147,Winter Storm,0,0,0
28147,Flood,0,0,0
28147,Tornado,0,0,0
28147,Tropical Storm,0,0,0
28147,Snowstorm,0,0,0
28147,Coastal Storm,0,0,0
28147,Severe Ice Storm,1,0,0
28149,Severe Storm,4,0,0
28149,Fire,0,0,0
28149,Hurricane,3,0,0
28149,Winter Storm,0,0,0
28149,Flood,0,0,0
28149,Tornado,0,0,0
28149,Tropical Storm,0,0,0
28149,Snowstorm,0,0,0
28149,Coastal Storm,0,0,0
28149,Severe Ice Storm,1,0,0
28151,Severe Storm,3,0,0
28151,Fire,0,0,0
28151,Hurricane,2,0,0
28151,Winter Storm,0,0,0
28151,Flood,0,0,0
28151,Tornado,0,0,0
28151,Tropical Storm,0,0,0
28151,Snowstorm,0,0,0
28151,Coastal Storm,0,0,0
28151,Severe Ice Storm,0,0,0
28153,Severe Storm,3,0,0
28153,Fire,0,0,0
28153,Hurricane,6,0,0
28153,Winter Storm,0,0,0
28153,Flood,0,0,0
28153,Tornado,0,0,0
28153,Tropical Storm,0,0,0
28153,Snowstorm,0,0,0
28153,Coastal Storm,0,0,0
28153,Severe Ice Storm,0,0,0
28155,Severe Storm,2,0,0
28155,Fire,0,0,0
28155,Hurricane,2,0,0
28155,Winter Storm,0,0,0
28155,Flood,0,0,0
28155,Tornado,0,0,0
28155,Tropical Storm,0,0,0
28155,Snowstorm,0,0,0
28155,Coastal Storm,0,0,0
28155,Severe Ice Storm,1,0,0
28157,Severe Storm,1,0,0
28157,Fire,0,0,0
28157,Hurricane,5,0,0
28157,Winter Storm,0,0,0
28157,Flood,0,0,0
28157,Tornado,0,0,0
28157,Tropical Storm,0,0,0
28157,Snowstorm,0,0,0
28157,Coastal Storm,0,0,0
28157,Severe Ice Storm,1,0,0
28159,Severe Storm,0,0,0
28159,Fire,0,0,0
28159,Hurricane,2,0,0
28159,Winter Storm,0,0,0
28159,Flood,0,0,0
28159,Tornado,0,0,0
28159,Tropical Storm,0,0,0
28159,Snowstorm,0,0,0
28159,Coastal Storm,0,0,0
28159,Severe Ice Storm,1,0,0
28161,Severe Storm,2,0,0
28161,Fire,0,0,0
28161,Hurricane,2,0,0
28161,Winter Storm,0,0,0
28161,Flood,0,0,0
28161,Tornado,0,0,0
28161,Tropical Storm,0,0,0
28161,Snowstorm,0,0,0
28161,Coastal Storm,0,0,0
28161,Severe Ice Storm,0,0,0
28163,Severe Storm,4,0,0
28163,Fire,0,0,0
28163,Hurricane,3,0,0
28163,Winter Storm,0,0,0
28163,Flood,0,0,0
28163,Tornado,0,0,0
28163,Tropical Storm,0,0,0
28163,Snowstorm,0,0,0
28163,Coastal Storm,0,0,0
28163,Severe Ice Storm,1,0,0
29001,Severe Storm,2,0,0
29001,Fire,0,0,0
29001,Hurricane,0,0,0
29001,Winter Storm,0,0,0
29001,Flood,0,0,0
29001,Tornado,0,0,0
29001,Tropical Storm,0,0,0
29001,Snowstorm,0,0,0
29001,Coastal Storm,0,0,0
29001,Severe Ice Storm,0,0,0
29003,Severe Storm,2,0,0
29003,Fire,0,0,0
29003,Hurricane,0,0,0
29003,Winter Storm,0,0,0
29003,Flood,1,0,0
29003,Tornado,0,0,0
29003,Tropical Storm,0,0,0
29003,Snowstorm,0,0,0
29003,Coastal Storm,0,0,0
29003,Severe Ice Storm,0,0,0
29005,Severe Storm,1,0,0
29005,Fire,0,0,0
29005,Hurricane,0,0,0
29005,Winter Storm,0,0,0
29005,Flood,1,0,0
29005,Tornado,0,0,0
29005,Tropical Storm,0,0,0
29005,Snowstorm,0,0,0
29005,Coastal Storm,0,0,0
29005,Severe Ice Storm,0,0,0
29007,Severe Storm,1,0,0
29007,Fire,0,0,0
29007,Hurricane,0,0,0
29007,Winter Storm,0,0,0
29007,Flood,0,0,0
29007,Tornado,0,0,0
29007,Tropical Storm,0,0,0
29007,Snowstorm,0,0,0
29007,Coastal Storm,0,0,0
29007,Severe Ice Storm,0,0,0
29009,Severe Storm,3,0,0
29009,Fire,0,0,0
29009,Hurricane,0,0,0
29009,Winter Storm,0,0,0
29009,Flood,0,0,0
29009,Tornado,0,0,0
29009,Tropical Storm,0,0,0
29009,Snowstorm,0,0,0
29009,Coastal Storm,0,0,0
29009,Severe Ice Storm,0,0,0
29011,Severe Storm,2,0,0
29011,Fire,0,0,0
29011,Hurricane,0,0,0
29011,Winter Storm,0,0,0
29011,Flood,0,0,0
29011,Tornado,0,0,0
29011,Tropical Storm,0,0,0
29011,Snowstorm,0,0,0
29011,Coastal Storm,0,0,0
29011,Severe Ice Storm,0,0,0
29013,Severe Storm,3,0,0
29013,Fire,0,0,0
29013,Hurricane,0,0,0
29013,Winter Storm,0,0,0
29013,Flood,0,0,0
29013,Tornado,0,0,0
29013,Tropical Storm,0,0,0
29013,Snowstorm,0,0,0
29013,Coastal Storm,0,0,0
29013,Severe Ice Storm,0,0,0
29015,Severe Storm,2,0,0
29015,Fire,0,0,0
29015,Hurricane,0,0,0
29015,Winter Storm,0,0,0
29015,Flood,0,0,0
29015,Tornado,0,0,0
29015,Tropical Storm,0,0,0
29015,Snowstorm,0,0,0
29015,Coastal Storm,0,0,0
29015,Severe Ice Storm,0,0,0
29017,Severe Storm,4,0,0
29017,Fire,0,0,0
29017,Hurricane,0,0,0
29017,Winter Storm,0,0,0
29017,Flood,0,0,0
29017,Tornado,0,0,0
29017,Tropical Storm,0,0,0
29017,Snowstorm,0,0,0
29017,Coastal Storm,0,0,0
29017,Severe Ice Storm,0,0,0
29019,Severe Storm,2,1,1
29019,Fire,0,1,1
29019,Hurricane,0,1,1
29019,Winter Storm,0,1,1
29019,Flood,0,1,1
29019,Tornado,0,1,1
29019,Tropical Storm,0,1,1
29019,Snowstorm,0,1,1
29019,Coastal Storm,0,1,1
29019,Severe Ice Storm,0,1,1
29021,Severe Storm,2,0,0
29021,Fire,0,0,0
29021,Hurricane,0,0,0
29021,Winter Storm,0,0,0
29021,Flood,1,0,0
29021,Tornado,0,0,0
29021,Tropical Storm,0,0,0
29021,Snowstorm,0,0,0
29021,Coastal Storm,0,0,0
29021,Severe Ice Storm,0,0,0
29023,Severe Storm,2,0,0
29023,Fire,0,0,0
29023,Hurricane,0,0,0
29023,Winter Storm,0,0,0
29023,Flood,0,0,0
29023,Tornado,0,0,0
29023,Tropical Storm,0,0,0
29023,Snowstorm,0,0,0
29023,Coastal Storm,0,0,0
29023,Severe Ice Storm,0,0,0
29025,Severe Storm,2,0,0
29025,Fire,0,0,0
29025,Hurricane,0,0,0
29025,Winter Storm,0,0,0
29025,Flood,0,0,0
29025,Tornado,0,0,0
29025,Tropical Storm,0,0,0
29025,Snowstorm,0,0,0
29025,Coastal Storm,0,0,0
29025,Severe Ice Storm,0,0,0
29027,Severe Storm,2,1,1
29027,Fire,0,1,1
29027,Hurricane,0,1,1
29027,Winter Storm,0,1,1
29027,Flood,0,1,1
29027,Tornado,0,1,1
29027,Tropical Storm,0,1,1
29027,Snowstorm,0,1,1
29027,Coastal Storm,0,1,1
29027,Severe Ice Storm,0,1,1
29029,Severe Storm,2,0,0
29029,Fire,0,0,0
29029,Hurricane,0,0,0
29029,Winter Storm,0,0,0
29029,Flood,0,0,0
29029,Tornado,0,0,0
29029,Tropical Storm,0,0,0
29029,Snowstorm,0,0,0
29029,Coastal Storm,0,0,0
29029,Severe Ice Storm,0,0,0
29031,Severe Storm,1,0,0
29031,Fire,0,0,0
29031,Hurricane,0,0,0
29031,Winter Storm,0,0,0
29031,Flood,1,0,0
29031,Tornado,0,0,0
29031,Tropical Storm,0,0,0
29031,Snowstorm,0,0,0
29031,Coastal Storm,0,0,0
29031,Severe Ice Storm,0,0,0
29033,Severe Storm,2,0,0
29033,Fire,0,0,0
29033,Hurricane,0,0,0
29033,Winter Storm,0,0,0
29033,Flood,1,0,0
29033,Tornado,0,0,0
29033,Tropical Storm,0,0,0
29033,Snowstorm,0,0,0
29033,Coastal Storm,0,0,0
29033,Severe Ice Storm,0,0,0
29035,Severe Storm,2,0,0
29035,Fire,0,0,0
29035,Hurricane,0,0,0
29035,Winter Storm,0,0,0
29035,Flood,0,0,0
29035,Tornado,0,0,0
29035,Tropical Storm,0,0,0
29035,Snowstorm,0,0,0
29035,Coastal Storm,0,0,0
29035,Severe Ice Storm,0,0,0
29037,Severe Storm,0,1,1
29037,Fire,0,1,1
29037,Hurricane,0,1,1
29037,Winter Storm,0,1,1
29037,Flood,0,1,1
29037,Tornado,0,1,1
29037,Tropical Storm,0,1,1
29037,Snowstorm,0,1,1
29037,Coastal Storm,0,1,1
29037,Severe Ice Storm,0,1,1
29039,Severe Storm,1,0,0
29039,Fire,0,0,0
29039,Hurricane,0,0,0
29039,Winter Storm,0,0,0
29039,Flood,0,0,0
29039,Tornado,0,0,0
29039,Tropical Storm,0,0,0
29039,Snowstorm,0,0,0
29039,Coastal Storm,0,0,0
29039,Severe Ice Storm,0,0,0
29041,Severe Storm,2,0,0
29041,Fire,0,0,0
29041,Hurricane,0,0,0
29041,Winter Storm,0,0,0
29041,Flood,1,0,0
29041,Tornado,0,0,0
29041,Tropical Storm,0,0,0
29041,Snowstorm,0,0,0
29041,Coastal Storm,0,0,0
29041,Severe Ice Storm,0,0,0
29043,Severe Storm,1,0,0
29043,Fire,0,0,0
29043,Hurricane,0,0,0
29043,Winter Storm,0,0,0
29043,Flood,0,0,0
29043,Tornado,0,0,0
29043,Tropical Storm,0,0,0
29043,Snowstorm,0,0,0
29043,Coastal Storm,0,0,0
29043,Severe Ice Storm,0,0,0
29045,Severe Storm,2,0,0
29045,Fire,0,0,0
29045,Hurricane,0,0,0
29045,Winter Storm,0,0,0
29045,Flood,0,0,0
29045,Tornado,0,0,0
29045,Tropical Storm,0,0,0
29045,Snowstorm,0,0,0
29045,Coastal Storm,0,0,0
29045,Severe Ice Storm,0,0,0
29047,Severe Storm,1,1,2
29047,Fire,0,1,2
29047,Hurricane,0,1,2
29047,Winter Storm,0,1,2
29047,Flood,0,1,2
29047,Tornado,0,1,2
29047,Tropical Storm,0,1,2
29047,Snowstorm,0,1,2
29047,Coastal Storm,0,1,2
29047,Severe Ice Storm,0,1,2
29049,Severe Storm,1,0,0
29049,Fire,0,0,0
29049,Hurricane,0,0,0
29049,Winter Storm,0,0,0
29049,Flood,0,0,0
29049,Tornado,0,0,0
29049,Tropical Storm,0,0,0
29049,Snowstorm,0,0,0
29049,Coastal Storm,0,0,0
29049,Severe Ice Storm,0,0,0
29051,Severe Storm,1,0,0
29051,Fire,0,0,0
29051,Hurricane,0,0,0
29051,Winter Storm,0,0,0
29051,Flood,0,0,0
29051,Tornado,0,0,0
29051,Tropical Storm,0,0,0
29051,Snowstorm,0,0,0
29051,Coastal Storm,0,0,0
29051,Severe Ice Storm,0,0,0
29053,Severe Storm,2,0,0
29053,Fire,0,0,0
29053,Hurricane,0,0,0
29053,Winter Storm,0,0,0
29053,Flood,0,0,0
29053,Tornado,0,0,0
29053,Tropical Storm,0,0,0
29053,Snowstorm,0,0,0
29053,Coastal Storm,0,0,0
29053,Severe Ice Storm,0,0,0
29055,Severe Storm,1,0,0
29055,Fire,0,0,0
29055,Hurricane,0,0,0
29055,Winter Storm,0,0,0
29055,Flood,0,0,0
29055,Tornado,0,0,0
29055,Tropical Storm,0,0,0
29055,Snowstorm,0,0,0
29055,Coastal Storm,0,0,0
29055,Severe Ice Storm,0,0,0
29057,Severe Storm,2,0,0
29057,Fire,0,0,0
29057,Hurricane,0,0,0
29057,Winter Storm,0,0,0
29057,Flood,0,0,0
29057,Tornado,0,0,0
29057,Tropical Storm,0,0,0
29057,Snowstorm,0,0,0
29057,Coastal Storm,0,0,0
29057,Severe Ice Storm,0,0,0
29059,Severe Storm,2,0,0
29059,Fire,0,0,0
29059,Hurricane,0,0,0
29059,Winter Storm,0,0,0
29059,Flood,0,0,0
29059,Tornado,0,0,0
29059,Tropical Storm,0,0,0
29059,Snowstorm,0,0,0
29059,Coastal Storm,0,0,0
29059,Severe Ice Storm,0,0,0
29061,Severe Storm,2,0,0
29061,Fire,0,0,0
29061,Hurricane,0,0,0
29061,Winter Storm,0,0,0
29061,Flood,0,0,0
29061,Tornado,0,0,0
29061,Tropical Storm,0,0,0
29061,Snowstorm,0,0,0
29061,Coastal Storm,0,0,0
29061,Severe Ice Storm,0,0,0
29063,Severe Storm,0,0,0
29063,Fire,0,0,0
29063,Hurricane,0,0,0
29063,Winter Storm,0,0,0
29063,Flood,0,0,0
29063,Tornado,0,0,0
29063,Tropical Storm,0,0,0
29063,Snowstorm,0,0,0
29063,Coastal Storm,0,0,0
29063,Severe Ice Storm,0,0,0
29065,Severe Storm,0,0,0
29065,Fire,0,0,0
29065,Hurricane,0,0,0
29065,Winter Storm,0,0,0
29065,Flood,0,0,0
29065,Tornado,0,0,0
29065,Tropical Storm,0,0,0
29065,Snowstorm,0,0,0
29065,Coastal Storm,0,0,0
29065,Severe Ice Storm,0,0,0
29067,Severe Storm,2,0,0
29067,Fire,0,0,0
29067,Hurricane,0,0,0
29067,Winter Storm,0,0,0
29067,Flood,0,0,0
29067,Tornado,0,0,0
29067,Tropical Storm,0,0,0
29067,Snowstorm,0,0,0
29067,Coastal Storm,0,0,0
29067,Severe Ice Storm,0,0,0
29069,Severe Storm,3,0,0
29069,Fire,0,0,0
29069,Hurricane,0,0,0
29069,Winter Storm,0,0,0
29069,Flood,0,0,0
29069,Tornado,0,0,0
29069,Tropical Storm,0,0,0
29069,Snowstorm,0,0,0
29069,Coastal Storm,0,0,0
29069,Severe Ice Storm,0,0,0
29071,Severe Storm,0,0,0
29071,Fire,0,0,0
29071,Hurricane,0,0,0
29071,Winter Storm,0,0,0
29071,Flood,0,0,0
29071,Tornado,0,0,0
29071,Tropical Storm,0,0,0
29071,Snowstorm,0,0,0
29071,Coastal Storm,0,0,0
29071,Severe Ice Storm,0,0,0
29073,Severe Storm,1,0,0
29073,Fire,0,0,0
29073,Hurricane,0,0,0
29073,Winter Storm,0,0,0
29073,Flood,0,0,0
29073,Tornado,0,0,0
29073,Tropical Storm,0,0,0
29073,Snowstorm,0,0,0
29073,Coastal Storm,0,0,0
29073,Severe Ice Storm,0,0,0
29075,Severe Storm,2,0,0
29075,Fire,0,0,0
29075,Hurricane,0,0,0
29075,Winter Storm,0,0,0
29075,Flood,0,0,0
29075,Tornado,0,0,0
29075,Tropical Storm,0,0,0
29075,Snowstorm,0,0,0
29075,Coastal Storm,0,0,0
29075,Severe Ice Storm,0,0,0
29077,Severe Storm,2,0,0
29077,Fire,0,0,0
29077,Hurricane,0,0,0
29077,Winter Storm,0,0,0
29077,Flood,0,0,0
29077,Tornado,0,0,0
29077,Tropical Storm,0,0,0
29077,Snowstorm,0,0,0
29077,Coastal Storm,0,0,0
29077,Severe Ice Storm,0,0,0
29079,Severe Storm,3,0,0
29079,Fire,0,0,0
29079,Hurricane,0,0,0
29079,Winter Storm,0,0,0
29079,Flood,0,0,0
29079,Tornado,0,0,0
29079,Tropical Storm,0,0,0
29079,Snowstorm,0,0,0
29079,Coastal Storm,0,0,0
29079,Severe Ice Storm,0,0,0
29081,Severe Storm,1,0,0
29081,Fire,0,0,0
29081,Hurricane,0,0,0
29081,Winter Storm,0,0,0
29081,Flood,0,0,0
29081,Tornado,0,0,0
29081,Tropical Storm,0,0,0
29081,Snowstorm,0,0,0
29081,Coastal Storm,0,0,0
29081,Severe Ice Storm,0,0,0
29083,Severe Storm,3,0,0
29083,Fire,0,0,0
29083,Hurricane,0,0,0
29083,Winter Storm,0,0,0
29083,Flood,0,0,0
29083,Tornado,0,0,0
29083,Tropical Storm,0,0,0
29083,Snowstorm,0,0,0
29083,Coastal Storm,0,0,0
29083,Severe Ice Storm,0,0,0
29085,Severe Storm,2,0,0
29085,Fire,0,0,0
29085,Hurricane,0,0,0
29085,Winter Storm,0,0,0
29085,Flood,0,0,0
29085,Tornado,0,0,0
29085,Tropical Storm,0,0,0
29085,Snowstorm,0,0,0
29085,Coastal Storm,0,0,0
29085,Severe Ice Storm,0,0,0
29087,Severe Storm,2,0,0
29087,Fire,0,0,0
29087,Hurricane,0,0,0
29087,Winter Storm,0,0,0
29087,Flood,1,0,0
29087,Tornado,0,0,0
29087,Tropical Storm,0,0,0
29087,Snowstorm,0,0,0
29087,Coastal Storm,0,0,0
29087,Severe Ice Storm,0,0,0
29089,Severe Storm,2,0,0
29089,Fire,0,0,0
29089,Hurricane,0,0,0
29089,Winter Storm,0,0,0
29089,Flood,0,0,0
29089,Tornado,0,0,0
29089,Tropical Storm,0,0,0
29089,Snowstorm,0,0,0
29089,Coastal Storm,0,0,0
29089,Severe Ice Storm,0,0,0
29091,Severe Storm,3,0,0
29091,Fire,0,0,0
29091,Hurricane,0,0,0
29091,Winter Storm,0,0,0
29091,Flood,0,0,0
29091,Tornado,0,0,0
29091,Tropical Storm,0,0,0
29091,Snowstorm,0,0,0
29091,Coastal Storm,0,0,0
29091,Severe Ice Storm,0,0,0
29093,Severe Storm,2,0,0
29093,Fire,0,0,0
29093,Hurricane,0,0,0
29093,Winter Storm,0,0,0
29093,Flood,0,0,0
29093,Tornado,0,0,0
29093,Tropical Storm,0,0,0
29093,Snowstorm,0,0,0
29093,Coastal Storm,0,0,0
29093,Severe Ice Storm,0,0,0
29095,Severe Storm,1,0,0
29095,Fire,0,0,0
29095,Hurricane,0,0,0
29095,Winter Storm,0,0,0
29095,Flood,0,0,0
29095,Tornado,0,0,0
29095,Tropical Storm,0,0,0
29095,Snowstorm,0,0,0
29095,Coastal Storm,0,0,0
29095,Severe Ice Storm,0,0,0
29097,Severe Storm,1,0,0
29097,Fire,0,0,0
29097,Hurricane,0,0,0
29097,Winter Storm,0,0,0
29097,Flood,0,0,0
29097,Tornado,0,0,0
29097,Tropical Storm,0,0,0
29097,Snowstorm,0,0,0
29097,Coastal Storm,0,0,0
29097,Severe Ice Storm,0,0,0
29099,Severe Storm,1,0,0
29099,Fire,0,0,0
29099,Hurricane,0,0,0
29099,Winter Storm,0,0,0
29099,Flood,0,0,0
29099,Tornado,0,0,0
29099,Tropical Storm,0,0,0
29099,Snowstorm,0,0,0
29099,Coastal Storm,0,0,0
29099,Severe Ice Storm,0,0,0
29101,Severe Storm,0,0,0
29101,Fire,0,0,0
29101,Hurricane,0,0,0
29101,Winter Storm,0,0,0
29101,Flood,0,0,0
29101,Tornado,0,0,0
29101,Tropical Storm,0,0,0
29101,Snowstorm,0,0,0
29101,Coastal Storm,0,0,0
29101,Severe Ice Storm,0,0,0
29103,Severe Storm,2,0,0
29103,Fire,0,0,0
29103,Hurricane,0,0,0
29103,Winter Storm,0,0,0
29103,Flood,0,0,0
29103,Tornado,0,0,0
29103,Tropical Storm,0,0,0
29103,Snowstorm,0,0,0
29103,Coastal Storm,0,0,0
29103,Severe Ice Storm,0,0,0
29105,Severe Storm,2,0,0
29105,Fire,0,0,0
29105,Hurricane,0,0,0
29105,Winter Storm,0,0,0
29105,Flood,0,0,0
29105,Tornado,0,0,0
29105,Tropical Storm,0,0,0
29105,Snowstorm,0,0,0
29105,Coastal Storm,0,0,0
29105,Severe Ice Storm,0,0,0
29107,Severe Storm,1,0,0
29107,Fire,0,0,0
29107,Hurricane,0,0,0
29107,Winter Storm,0,0,0
29107,Flood,0,0,0
29107,Tornado,0,0,0
29107,Tropical Storm,0,0,0
29107,Snowstorm,0,0,0
29107,Coastal Storm,0,0,0
29107,Severe Ice Storm,0,0,0
29109,Severe Storm,0,0,0
29109,Fire,0,0,0
29109,Hurricane,0,0,0
29109,Winter Storm,0,0,0
29109,Flood,0,0,0
29109,Tornado,0,0,0
29109,Tropical Storm,0,0,0
29109,Snowstorm,0,0,0
29109,Coastal Storm,0,0,0
29109,Severe Ice Storm,0,0,0
29111,Severe Storm,1,0,0
29111,Fire,0,0,0
29111,Hurricane,0,0,0
29111,Winter Storm,0,0,0
29111,Flood,0,0,0
29111,Tornado,0,0,0
29111,Tropical Storm,0,0,0
29111,Snowstorm,0,0,0
29111,Coastal Storm,0,0,0
29111,Severe Ice Storm,0,0,0
29113,Severe Storm,2,0,0
29113,Fire,0,0,0
29113,Hurricane,0,0,0
29113,Winter Storm,0,0,0
29113,Flood,0,0,0
29113,Tornado,0,0,0
29113,Tropical Storm,0,0,0
29113,Snowstorm,0,0,0
29113,Coastal Storm,0,0,0
29113,Severe Ice Storm,0,0,0
29115,Severe Storm,1,0,0
29115,Fire,0,0,0
29115,Hurricane,0,0,0
29115,Winter Storm,0,0,0
29115,Flood,0,0,0
29115,Tornado,0,0,0
29115,Tropical Storm,0,0,0
29115,Snowstorm,0,0,0
29115,Coastal Storm,0,0,0
29115,Severe Ice Storm,0,0,0
29117,Severe Storm,2,0,0
29117,Fire,0,0,0
29117,Hurricane,0,0,0
29117,Winter Storm,0,0,0
29117,Flood,0,0,0
29117,Tornado,0,0,0
29117,Tropical Storm,0,0,0
29117,Snowstorm,0,0,0
29117,Coastal Storm,0,0,0
29117,Severe Ice Storm,0,0,0
29119,Severe Storm,2,0,0
29119,Fire,0,0,0
29119,Hurricane,0,0,0
29119,Winter Storm,0,0,0
29119,Flood,0,0,0
29119,Tornado,0,0,0
29119,Tropical Storm,0,0,0
29119,Snowstorm,0,0,0
29119,Coastal Storm,0,0,0
29119,Severe Ice Storm,0,0,0
29121,Severe Storm,1,0,0
29121,Fire,0,0,0
29121,Hurricane,0,0,0
29121,Winter Storm,0,0,0
29121,Flood,0,0,0
29121,Tornado,0,0,0
29121,Tropical Storm,0,0,0
29121,Snowstorm,0,0,0
29121,Coastal Storm,0,0,0
29121,Severe Ice Storm,0,0,0
29123,Severe Storm,3,0,0
29123,Fire,0,0,0
29123,Hurricane,0,0,0
29123,Winter Storm,0,0,0
29123,Flood,0,0,0
29123,Tornado,0,0,0
29123,Tropical Storm,0,0,0
29123,Snowstorm,0,0,0
29123,Coastal Storm,0,0,0
29123,Severe Ice Storm,0,0,0
29125,Severe Storm,2,0,0
29125,Fire,0,0,0
29125,Hurricane,0,0,0
29125,Winter Storm,0,0,0
29125,Flood,0,0,0
29125,Tornado,0,0,0
29125,Tropical Storm,0,0,0
29125,Snowstorm,0,0,0
29125,Coastal Storm,0,0,0
29125,Severe Ice Storm,0,0,0
29127,Severe Storm,1,0,0
29127,Fire,0,0,0
29127,Hurricane,0,0,0
29127,Winter Storm,0,0,0
29127,Flood,0,0,0
29127,Tornado,0,0,0
29127,Tropical Storm,0,0,0
29127,Snowstorm,0,0,0
29127,Coastal Storm,0,0,0
29127,Severe Ice Storm,0,0,0
29129,Severe Storm,1,0,0
29129,Fire,0,0,0
29129,Hurricane,0,0,0
29129,Winter Storm,0,0,0
29129,Flood,0,0,0
29129,Tornado,0,0,0
29129,Tropical Storm,0,0,0
29129,Snowstorm,0,0,0
29129,Coastal Storm,0,0,0
29129,Severe Ice Storm,0,0,0
29131,Severe Storm,1,0,0
29131,Fire,0,0,0
29131,Hurricane,0,0,0
29131,Winter Storm,0,0,0
29131,Flood,0,0,0
29131,Tornado,0,0,0
29131,Tropical Storm,0,0,0
29131,Snowstorm,0,0,0
29131,Coastal Storm,0,0,0
29131,Severe Ice Storm,0,0,0
29133,Severe Storm,2,0,0
29133,Fire,0,0,0
29133,Hurricane,0,0,0
29133,Winter Storm,0,0,0
29133,Flood,1,0,0
29133,Tornado,0,0,0
29133,Tropical Storm,0,0,0
29133,Snowstorm,0,0,0
29133,Coastal Storm,0,0,0
29133,Severe Ice Storm,0,0,0
29135,Severe Storm,1,0,0
29135,Fire,0,0,0
29135,Hurricane,0,0,0
29135,Winter Storm,0,0,0
29135,Flood,0,0,0
29135,Tornado,0,0,0
29135,Tropical Storm,0,0,0
29135,Snowstorm,0,0,0
29135,Coastal Storm,0,0,0
29135,Severe Ice Storm,0,0,0
29137,Severe Storm,1,0,0
29137,Fire,0,0,0
29137,Hurricane,0,0,0
29137,Winter Storm,0,0,0
29137,Flood,0,0,0
29137,Tornado,0,0,0
29137,Tropical Storm,0,0,0
29137,Snowstorm,0,0,0
29137,Coastal Storm,0,0,0
29137,Severe Ice Storm,0,0,0
29139,Severe Storm,2,1,2
29139,Fire,0,1,2
29139,Hurricane,0,1,2
29139,Winter Storm,0,1,2
29139,Flood,1,1,2
29139,Tornado,0,1,2
29139,Tropical Storm,0,1,2
29139,Snowstorm,0,1,2
29139,Coastal Storm,0,1,2
29139,Severe Ice Storm,0,1,2
29141,Severe Storm,1,0,0
29141,Fire,0,0,0
29141,Hurricane,0,0,0
29141,Winter Storm,0,0,0
29141,Flood,0,0,0
29141,Tornado,0,0,0
29141,Tropical Storm,0,0,0
29141,Snowstorm,0,0,0
29141,Coastal Storm,0,0,0
29141,Severe Ice Storm,0,0,0
29143,Severe Storm,4,0,0
29143,Fire,0,0,0
29143,Hurricane,0,0,0
29143,Winter Storm,0,0,0
29143,Flood,1,0,0
29143,Tornado,0,0,0
29143,Tropical Storm,0,0,0
29143,Snowstorm,0,0,0
29143,Coastal Storm,0,0,0
29143,Severe Ice Storm,0,0,0
29145,Severe Storm,1,0,0
29145,Fire,0,0,0
29145,Hurricane,0,0,0
29145,Winter Storm,0,0,0
29145,Flood,0,0,0
29145,Tornado,0,0,0
29145,Tropical Storm,0,0,0
29145,Snowstorm,0,0,0
29145,Coastal Storm,0,0,0
29145,Severe Ice Storm,0,0,0
29147,Severe Storm,1,0,0
29147,Fire,0,0,0
29147,Hurricane,0,0,0
29147,Winter Storm,0,0,0
29147,Flood,0,0,0
29147,Tornado,0,0,0
29147,Tropical Storm,0,0,0
29147,Snowstorm,0,0,0
29147,Coastal Storm,0,0,0
29147,Severe Ice Storm,0,0,0
29149,Severe Storm,2,0,0
29149,Fire,0,0,0
29149,Hurricane,0,0,0
29149,Winter Storm,0,0,0
29149,Flood,0,0,0
29149,Tornado,0,0,0
29149,Tropical Storm,0,0,0
29149,Snowstorm,0,0,0
29149,Coastal Storm,0,0,0
29149,Severe Ice Storm,0,0,0
29151,Severe Storm,1,0,0
29151,Fire,0,0,0
29151,Hurricane,0,0,0
29151,Winter Storm,0,0,0
29151,Flood,0,0,0
29151,Tornado,0,0,0
29151,Tropical Storm,0,0,0
29151,Snowstorm,0,0,0
29151,Coastal Storm,0,0,0
29151,Severe Ice Storm,0,0,0
29153,Severe Storm,2,0,0
29153,Fire,0,0,0
29153,Hurricane,0,0,0
29153,Winter Storm,0,0,0
29153,Flood,0,0,0
29153,Tornado,0,0,0
29153,Tropical Storm,0,0,0
29153,Snowstorm,0,0,0
29153,Coastal Storm,0,0,0
29153,Severe Ice Storm,0,0,0
29155,Severe Storm,3,0,0
29155,Fire,0,0,0
29155,Hurricane,0,0,0
29155,Winter Storm,0,0,0
29155,Flood,1,0,0
29155,Tornado,0,0,0
29155,Tropical Storm,0,0,0
29155,Snowstorm,0,0,0
29155,Coastal Storm,0,0,0
29155,Severe Ice Storm,0,0,0
29157,Severe Storm,2,0,0
29157,Fire,0,0,0
29157,Hurricane,0,0,0
29157,Winter Storm,0,0,0
29157,Flood,1,0,0
29157,Tornado,0,0,0
29157,Tropical Storm,0,0,0
29157,Snowstorm,0,0,0
29157,Coastal Storm,0,0,0
29157,Severe Ice Storm,0,0,0
29159,Severe Storm,0,0,0
29159,Fire,0,0,0
29159,Hurricane,0,0,0
29159,Winter Storm,0,0,0
29159,Flood,0,0,0
29159,Tornado,0,0,0
29159,Tropical Storm,0,0,0
29159,Snowstorm,0,0,0
29159,Coastal Storm,0,0,0
29159,Severe Ice Storm,0,0,0
29161,Severe Storm,0,0,0
29161,Fire,0,0,0
29161,Hurricane,0,0,0
29161,Winter Storm,0,0,0
29161,Flood,0,0,0
29161,Tornado,0,0,0
29161,Tropical Storm,0,0,0
29161,Snowstorm,0,0,0
29161,Coastal Storm,0,0,0
29161,Severe Ice Storm,0,0,0
29163,Severe Storm,1,0,0
29163,Fire,0,0,0
29163,Hurricane,0,0,0
29163,Winter Storm,0,0,0
29163,Flood,1,0,0
29163,Tornado,0,0,0
29163,Tropical Storm,0,0,0
29163,Snowstorm,0,0,0
29163,Coastal Storm,0,0,0
29163,Severe Ice Storm,0,0,0
29165,Severe Storm,1,1,1
29165,Fire,0,1,1
29165,Hurricane,0,1,1
29165,Winter Storm,0,1,1
29165,Flood,1,1,1
29165,Tornado,0,1,1
29165,Tropical Storm,0,1,1
29165,Snowstorm,0,1,1
29165,Coastal Storm,0,1,1
29165,Severe Ice Storm,0,1,1
29167,Severe Storm,1,0,0
29167,Fire,0,0,0
29167,Hurricane,0,0,0
29167,Winter Storm,0,0,0
29167,Flood,0,0,0
29167,Tornado,0,0,0
29167,Tropical Storm,0,0,0
29167,Snowstorm,0,0,0
29167,Coastal Storm,0,0,0
29167,Severe Ice Storm,0,0,0
29169,Severe Storm,1,0,0
29169,Fire,0,0,0
29169,Hurricane,0,0,0
29169,Winter Storm,0,0,0
29169,Flood,0,0,0
29169,Tornado,0,0,0
29169,Tropical Storm,0,0,0
29169,Snowstorm,0,0,0
29169,Coastal Storm,0,0,0
29169,Severe Ice Storm,0,0,0
29171,Severe Storm,1,0,0
29171,Fire,0,0,0
29171,Hurricane,0,0,0
29171,Winter Storm,0,0,0
29171,Flood,0,0,0
29171,Tornado,0,0,0
29171,Tropical Storm,0,0,0
29171,Snowstorm,0,0,0
29171,Coastal Storm,0,0,0
29171,Severe Ice Storm,0,0,0
29173,Severe Storm,2,0,0
29173,Fire,0,0,0
29173,Hurricane,0,0,0
29173,Winter Storm,0,0,0
29173,Flood,0,0,0
29173,Tornado,0,0,0
29173,Tropical Storm,0,0,0
29173,Snowstorm,0,0,0
29173,Coastal Storm,0,0,0
29173,Severe Ice Storm,0,0,0
29175,Severe Storm,1,0,0
29175,Fire,0,0,0
29175,Hurricane,0,0,0
29175,Winter Storm,0,0,0
29175,Flood,0,0,0
29175,Tornado,0,0,0
29175,Tropical Storm,0,0,0
29175,Snowstorm,0,0,0
29175,Coastal Storm,0,0,0
29175,Severe Ice Storm,0,0,0
29177,Severe Storm,2,0,0
29177,Fire,0,0,0
29177,Hurricane,0,0,0
29177,Winter Storm,0,0,0
29177,Flood,1,0,0
29177,Tornado,0,0,0
29177,Tropical Storm,0,0,0
29177,Snowstorm,0,0,0
29177,Coastal Storm,0,0,0
29177,Severe Ice Storm,0,0,0
29179,Severe Storm,2,0,0
29179,Fire,0,0,0
29179,Hurricane,0,0,0
29179,Winter Storm,0,0,0
29179,Flood,0,0,0
29179,Tornado,0,0,0
29179,Tropical Storm,0,0,0
29179,Snowstorm,0,0,0
29179,Coastal Storm,0,0,0
29179,Severe Ice Storm,0,0,0
29181,Severe Storm,2,0,0
29181,Fire,0,0,0
29181,Hurricane,0,0,0
29181,Winter Storm,0,0,0
29181,Flood,0,0,0
29181,Tornado,0,0,0
29181,Tropical Storm,0,0,0
29181,Snowstorm,0,0,0
29181,Coastal Storm,0,0,0
29181,Severe Ice Storm,0,0,0
29183,Severe Storm,1,1,1
29183,Fire,0,1,1
29183,Hurricane,0,1,1
29183,Winter Storm,0,1,1
29183,Flood,1,1,1
29183,Tornado,0,1,1
29183,Tropical Storm,0,1,1
29183,Snowstorm,0,1,1
29183,Coastal Storm,0,1,1
29183,Severe Ice Storm,0,1,1
29185,Severe Storm,2,0,0
29185,Fire,0,0,0
29185,Hurricane,0,0,0
29185,Winter Storm,0,0,0
29185,Flood,0,0,0
29185,Tornado,0,0,0
29185,Tropical Storm,0,0,0
29185,Snowstorm,0,0,0
29185,Coastal Storm,0,0,0
29185,Severe Ice Storm,0,0,0
29186,Severe Storm,2,0,0
29186,Fire,0,0,0
29186,Hurricane,0,0,0
29186,Winter Storm,0,0,0
29186,Flood,1,0,0
29186,Tornado,0,0,0
29186,Tropical Storm,0,0,0
29186,Snowstorm,0,0,0
29186,Coastal Storm,0,0,0
29186,Severe Ice Storm,0,0,0
29187,Severe Storm,0,0,0
29187,Fire,0,0,0
29187,Hurricane,0,0,0
29187,Winter Storm,0,0,0
29187,Flood,0,0,0
29187,Tornado,0,0,0
29187,Tropical Storm,0,0,0
29187,Snowstorm,0,0,0
29187,Coastal Storm,0,0,0
29187,Severe Ice Storm,0,0,0
29189,Severe Storm,0,0,0
29189,Fire,0,0,0
29189,Hurricane,0,0,0
29189,Winter Storm,0,0,0
29189,Flood,1,0,0
29189,Tornado,0,0,0
29189,Tropical Storm,0,0,0
29189,Snowstorm,0,0,0
29189,Coastal Storm,0,0,0
29189,Severe Ice Storm,0,0,0
29195,Severe Storm,2,0,0
29195,Fire,0,0,0
29195,Hurricane,0,0,0
29195,Winter Storm,0,0,0
29195,Flood,0,0,0
29195,Tornado,0,0,0
29195,Tropical Storm,0,0,0
29195,Snowstorm,0,0,0
29195,Coastal Storm,0,0,0
29195,Severe Ice Storm,0,0,0
29197,Severe Storm,1,0,0
29197,Fire,0,0,0
29197,Hurricane,0,0,0
29197,Winter Storm,0,0,0
29197,Flood,0,0,0
29197,Tornado,0,0,0
29197,Tropical Storm,0,0,0
29197,Snowstorm,0,0,0
29197,Coastal Storm,0,0,0
29197,Severe Ice Storm,0,0,0
29199,Severe Storm,2,0,0
29199,Fire,0,0,0
29199,Hurricane,0,0,0
29199,Winter Storm,0,0,0
29199,Flood,0,0,0
29199,Tornado,0,0,0
29199,Tropical Storm,0,0,0
29199,Snowstorm,0,0,0
29199,Coastal Storm,0,0,0
29199,Severe Ice Storm,0,0,0
29201,Severe Storm,3,0,0
29201,Fire,0,0,0
29201,Hurricane,0,0,0
29201,Winter Storm,0,0,0
29201,Flood,1,0,0
29201,Tornado,0,0,0
29201,Tropical Storm,0,0,0
29201,Snowstorm,0,0,0
29201,Coastal Storm,0,0,0
29201,Severe Ice Storm,0,0,0
29203,Severe Storm,3,0,0
29203,Fire,0,0,0
29203,Hurricane,0,0,0
29203,Winter Storm,0,0,0
29203,Flood,0,0,0
29203,Tornado,0,0,0
29203,Tropical Storm,0,0,0
29203,Snowstorm,0,0,0
29203,Coastal Storm,0,0,0
29203,Severe Ice Storm,0,0,0
29205,Severe Storm,2,0,0
29205,Fire,0,0,0
29205,Hurricane,0,0,0
29205,Winter Storm,0,0,0
29205,Flood,0,0,0
29205,Tornado,0,0,0
29205,Tropical Storm,0,0,0
29205,Snowstorm,0,0,0
29205,Coastal Storm,0,0,0
29205,Severe Ice Storm,0,0,0
29207,Severe Storm,3,0,0
29207,Fire,0,0,0
29207,Hurricane,0,0,0
29207,Winter Storm,0,0,0
29207,Flood,0,0,0
29207,Tornado,0,0,0
29207,Tropical Storm,0,0,0
29207,Snowstorm,0,0,0
29207,Coastal Storm,0,0,0
29207,Severe Ice Storm,0,0,0
29209,Severe Storm,0,0,0
29209,Fire,0,0,0
29209,Hurricane,0,0,0
29209,Winter Storm,0,0,0
29209,Flood,0,0,0
29209,Tornado,0,0,0
29209,Tropical Storm,0,0,0
29209,Snowstorm,0,0,0
29209,Coastal Storm,0,0,0
29209,Severe Ice Storm,0,0,0
29211,Severe Storm,1,0,0
29211,Fire,0,0,0
29211,Hurricane,0,0,0
29211,Winter Storm,0,0,0
29211,Flood,0,0,0
29211,Tornado,0,0,0
29211,Tropical Storm,0,0,0
29211,Snowstorm,0,0,0
29211,Coastal Storm,0,0,0
29211,Severe Ice Storm,0,0,0
29213,Severe Storm,2,0,0
29213,Fire,0,0,0
29213,Hurricane,0,0,0
29213,Winter Storm,0,0,0
29213,Flood,0,0,0
29213,Tornado,0,0,0
29213,Tropical Storm,0,0,0
29213,Snowstorm,0,0,0
29213,Coastal Storm,0,0,0
29213,Severe Ice Storm,0,0,0
29215,Severe Storm,2,0,0
29215,Fire,0,0,0
29215,Hurricane,0,0,0
29215,Winter Storm,0,0,0
29215,Flood,0,0,0
29215,Tornado,0,0,0
29215,Tropical Storm,0,0,0
29215,Snowstorm,0,0,0
29215,Coastal Storm,0,0,0
29215,Severe Ice Storm,0,0,0
29217,Severe Storm,2,0,0
29217,Fire,0,0,0
29217,Hurricane,0,0,0
29217,Winter Storm,0,0,0
29217,Flood,0,0,0
29217,Tornado,0,0,0
29217,Tropical Storm,0,0,0
29217,Snowstorm,0,0,0
29217,Coastal Storm,0,0,0
29217,Severe Ice Storm,0,0,0
29219,Severe Storm,0,1,2
29219,Fire,0,1,2
29219,Hurricane,0,1,2
29219,Winter Storm,0,1,2
29219,Flood,0,1,2
29219,Tornado,0,1,2
29219,Tropical Storm,0,1,2
29219,Snowstorm,0,1,2
29219,Coastal Storm,0,1,2
29219,Severe Ice Storm,0,1,2
29221,Severe Storm,0,0,0
29221,Fire,0,0,0
29221,Hurricane,0,0,0
29221,Winter Storm,0,0,0
29221,Flood,0,0,0
29221,Tornado,0,0,0
29221,Tropical Storm,0,0,0
29221,Snowstorm,0,0,0
29221,Coastal Storm,0,0,0
29221,Severe Ice Storm,0,0,0
29223,Severe Storm,4,0,0
29223,Fire,0,0,0
29223,Hurricane,0,0,0
29223,Winter Storm,0,0,0
29223,Flood,0,0,0
29223,Tornado,0,0,0
29223,Tropical Storm,0,0,0
29223,Snowstorm,0,0,0
29223,Coastal Storm,0,0,0
29223,Severe Ice Storm,0,0,0
29225,Severe Storm,1,0,0
29225,Fire,0,0,0
29225,Hurricane,0,0,0
29225,Winter Storm,0,0,0
29225,Flood,0,0,0
29225,Tornado,0,0,0
29225,Tropical Storm,0,0,0
29225,Snowstorm,0,0,0
29225,Coastal Storm,0,0,0
29225,Severe Ice Storm,0,0,0
29227,Severe Storm,1,0,0
29227,Fire,0,0,0
29227,Hurricane,0,0,0
29227,Winter Storm,0,0,0
29227,Flood,0,0,0
29227,Tornado,0,0,0
29227,Tropical Storm,0,0,0
29227,Snowstorm,0,0,0
29227,Coastal Storm,0,0,0
29227,Severe Ice Storm,0,0,0
29229,Severe Storm,2,0,0
29229,Fire,0,0,0
29229,Hurricane,0,0,0
29229,Winter Storm,0,0,0
29229,Flood,0,0,0
29229,Tornado,0,0,0
29229,Tropical Storm,0,0,0
29229,Snowstorm,0,0,0
29229,Coastal Storm,0,0,0
29229,Severe Ice Storm,0,0,0
29510,Severe Storm,1,1,4
29510,Fire,0,1,4
29510,Hurricane,0,1,4
29510,Winter Storm,0,1,4
29510,Flood,1,1,4
29510,Tornado,0,1,4
29510,Tropical Storm,0,1,4
29510,Snowstorm,0,1,4
29510,Coastal Storm,0,1,4
29510,Severe Ice Storm,0,1,4
30001,Severe Storm,0,0,0
30001,Fire,0,0,0
30001,Hurricane,0,0,0
30001,Winter Storm,0,0,0
30001,Flood,0,0,0
30001,Tornado,0,0,0
30001,Tropical Storm,0,0,0
30001,Snowstorm,0,0,0
30001,Coastal Storm,0,0,0
30001,Severe Ice Storm,0,0,0
30003,Severe Storm,0,0,0
30003,Fire,1,0,0
30003,Hurricane,0,0,0
30003,Winter Storm,0,0,0
30003,Flood,0,0,0
30003,Tornado,0,0,0
30003,Tropical Storm,0,0,0
30003,Snowstorm,0,0,0
30003,Coastal Storm,0,0,0
30003,Severe Ice Storm,0,0,0
30005,Severe Storm,1,0,0
30005,Fire,0,0,0
30005,Hurricane,0,0,0
30005,Winter Storm,0,0,0
30005,Flood,1,0,0
30005,Tornado,0,0,0
30005,Tropical Storm,0,0,0
30005,Snowstorm,0,0,0
30005,Coastal Storm,0,0,0
30005,Severe Ice Storm,0,0,0
30007,Severe Storm,0,0,0
30007,Fire,1,0,0
30007,Hurricane,0,0,0
30007,Winter Storm,0,0,0
30007,Flood,0,0,0
30007,Tornado,0,0,0
30007,Tropical Storm,0,0,0
30007,Snowstorm,0,0,0
30007,Coastal Storm,0,0,0
30007,Severe Ice Storm,0,0,0
30009,Severe Storm,0,0,0
30009,Fire,1,0,0
30009,Hurricane,0,0,0
30009,Winter Storm,0,0,0
30009,Flood,2,0,0
30009,Tornado,0,0,0
30009,Tropical Storm,0,0,0
30009,Snowstorm,0,0,0
30009,Coastal Storm,0,0,0
30009,Severe Ice Storm,0,0,0
30011,Severe Storm,0,0,0
30011,Fire,0,0,0
30011,Hurricane,0,0,0
30011,Winter Storm,0,0,0
30011,Flood,0,0,0
30011,Tornado,0,0,0
30011,Tropical Storm,0,0,0
30011,Snowstorm,0,0,0
30011,Coastal Storm,0,0,0
30011,Severe Ice Storm,0,0,0
30013,Severe Storm,0,1,1
30013,Fire,0,1,1
30013,Hurricane,0,1,1
30013,Winter Storm,0,1,1
30013,Flood,0,1,1
30013,Tornado,0,1,1
30013,Tropical Storm,0,1,1
30013,Snowstorm,0,1,1
30013,Coastal Storm,0,1,1
30013,Severe Ice Storm,0,1,1
30015,Severe Storm,1,0,0
30015,Fire,0,0,0
30015,Hurricane,0,0,0
30015,Winter Storm,0,0,0
30015,Flood,0,0,0
30015,Tornado,0,0,0
30015,Tropical Storm,0,0,0
30015,Snowstorm,0,0,0
30015,Coastal Storm,0,0,0
30015,Severe Ice Storm,0,0,0
30017,Severe Storm,0,0,0
30017,Fire,1,0,0
30017,Hurricane,0,0,0
30017,Winter Storm,0,0,0
30017,Flood,0,0,0
30017,Tornado,0,0,0
30017,Tropical Storm,0,0,0
30017,Snowstorm,0,0,0
30017,Coastal Storm,0,0,0
30017,Severe Ice Storm,0,0,0
30019,Severe Storm,0,0,0
30019,Fire,0,0,0
30019,Hurricane,0,0,0
30019,Winter Storm,0,0,0
30019,Flood,3,0,0
30019,Tornado,0,0,0
30019,Tropical Storm,0,0,0
30019,Snowstorm,0,0,0
30019,Coastal Storm,0,0,0
30019,Severe Ice Storm,0,0,0
30021,Severe Storm,0,0,0
30021,Fire,0,0,0
30021,Hurricane,0,0,0
30021,Winter Storm,0,0,0
30021,Flood,0,0,0
30021,Tornado,0,0,0
30021,Tropical Storm,0,0,0
30021,Snowstorm,0,0,0
30021,Coastal Storm,0,0,0
30021,Severe Ice Storm,0,0,0
30023,Severe Storm,0,1,1
30023,Fire,0,1,1
30023,Hurricane,0,1,1
30023,Winter Storm,0,1,1
30023,Flood,0,1,1
30023,Tornado,0,1,1
30023,Tropical Storm,0,1,1
30023,Snowstorm,0,1,1
30023,Coastal Storm,0,1,1
30023,Severe Ice Storm,0,1,1
30025,Severe Storm,0,0,0
30025,Fire,0,0,0
30025,Hurricane,0,0,0
30025,Winter Storm,0,0,0
30025,Flood,0,0,0
30025,Tornado,0,0,0
30025,Tropical Storm,0,0,0
30025,Snowstorm,0,0,0
30025,Coastal Storm,0,0,0
30025,Severe Ice Storm,0,0,0
30027,Severe Storm,1,0,0
30027,Fire,0,0,0
30027,Hurricane,0,0,0
30027,Winter Storm,0,0,0
30027,Flood,1,0,0
30027,Tornado,0,0,0
30027,Tropical Storm,0,0,0
30027,Snowstorm,0,0,0
30027,Coastal Storm,0,0,0
30027,Severe Ice Storm,0,0,0
30029,Severe Storm,0,0,0
30029,Fire,0,0,0
30029,Hurricane,0,0,0
30029,Winter Storm,0,0,0
30029,Flood,1,0,0
30029,Tornado,0,0,0
30029,Tropical Storm,0,0,0
30029,Snowstorm,0,0,0
30029,Coastal Storm,0,0,0
30029,Severe Ice Storm,0,0,0
30031,Severe Storm,0,0,0
30031,Fire,1,0,0
30031,Hurricane,0,0,0
30031,Winter Storm,0,0,0
30031,Flood,0,0,0
30031,Tornado,0,0,0
30031,Tropical Storm,0,0,0
30031,Snowstorm,0,0,0
30031,Coastal Storm,0,0,0
30031,Severe Ice Storm,0,0,0
30033,Severe Storm,0,0,0
30033,Fire,1,0,0
30033,Hurricane,0,0,0
30033,Winter Storm,0,0,0
30033,Flood,1,0,0
30033,Tornado,0,0,0
30033,Tropical Storm,0,0,0
30033,Snowstorm,0,0,0
30033,Coastal Storm,0,0,0
30033,Severe Ice Storm,0,0,0
30035,Severe Storm,0,0,0
30035,Fire,0,0,0
30035,Hurricane,0,0,0
30035,Winter Storm,0,0,0
30035,Flood,0,0,0
30035,Tornado,0,0,0
30035,Tropical Storm,0,0,0
30035,Snowstorm,0,0,0
30035,Coastal Storm,0,0,0
30035,Severe Ice Storm,0,0,0
30037,Severe Storm,0,0,0
30037,Fire,0,0,0
30037,Hurricane,0,0,0
30037,Winter Storm,0,0,0
30037,Flood,1,0,0
30037,Tornado,0,0,0
30037,Tropical Storm,0,0,0
30037,Snowstorm,0,0,0
30037,Coastal Storm,0,0,0
30037,Severe Ice Storm,0,0,0
30039,Severe Storm,0,0,0
30039,Fire,0,0,0
30039,Hurricane,0,0,0
30039,Winter Storm,0,0,0
30039,Flood,0,0,0
30039,Tornado,0,0,0
30039,Tropical Storm,0,0,0
30039,Snowstorm,0,0,0
30039,Coastal Storm,0,0,0
30039,Severe Ice Storm,0,0,0
30041,Severe Storm,1,0,0
30041,Fire,0,0,0
30041,Hurricane,0,0,0
30041,Winter Storm,0,0,0
30041,Flood,1,0,0
30041,Tornado,0,0,0
30041,Tropical Storm,0,0,0
30041,Snowstorm,0,0,0
30041,Coastal Storm,0,0,0
30041,Severe Ice Storm,0,0,0
30043,Severe Storm,0,1,1
30043,Fire,0,1,1
30043,Hurricane,0,1,1
30043,Winter Storm,0,1,1
30043,Flood,0,1,1
30043,Tornado,0,1,1
30043,Tropical Storm,0,1,1
30043,Snowstorm,0,1,1
30043,Coastal Storm,0,1,1
30043,Severe Ice Storm,0,1,1
30045,Severe Storm,1,0,0
30045,Fire,0,0,0
30045,Hurricane,0,0,0
30045,Winter Storm,0,0,0
30045,Flood,0,0,0
30045,Tornado,0,0,0
30045,Tropical Storm,0,0,0
30045,Snowstorm,0,0,0
30045,Coastal Storm,0,0,0
30045,Severe Ice Storm,0,0,0
30047,Severe Storm,0,0,0
30047,Fire,0,0,0
30047,Hurricane,0,0,0
30047,Winter Storm,0,0,0
30047,Flood,1,0,0
30047,Tornado,0,0,0
30047,Tropical Storm,0,0,0
30047,Snowstorm,0,0,0
30047,Coastal Storm,0,0,0
30047,Severe Ice Storm,0,0,0
30049,Severe Storm,0,0,0
30049,Fire,2,0,0
30049,Hurricane,0,0,0
30049,Winter Storm,0,0,0
30049,Flood,0,0,0
30049,Tornado,0,0,0
30049,Tropical Storm,0,0,0
30049,Snowstorm,0,0,0
30049,Coastal Storm,0,0,0
30049,Severe Ice Storm,0,0,0
30051,Severe Storm,0,0,0
30051,Fire,0,0,0
30051,Hurricane,0,0,0
30051,Winter Storm,0,0,0
30051,Flood,0,0,0
30051,Tornado,0,0,0
30051,Tropical Storm,0,0,0
30051,Snowstorm,0,0,0
30051,Coastal Storm,0,0,0
30051,Severe Ice Storm,0,0,0
30053,Severe Storm,0,0,0
30053,Fire,0,0,0
30053,Hurricane,0,0,0
30053,Winter Storm,0,0,0
30053,Flood,0,0,0
30053,Tornado,0,0,0
30053,Tropical Storm,0,0,0
30053,Snowstorm,0,0,0
30053,Coastal Storm,0,0,0
30053,Severe Ice Storm,0,0,0
30055,Severe Storm,0,0,0
30055,Fire,0,0,0
30055,Hurricane,0,0,0
30055,Winter Storm,0,0,0
30055,Flood,1,0,0
30055,Tornado,0,0,0
30055,Tropical Storm,0,0,0
30055,Snowstorm,0,0,0
30055,Coastal Storm,0,0,0
30055,Severe Ice Storm,0,0,0
30057,Severe Storm,0,0,0
30057,Fire,0,0,0
30057,Hurricane,0,0,0
30057,Winter Storm,0,0,0
30057,Flood,0,0,0
30057,Tornado,0,0,0
30057,Tropical Storm,0,0,0
30057,Snowstorm,0,0,0
30057,Coastal Storm,0,0,0
30057,Severe Ice Storm,0,0,0
30059,Severe Storm,0,0,0
30059,Fire,0,0,0
30059,Hurricane,0,0,0
30059,Winter Storm,0,0,0
30059,Flood,0,0,0
30059,Tornado,0,0,0
30059,Tropical Storm,0,0,0
30059,Snowstorm,0,0,0
30059,Coastal Storm,0,0,0
30059,Severe Ice Storm,0,0,0
30061,Severe Storm,0,0,0
30061,Fire,0,0,0
30061,Hurricane,0,0,0
30061,Winter Storm,0,0,0
30061,Flood,0,0,0
30061,Tornado,0,0,0
30061,Tropical Storm,0,0,0
30061,Snowstorm,0,0,0
30061,Coastal Storm,0,0,0
30061,Severe Ice Storm,0,0,0
30063,Severe Storm,0,0,0
30063,Fire,0,0,0
30063,Hurricane,0,0,0
30063,Winter Storm,0,0,0
30063,Flood,0,0,0
30063,Tornado,0,0,0
30063,Tropical Storm,0,0,0
30063,Snowstorm,0,0,0
30063,Coastal Storm,0,0,0
30063,Severe Ice Storm,0,0,0
30065,Severe Storm,0,0,0
30065,Fire,1,0,0
30065,Hurricane,0,0,0
30065,Winter Storm,0,0,0
30065,Flood,1,0,0
30065,Tornado,0,0,0
30065,Tropical Storm,0,0,0
30065,Snowstorm,0,0,0
30065,Coastal Storm,0,0,0
30065,Severe Ice Storm,0,0,0
30067,Severe Storm,0,0,0
30067,Fire,0,0,0
30067,Hurricane,0,0,0
30067,Winter Storm,0,0,0
30067,Flood,3,0,0
30067,Tornado,0,0,0
30067,Tropical Storm,0,0,0
30067,Snowstorm,0,0,0
30067,Coastal Storm,0,0,0
30067,Severe Ice Storm,0,0,0
30069,Severe Storm,1,0,0
30069,Fire,0,0,0
30069,Hurricane,0,0,0
30069,Winter Storm,0,0,0
30069,Flood,1,0,0
30069,Tornado,0,0,0
30069,Tropical Storm,0,0,0
30069,Snowstorm,0,0,0
30069,Coastal Storm,0,0,0
30069,Severe Ice Storm,0,0,0
30071,Severe Storm,0,0,0
30071,Fire,0,0,0
30071,Hurricane,0,0,0
30071,Winter Storm,0,0,0
30071,Flood,1,0,0
30071,Tornado,0,0,0
30071,Tropical Storm,0,0,0
30071,Snowstorm,0,0,0
30071,Coastal Storm,0,0,0
30071,Severe Ice Storm,0,0,0
30073,Severe Storm,1,0,0
30073,Fire,0,0,0
30073,Hurricane,0,0,0
30073,Winter Storm,0,0,0
30073,Flood,0,0,0
30073,Tornado,0,0,0
30073,Tropical Storm,0,0,0
30073,Snowstorm,0,0,0
30073,Coastal Storm,0,0,0
30073,Severe Ice Storm,0,0,0
30075,Severe Storm,0,0,0
30075,Fire,1,0,0
30075,Hurricane,0,0,0
30075,Winter Storm,0,0,0
30075,Flood,1,0,0
30075,Tornado,0,0,0
30075,Tropical Storm,0,0,0
30075,Snowstorm,0,0,0
30075,Coastal Storm,0,0,0
30075,Severe Ice Storm,0,0,0
30077,Severe Storm,0,0,0
30077,Fire,0,0,0
30077,Hurricane,0,0,0
30077,Winter Storm,0,0,0
30077,Flood,0,0,0
30077,Tornado,0,0,0
30077,Tropical Storm,0,0,0
30077,Snowstorm,0,0,0
30077,Coastal Storm,0,0,0
30077,Severe Ice Storm,0,0,0
30079,Severe Storm,0,0,0
30079,Fire,0,0,0
30079,Hurricane,0,0,0
30079,Winter Storm,0,0,0
30079,Flood,0,0,0
30079,Tornado,0,0,0
30079,Tropical Storm,0,0,0
30079,Snowstorm,0,0,0
30079,Coastal Storm,0,0,0
30079,Severe Ice Storm,0,0,0
30081,Severe Storm,0,0,0
30081,Fire,0,0,0
30081,Hurricane,0,0,0
30081,Winter Storm,0,0,0
30081,Flood,0,0,0
30081,Tornado,0,0,0
30081,Tropical Storm,0,0,0
30081,Snowstorm,0,0,0
30081,Coastal Storm,0,0,0
30081,Severe Ice Storm,0,0,0
30083,Severe Storm,0,0,0
30083,Fire,0,0,0
30083,Hurricane,0,0,0
30083,Winter Storm,0,0,0
30083,Flood,0,0,0
30083,Tornado,0,0,0
30083,Tropical Storm,0,0,0
30083,Snowstorm,0,0,0
30083,Coastal Storm,0,0,0
30083,Severe Ice Storm,0,0,0
30085,Severe Storm,0,0,0
30085,Fire,0,0,0
30085,Hurricane,0,0,0
30085,Winter Storm,0,0,0
30085,Flood,1,0,0
30085,Tornado,0,0,0
30085,Tropical Storm,0,0,0
30085,Snowstorm,0,0,0
30085,Coastal Storm,0,0,0
30085,Severe Ice Storm,0,0,0
30087,Severe Storm,0,0,0
30087,Fire,3,0,0
30087,Hurricane,0,0,0
30087,Winter Storm,0,0,0
30087,Flood,0,0,0
30087,Tornado,0,0,0
30087,Tropical Storm,0,0,0
30087,Snowstorm,0,0,0
30087,Coastal Storm,0,0,0
30087,Severe Ice Storm,0,0,0
30089,Severe Storm,0,0,0
30089,Fire,1,0,0
30089,Hurricane,0,0,0
30089,Winter Storm,0,0,0
30089,Flood,0,0,0
30089,Tornado,0,0,0
30089,Tropical Storm,0,0,0
30089,Snowstorm,0,0,0
30089,Coastal Storm,0,0,0
30089,Severe Ice Storm,0,0,0
30091,Severe Storm,0,0,0
30091,Fire,0,0,0
30091,Hurricane,0,0,0
30091,Winter Storm,0,0,0
30091,Flood,1,0,0
30091,Tornado,0,0,0
30091,Tropical Storm,0,0,0
30091,Snowstorm,0,0,0
30091,Coastal Storm,0,0,0
30091,Severe Ice Storm,0,0,0
30093,Severe Storm,0,1,1
30093,Fire,0,1,1
30093,Hurricane,0,1,1
30093,Winter Storm,0,1,1
30093,Flood,0,1,1
30093,Tornado,0,1,1
30093,Tropical Storm,0,1,1
30093,Snowstorm,0,1,1
30093,Coastal Storm,0,1,1
30093,Severe Ice Storm,0,1,1
30095,Severe Storm,0,0,0
30095,Fire,1,0,0
30095,Hurricane,0,0,0
30095,Winter Storm,0,0,0
30095,Flood,3,0,0
30095,Tornado,0,0,0
30095,Tropical Storm,0,0,0
30095,Snowstorm,0,0,0
30095,Coastal Storm,0,0,0
30095,Severe Ice Storm,0,0,0
30097,Severe Storm,0,0,0
30097,Fire,0,0,0
30097,Hurricane,0,0,0
30097,Winter Storm,0,0,0
30097,Flood,1,0,0
30097,Tornado,0,0,0
30097,Tropical Storm,0,0,0
30097,Snowstorm,0,0,0
30097,Coastal Storm,0,0,0
30097,Severe Ice Storm,0,0,0
30099,Severe Storm,1,0,0
30099,Fire,0,0,0
30099,Hurricane,0,0,0
30099,Winter Storm,0,0,0
30099,Flood,0,0,0
30099,Tornado,0,0,0
30099,Tropical Storm,0,0,0
30099,Snowstorm,0,0,0
30099,Coastal Storm,0,0,0
30099,Severe Ice Storm,0,0,0
30101,Severe Storm,1,0,0
30101,Fire,0,0,0
30101,Hurricane,0,0,0
30101,Winter Storm,0,0,0
30101,Flood,0,0,0
30101,Tornado,0,0,0
30101,Tropical Storm,0,0,0
30101,Snowstorm,0,0,0
30101,Coastal Storm,0,0,0
30101,Severe Ice Storm,0,0,0
30103,Severe Storm,0,0,0
30103,Fire,0,0,0
30103,Hurricane,0,0,0
30103,Winter Storm,0,0,0
30103,Flood,3,0,0
30103,Tornado,0,0,0
30103,Tropical Storm,0,0,0
30103,Snowstorm,0,0,0
30103,Coastal Storm,0,0,0
30103,Severe Ice Storm,0,0,0
30105,Severe Storm,0,0,0
30105,Fire,0,0,0
30105,Hurricane,0,0,0
30105,Winter Storm,0,0,0
30105,Flood,2,0,0
30105,Tornado,0,0,0
30105,Tropical Storm,0,0,0
30105,Snowstorm,0,0,0
30105,Coastal Storm,0,0,0
30105,Severe Ice Storm,0,0,0
30107,Severe Storm,1,0,0
30107,Fire,0,0,0
30107,Hurricane,0,0,0
30107,Winter Storm,0,0,0
30107,Flood,0,0,0
30107,Tornado,0,0,0
30107,Tropical Storm,0,0,0
30107,Snowstorm,0,0,0
30107,Coastal Storm,0,0,0
30107,Severe Ice Storm,0,0,0
30109,Severe Storm,0,0,0
30109,Fire,0,0,0
30109,Hurricane,0,0,0
30109,Winter Storm,0,0,0
30109,Flood,0,0,0
30109,Tornado,0,0,0
30109,Tropical Storm,0,0,0
30109,Snowstorm,0,0,0
30109,Coastal Storm,0,0,0
30109,Severe Ice Storm,0,0,0
30111,Severe Storm,0,0,0
30111,Fire,3,0,0
30111,Hurricane,0,0,0
30111,Winter Storm,0,0,0
30111,Flood,1,0,0
30111,Tornado,0,0,0
30111,Tropical Storm,0,0,0
30111,Snowstorm,0,0,0
30111,Coastal Storm,0,0,0
30111,Severe Ice Storm,0,0,0
31001,Severe Storm,1,0,0
31001,Fire,0,0,0
31001,Hurricane,0,0,0
31001,Winter Storm,0,0,0
31001,Flood,1,0,0
31001,Tornado,0,0,0
31001,Tropical Storm,0,0,0
31001,Snowstorm,0,0,0
31001,Coastal Storm,0,0,0
31001,Severe Ice Storm,0,0,0
31003,Severe Storm,1,0,0
31003,Fire,0,0,0
31003,Hurricane,0,0,0
31003,Winter Storm,0,0,0
31003,Flood,1,0,0
31003,Tornado,0,0,0
31003,Tropical Storm,0,0,0
31003,Snowstorm,0,0,0
31003,Coastal Storm,0,0,0
31003,Severe Ice Storm,0,0,0
31005,Severe Storm,0,0,0
31005,Fire,0,0,0
31005,Hurricane,0,0,0
31005,Winter Storm,0,0,0
31005,Flood,1,0,0
31005,Tornado,0,0,0
31005,Tropical Storm,0,0,0
31005,Snowstorm,0,0,0
31005,Coastal Storm,0,0,0
31005,Severe Ice Storm,0,0,0
31007,Severe Storm,1,0,0
31007,Fire,0,0,0
31007,Hurricane,0,0,0
31007,Winter Storm,0,0,0
31007,Flood,1,0,0
31007,Tornado,0,0,0
31007,Tropical Storm,0,0,0
31007,Snowstorm,0,0,0
31007,Coastal Storm,0,0,0
31007,Severe Ice Storm,0,0,0
31009,Severe Storm,0,0,0
31009,Fire,0,0,0
31009,Hurricane,0,0,0
31009,Winter Storm,0,0,0
31009,Flood,1,0,0
31009,Tornado,0,0,0
31009,Tropical Storm,0,0,0
31009,Snowstorm,0,0,0
31009,Coastal Storm,0,0,0
31009,Severe Ice Storm,0,0,0
31011,Severe Storm,1,0,0
31011,Fire,0,0,0
31011,Hurricane,0,0,0
31011,Winter Storm,0,0,0
31011,Flood,1,0,0
31011,Tornado,1,0,0
31011,Tropical Storm,0,0,0
31011,Snowstorm,0,0,0
31011,Coastal Storm,0,0,0
31011,Severe Ice Storm,0,0,0
31013,Severe Storm,1,0,0
31013,Fire,0,0,0
31013,Hurricane,0,0,0
31013,Winter Storm,0,0,0
31013,Flood,1,0,0
31013,Tornado,0,0,0
31013,Tropical Storm,0,0,0
31013,Snowstorm,0,0,0
31013,Coastal Storm,0,0,0
31013,Severe Ice Storm,0,0,0
31015,Severe Storm,1,0,0
31015,Fire,0,0,0
31015,Hurricane,0,0,0
31015,Winter Storm,0,0,0
31015,Flood,1,0,0
31015,Tornado,0,0,0
31015,Tropical Storm,0,0,0
31015,Snowstorm,0,0,0
31015,Coastal Storm,0,0,0
31015,Severe Ice Storm,0,0,0
31017,Severe Storm,0,0,0
31017,Fire,0,0,0
31017,Hurricane,0,0,0
31017,Winter Storm,0,0,0
31017,Flood,1,0,0
31017,Tornado,0,0,0
31017,Tropical Storm,0,0,0
31017,Snowstorm,0,0,0
31017,Coastal Storm,0,0,0
31017,Severe Ice Storm,0,0,0
31019,Severe Storm,1,0,0
31019,Fire,0,0,0
31019,Hurricane,0,0,0
31019,Winter Storm,0,0,0
31019,Flood,1,0,0
31019,Tornado,0,0,0
31019,Tropical Storm,0,0,0
31019,Snowstorm,0,0,0
31019,Coastal Storm,0,0,0
31019,Severe Ice Storm,0,0,0
31021,Severe Storm,3,0,0
31021,Fire,0,0,0
31021,Hurricane,0,0,0
31021,Winter Storm,0,0,0
31021,Flood,1,0,0
31021,Tornado,0,0,0
31021,Tropical Storm,0,0,0
31021,Snowstorm,0,0,0
31021,Coastal Storm,0,0,0
31021,Severe Ice Storm,0,0,0
31023,Severe Storm,1,0,0
31023,Fire,0,0,0
31023,Hurricane,0,0,0
31023,Winter Storm,0,0,0
31023,Flood,1,0,0
31023,Tornado,0,0,0
31023,Tropical Storm,0,0,0
31023,Snowstorm,0,0,0
31023,Coastal Storm,0,0,0
31023,Severe Ice Storm,0,0,0
31025,Severe Storm,3,0,0
31025,Fire,1,0,0
31025,Hurricane,0,0,0
31025,Winter Storm,0,0,0
31025,Flood,1,0,0
31025,Tornado,0,0,0
31025,Tropical Storm,0,0,0
31025,Snowstorm,0,0,0
31025,Coastal Storm,0,0,0
31025,Severe Ice Storm,0,0,0
31027,Severe Storm,1,0,0
31027,Fire,0,0,0
31027,Hurricane,0,0,0
31027,Winter Storm,0,0,0
31027,Flood,1,0,0
31027,Tornado,0,0,0
31027,Tropical Storm,0,0,0
31027,Snowstorm,0,0,0
31027,Coastal Storm,0,0,0
31027,Severe Ice Storm,0,0,0
31029,Severe Storm,0,0,0
31029,Fire,0,0,0
31029,Hurricane,0,0,0
31029,Winter Storm,0,0,0
31029,Flood,0,0,0
31029,Tornado,0,0,0
31029,Tropical Storm,0,0,0
31029,Snowstorm,0,0,0
31029,Coastal Storm,0,0,0
31029,Severe Ice Storm,0,0,0
31031,Severe Storm,0,0,0
31031,Fire,0,0,0
31031,Hurricane,0,0,0
31031,Winter Storm,0,0,0
31031,Flood,1,0,0
31031,Tornado,0,0,0
31031,Tropical Storm,0,0,0
31031,Snowstorm,0,0,0
31031,Coastal Storm,0,0,0
31031,Severe Ice Storm,0,0,0
31033,Severe Storm,1,0,0
31033,Fire,0,0,0
31033,Hurricane,0,0,0
31033,Winter Storm,0,0,0
31033,Flood,1,0,0
31033,Tornado,0,0,0
31033,Tropical Storm,0,0,0
31033,Snowstorm,0,0,0
31033,Coastal Storm,0,0,0
31033,Severe Ice Storm,0,0,0
31035,Severe Storm,2,0,0
31035,Fire,0,0,0
31035,Hurricane,0,0,0
31035,Winter Storm,0,0,0
31035,Flood,1,0,0
31035,Tornado,0,0,0
31035,Tropical Storm,0,0,0
31035,Snowstorm,0,0,0
31035,Coastal Storm,0,0,0
31035,Severe Ice Storm,0,0,0
31037,Severe Storm,1,0,0
31037,Fire,0,0,0
31037,Hurricane,0,0,0
31037,Winter Storm,0,0,0
31037,Flood,1,0,0
31037,Tornado,0,0,0
31037,Tropical Storm,0,0,0
31037,Snowstorm,0,0,0
31037,Coastal Storm,0,0,0
31037,Severe Ice Storm,0,0,0
31039,Severe Storm,2,0,0
31039,Fire,0,0,0
31039,Hurricane,0,0,0
31039,Winter Storm,0,0,0
31039,Flood,1,0,0
31039,Tornado,0,0,0
31039,Tropical Storm,0,0,0
31039,Snowstorm,0,0,0
31039,Coastal Storm,0,0,0
31039,Severe Ice Storm,0,0,0
31041,Severe Storm,1,0,0
31041,Fire,0,0,0
31041,Hurricane,0,0,0
31041,Winter Storm,0,0,0
31041,Flood,1,0,0
31041,Tornado,0,0,0
31041,Tropical Storm,0,0,0
31041,Snowstorm,0,0,0
31041,Coastal Storm,0,0,0
31041,Severe Ice Storm,0,0,0
31043,Severe Storm,1,0,0
31043,Fire,0,0,0
31043,Hurricane,0,0,0
31043,Winter Storm,0,0,0
31043,Flood,1,0,0
31043,Tornado,0,0,0
31043,Tropical Storm,0,0,0
31043,Snowstorm,0,0,0
31043,Coastal Storm,0,0,0
31043,Severe Ice Storm,0,0,0
31045,Severe Storm,1,0,0
31045,Fire,0,0,0
31045,Hurricane,0,0,0
31045,Winter Storm,0,0,0
31045,Flood,1,0,0
31045,Tornado,0,0,0
31045,Tropical Storm,0,0,0
31045,Snowstorm,0,0,0
31045,Coastal Storm,0,0,0
31045,Severe Ice Storm,0,0,0
31047,Severe Storm,1,0,0
31047,Fire,0,0,0
31047,Hurricane,0,0,0
31047,Winter Storm,0,0,0
31047,Flood,1,0,0
31047,Tornado,0,0,0
31047,Tropical Storm,0,0,0
31047,Snowstorm,0,0,0
31047,Coastal Storm,0,0,0
31047,Severe Ice Storm,0,0,0
31049,Severe Storm,0,0,0
31049,Fire,0,0,0
31049,Hurricane,0,0,0
31049,Winter Storm,0,0,0
31049,Flood,1,0,0
31049,Tornado,0,0,0
31049,Tropical Storm,0,0,0
31049,Snowstorm,0,0,0
31049,Coastal Storm,0,0,0
31049,Severe Ice Storm,0,0,0
31051,Severe Storm,1,0,0
31051,Fire,0,0,0
31051,Hurricane,0,0,0
31051,Winter Storm,0,0,0
31051,Flood,1,0,0
31051,Tornado,0,0,0
31051,Tropical Storm,0,0,0
31051,Snowstorm,0,0,0
31051,Coastal Storm,0,0,0
31051,Severe Ice Storm,0,0,0
31053,Severe Storm,1,0,0
31053,Fire,0,0,0
31053,Hurricane,0,0,0
31053,Winter Storm,0,0,0
31053,Flood,1,0,0
31053,Tornado,0,0,0
31053,Tropical Storm,0,0,0
31053,Snowstorm,0,0,0
31053,Coastal Storm,0,0,0
31053,Severe Ice Storm,0,0,0
31055,Severe Storm,4,1,1
31055,Fire,0,1,1
31055,Hurricane,0,1,1
31055,Winter Storm,0,1,1
31055,Flood,1,1,1
31055,Tornado,1,1,1
31055,Tropical Storm,0,1,1
31055,Snowstorm,0,1,1
31055,Coastal Storm,0,1,1
31055,Severe Ice Storm,0,1,1
31057,Severe Storm,1,0,0
31057,Fire,0,0,0
31057,Hurricane,0,0,0
31057,Winter Storm,0,0,0
31057,Flood,0,0,0
31057,Tornado,0,0,0
31057,Tropical Storm,0,0,0
31057,Snowstorm,0,0,0
31057,Coastal Storm,0,0,0
31057,Severe Ice Storm,0,0,0
31059,Severe Storm,4,0,0
31059,Fire,0,0,0
31059,Hurricane,0,0,0
31059,Winter Storm,0,0,0
31059,Flood,1,0,0
31059,Tornado,0,0,0
31059,Tropical Storm,0,0,0
31059,Snowstorm,0,0,0
31059,Coastal Storm,0,0,0
31059,Severe Ice Storm,0,0,0
31061,Severe Storm,0,0,0
31061,Fire,0,0,0
31061,Hurricane,0,0,0
31061,Winter Storm,0,0,0
31061,Flood,1,0,0
31061,Tornado,0,0,0
31061,Tropical Storm,0,0,0
31061,Snowstorm,0,0,0
31061,Coastal Storm,0,0,0
31061,Severe Ice Storm,0,0,0
31063,Severe Storm,0,0,0
31063,Fire,1,0,0
31063,Hurricane,0,0,0
31063,Winter Storm,0,0,0
31063,Flood,1,0,0
31063,Tornado,0,0,0
31063,Tropical Storm,0,0,0
31063,Snowstorm,0,0,0
31063,Coastal Storm,0,0,0
31063,Severe Ice Storm,0,0,0
31065,Severe Storm,0,0,0
31065,Fire,1,0,0
31065,Hurricane,0,0,0
31065,Winter Storm,0,0,0
31065,Flood,1,0,0
31065,Tornado,0,0,0
31065,Tropical Storm,0,0,0
31065,Snowstorm,0,0,0
31065,Coastal Storm,0,0,0
31065,Severe Ice Storm,0,0,0
31067,Severe Storm,1,0,0
31067,Fire,0,0,0
31067,Hurricane,0,0,0
31067,Winter Storm,0,0,0
31067,Flood,1,0,0
31067,Tornado,0,0,0
31067,Tropical Storm,0,0,0
31067,Snowstorm,0,0,0
31067,Coastal Storm,0,0,0
31067,Severe Ice Storm,0,0,0
31069,Severe Storm,1,0,0
31069,Fire,0,0,0
31069,Hurricane,0,0,0
31069,Winter Storm,0,0,0
31069,Flood,1,0,0
31069,Tornado,0,0,0
31069,Tropical Storm,0,0,0
31069,Snowstorm,0,0,0
31069,Coastal Storm,0,0,0
31069,Severe Ice Storm,0,0,0
31071,Severe Storm,1,0,0
31071,Fire,0,0,0
31071,Hurricane,0,0,0
31071,Winter Storm,0,0,0
31071,Flood,1,0,0
31071,Tornado,0,0,0
31071,Tropical Storm,0,0,0
31071,Snowstorm,0,0,0
31071,Coastal Storm,0,0,0
31071,Severe Ice Storm,0,0,0
31073,Severe Storm,0,0,0
31073,Fire,0,0,0
31073,Hurricane,0,0,0
31073,Winter Storm,0,0,0
31073,Flood,1,0,0
31073,Tornado,0,0,0
31073,Tropical Storm,0,0,0
31073,Snowstorm,0,0,0
31073,Coastal Storm,0,0,0
31073,Severe Ice Storm,0,0,0
31075,Severe Storm,1,0,0
31075,Fire,0,0,0
31075,Hurricane,0,0,0
31075,Winter Storm,0,0,0
31075,Flood,1,0,0
31075,Tornado,0,0,0
31075,Tropical Storm,0,0,0
31075,Snowstorm,0,0,0
31075,Coastal Storm,0,0,0
31075,Severe Ice Storm,0,0,0
31077,Severe Storm,1,0,0
31077,Fire,0,0,0
31077,Hurricane,0,0,0
31077,Winter Storm,0,0,0
31077,Flood,1,0,0
31077,Tornado,1,0,0
31077,Tropical Storm,0,0,0
31077,Snowstorm,0,0,0
31077,Coastal Storm,0,0,0
31077,Severe Ice Storm,0,0,0
31079,Severe Storm,1,0,0
31079,Fire,0,0,0
31079,Hurricane,0,0,0
31079,Winter Storm,0,0,0
31079,Flood,1,0,0
31079,Tornado,0,0,0
31079,Tropical Storm,0,0,0
31079,Snowstorm,0,0,0
31079,Coastal Storm,0,0,0
31079,Severe Ice Storm,0,0,0
31081,Severe Storm,3,0,0
31081,Fire,0,0,0
31081,Hurricane,0,0,0
31081,Winter Storm,0,0,0
31081,Flood,0,0,0
31081,Tornado,0,0,0
31081,Tropical Storm,0,0,0
31081,Snowstorm,0,0,0
31081,Coastal Storm,0,0,0
31081,Severe Ice Storm,0,0,0
31083,Severe Storm,1,0,0
31083,Fire,0,0,0
31083,Hurricane,0,0,0
31083,Winter Storm,0,0,0
31083,Flood,1,0,0
31083,Tornado,0,0,0
31083,Tropical Storm,0,0,0
31083,Snowstorm,0,0,0
31083,Coastal Storm,0,0,0
31083,Severe Ice Storm,0,0,0
31085,Severe Storm,1,0,0
31085,Fire,0,0,0
31085,Hurricane,0,0,0
31085,Winter Storm,0,0,0
31085,Flood,1,0,0
31085,Tornado,0,0,0
31085,Tropical Storm,0,0,0
31085,Snowstorm,0,0,0
31085,Coastal Storm,0,0,0
31085,Severe Ice Storm,0,0,0
31087,Severe Storm,1,0,0
31087,Fire,0,0,0
31087,Hurricane,0,0,0
31087,Winter Storm,0,0,0
31087,Flood,0,0,0
31087,Tornado,0,0,0
31087,Tropical Storm,0,0,0
31087,Snowstorm,0,0,0
31087,Coastal Storm,0,0,0
31087,Severe Ice Storm,0,0,0
31089,Severe Storm,2,0,0
31089,Fire,0,0,0
31089,Hurricane,0,0,0
31089,Winter Storm,0,0,0
31089,Flood,1,0,0
31089,Tornado,0,0,0
31089,Tropical Storm,0,0,0
31089,Snowstorm,0,0,0
31089,Coastal Storm,0,0,0
31089,Severe Ice Storm,0,0,0
31091,Severe Storm,0,0,0
31091,Fire,0,0,0
31091,Hurricane,0,0,0
31091,Winter Storm,0,0,0
31091,Flood,1,0,0
31091,Tornado,0,0,0
31091,Tropical Storm,0,0,0
31091,Snowstorm,0,0,0
31091,Coastal Storm,0,0,0
31091,Severe Ice Storm,0,0,0
31093,Severe Storm,2,0,0
31093,Fire,0,0,0
31093,Hurricane,0,0,0
31093,Winter Storm,0,0,0
31093,Flood,1,0,0
31093,Tornado,1,0,0
31093,Tropical Storm,0,0,0
31093,Snowstorm,0,0,0
31093,Coastal Storm,0,0,0
31093,Severe Ice Storm,0,0,0
31095,Severe Storm,1,0,0
31095,Fire,0,0,0
31095,Hurricane,0,0,0
31095,Winter Storm,0,0,0
31095,Flood,1,0,0
31095,Tornado,0,0,0
31095,Tropical Storm,0,0,0
31095,Snowstorm,0,0,0
31095,Coastal Storm,0,0,0
31095,Severe Ice Storm,0,0,0
31097,Severe Storm,1,0,0
31097,Fire,0,0,0
31097,Hurricane,0,0,0
31097,Winter Storm,0,0,0
31097,Flood,1,0,0
31097,Tornado,0,0,0
31097,Tropical Storm,0,0,0
31097,Snowstorm,0,0,0
31097,Coastal Storm,0,0,0
31097,Severe Ice Storm,0,0,0
31099,Severe Storm,1,0,0
31099,Fire,0,0,0
31099,Hurricane,0,0,0
31099,Winter Storm,0,0,0
31099,Flood,1,0,0
31099,Tornado,0,0,0
31099,Tropical Storm,0,0,0
31099,Snowstorm,0,0,0
31099,Coastal Storm,0,0,0
31099,Severe Ice Storm,0,0,0
31101,Severe Storm,1,0,0
31101,Fire,0,0,0
31101,Hurricane,0,0,0
31101,Winter Storm,0,0,0
31101,Flood,0,0,0
31101,Tornado,0,0,0
31101,Tropical Storm,0,0,0
31101,Snowstorm,0,0,0
31101,Coastal Storm,0,0,0
31101,Severe Ice Storm,0,0,0
31103,Severe Storm,0,0,0
31103,Fire,0,0,0
31103,Hurricane,0,0,0
31103,Winter Storm,0,0,0
31103,Flood,1,0,0
31103,Tornado,0,0,0
31103,Tropical Storm,0,0,0
31103,Snowstorm,0,0,0
31103,Coastal Storm,0,0,0
31103,Severe Ice Storm,0,0,0
31105,Severe Storm,1,0,0
31105,Fire,0,0,0
31105,Hurricane,0,0,0
31105,Winter Storm,0,0,0
31105,Flood,1,0,0
31105,Tornado,0,0,0
31105,Tropical Storm,0,0,0
31105,Snowstorm,0,0,0
31105,Coastal Storm,0,0,0
31105,Severe Ice Storm,0,0,0
31107,Severe Storm,1,0,0
31107,Fire,0,0,0
31107,Hurricane,0,0,0
31107,Winter Storm,0,0,0
31107,Flood,1,0,0
31107,Tornado,0,0,0
31107,Tropical Storm,0,0,0
31107,Snowstorm,0,0,0
31107,Coastal Storm,0,0,0
31107,Severe Ice Storm,0,0,0
31109,Severe Storm,1,1,2
31109,Fire,0,1,2
31109,Hurricane,0,1,2
31109,Winter Storm,0,1,2
31109,Flood,1,1,2
31109,Tornado,0,1,2
31109,Tropical Storm,0,1,2
31109,Snowstorm,0,1,2
31109,Coastal Storm,0,1,2
31109,Severe Ice Storm,0,1,2
31111,Severe Storm,2,0,0
31111,Fire,0,0,0
31111,Hurricane,0,0,0
31111,Winter Storm,0,0,0
31111,Flood,1,0,0
31111,Tornado,0,0,0
31111,Tropical Storm,0,0,0
31111,Snowstorm,0,0,0
31111,Coastal Storm,0,0,0
31111,Severe Ice Storm,0,0,0
31113,Severe Storm,1,0,0
31113,Fire,0,0,0
31113,Hurricane,0,0,0
31113,Winter Storm,0,0,0
31113,Flood,1,0,0
31113,Tornado,0,0,0
31113,Tropical Storm,0,0,0
31113,Snowstorm,0,0,0
31113,Coastal Storm,0,0,0
31113,Severe Ice Storm,0,0,0
31115,Severe Storm,0,0,0
31115,Fire,0,0,0
31115,Hurricane,0,0,0
31115,Winter Storm,0,0,0
31115,Flood,1,0,0
31115,Tornado,0,0,0
31115,Tropical Storm,0,0,0
31115,Snowstorm,0,0,0
31115,Coastal Storm,0,0,0
31115,Severe Ice Storm,0,0,0
31117,Severe Storm,1,0,0
31117,Fire,0,0,0
31117,Hurricane,0,0,0
31117,Winter Storm,0,0,0
31117,Flood,0,0,0
31117,Tornado,0,0,0
31117,Tropical Storm,0,0,0
31117,Snowstorm,0,0,0
31117,Coastal Storm,0,0,0
31117,Severe Ice Storm,0,0,0
31119,Severe Storm,1,0,0
31119,Fire,0,0,0
31119,Hurricane,0,0,0
31119,Winter Storm,0,0,0
31119,Flood,1,0,0
31119,Tornado,0,0,0
31119,Tropical Storm,0,0,0
31119,Snowstorm,0,0,0
31119,Coastal Storm,0,0,0
31119,Severe Ice Storm,0,0,0
31121,Severe Storm,0,0,0
31121,Fire,0,0,0
31121,Hurricane,0,0,0
31121,Winter Storm,0,0,0
31121,Flood,1,0,0
31121,Tornado,0,0,0
31121,Tropical Storm,0,0,0
31121,Snowstorm,0,0,0
31121,Coastal Storm,0,0,0
31121,Severe Ice Storm,0,0,0
31123,Severe Storm,1,0,0
31123,Fire,0,0,0
31123,Hurricane,0,0,0
31123,Winter Storm,0,0,0
31123,Flood,1,0,0
31123,Tornado,0,0,0
31123,Tropical Storm,0,0,0
31123,Snowstorm,0,0,0
31123,Coastal Storm,0,0,0
31123,Severe Ice Storm,0,0,0
31125,Severe Storm,1,0,0
31125,Fire,0,0,0
31125,Hurricane,0,0,0
31125,Winter Storm,0,0,0
31125,Flood,1,0,0
31125,Tornado,0,0,0
31125,Tropical Storm,0,0,0
31125,Snowstorm,0,0,0
31125,Coastal Storm,0,0,0
31125,Severe Ice Storm,0,0,0
31127,Severe Storm,2,0,0
31127,Fire,0,0,0
31127,Hurricane,0,0,0
31127,Winter Storm,0,0,0
31127,Flood,1,0,0
31127,Tornado,0,0,0
31127,Tropical Storm,0,0,0
31127,Snowstorm,0,0,0
31127,Coastal Storm,0,0,0
31127,Severe Ice Storm,0,0,0
31129,Severe Storm,1,0,0
31129,Fire,0,0,0
31129,Hurricane,0,0,0
31129,Winter Storm,0,0,0
31129,Flood,1,0,0
31129,Tornado,0,0,0
31129,Tropical Storm,0,0,0
31129,Snowstorm,0,0,0
31129,Coastal Storm,0,0,0
31129,Severe Ice Storm,0,0,0
31131,Severe Storm,1,0,0
31131,Fire,0,0,0
31131,Hurricane,0,0,0
31131,Winter Storm,0,0,0
31131,Flood,1,0,0
31131,Tornado,0,0,0
31131,Tropical Storm,0,0,0
31131,Snowstorm,0,0,0
31131,Coastal Storm,0,0,0
31131,Severe Ice Storm,0,0,0
31133,Severe Storm,1,0,0
31133,Fire,0,0,0
31133,Hurricane,0,0,0
31133,Winter Storm,0,0,0
31133,Flood,1,0,0
31133,Tornado,0,0,0
31133,Tropical Storm,0,0,0
31133,Snowstorm,0,0,0
31133,Coastal Storm,0,0,0
31133,Severe Ice Storm,0,0,0
31135,Severe Storm,0,0,0
31135,Fire,0,0,0
31135,Hurricane,0,0,0
31135,Winter Storm,0,0,0
31135,Flood,0,0,0
31135,Tornado,0,0,0
31135,Tropical Storm,0,0,0
31135,Snowstorm,0,0,0
31135,Coastal Storm,0,0,0
31135,Severe Ice Storm,0,0,0
31137,Severe Storm,0,0,0
31137,Fire,0,0,0
31137,Hurricane,0,0,0
31137,Winter Storm,0,0,0
31137,Flood,1,0,0
31137,Tornado,0,0,0
31137,Tropical Storm,0,0,0
31137,Snowstorm,0,0,0
31137,Coastal Storm,0,0,0
31137,Severe Ice Storm,0,0,0
31139,Severe Storm,1,0,0
31139,Fire,0,0,0
31139,Hurricane,0,0,0
31139,Winter Storm,0,0,0
31139,Flood,1,0,0
31139,Tornado,0,0,0
31139,Tropical Storm,0,0,0
31139,Snowstorm,0,0,0
31139,Coastal Storm,0,0,0
31139,Severe Ice Storm,0,0,0
31141,Severe Storm,2,0,0
31141,Fire,0,0,0
31141,Hurricane,0,0,0
31141,Winter Storm,0,0,0
31141,Flood,1,0,0
31141,Tornado,0,0,0
31141,Tropical Storm,0,0,0
31141,Snowstorm,0,0,0
31141,Coastal Storm,0,0,0
31141,Severe Ice Storm,0,0,0
31143,Severe Storm,3,0,0
31143,Fire,0,0,0
31143,Hurricane,0,0,0
31143,Winter Storm,0,0,0
31143,Flood,1,0,0
31143,Tornado,0,0,0
31143,Tropical Storm,0,0,0
31143,Snowstorm,0,0,0
31143,Coastal Storm,0,0,0
31143,Severe Ice Storm,0,0,0
31145,Severe Storm,1,0,0
31145,Fire,1,0,0
31145,Hurricane,0,0,0
31145,Winter Storm,0,0,0
31145,Flood,0,0,0
31145,Tornado,0,0,0
31145,Tropical Storm,0,0,0
31145,Snowstorm,0,0,0
31145,Coastal Storm,0,0,0
31145,Severe Ice Storm,0,0,0
31147,Severe Storm,2,0,0
31147,Fire,0,0,0
31147,Hurricane,0,0,0
31147,Winter Storm,0,0,0
31147,Flood,1,0,0
31147,Tornado,0,0,0
31147,Tropical Storm,0,0,0
31147,Snowstorm,0,0,0
31147,Coastal Storm,0,0,0
31147,Severe Ice Storm,0,0,0
31149,Severe Storm,0,0,0
31149,Fire,0,0,0
31149,Hurricane,0,0,0
31149,Winter Storm,0,0,0
31149,Flood,1,0,0
31149,Tornado,0,0,0
31149,Tropical Storm,0,0,0
31149,Snowstorm,0,0,0
31149,Coastal Storm,0,0,0
31149,Severe Ice Storm,0,0,0
31151,Severe Storm,1,0,0
31151,Fire,0,0,0
31151,Hurricane,0,0,0
31151,Winter Storm,0,0,0
31151,Flood,1,0,0
31151,Tornado,0,0,0
31151,Tropical Storm,0,0,0
31151,Snowstorm,0,0,0
31151,Coastal Storm,0,0,0
31151,Severe Ice Storm,0,0,0
31153,Severe Storm,4,1,4
31153,Fire,0,1,4
31153,Hurricane,0,1,4
31153,Winter Storm,0,1,4
31153,Flood,1,1,4
31153,Tornado,0,1,4
31153,Tropical Storm,0,1,4
31153,Snowstorm,0,1,4
31153,Coastal Storm,0,1,4
31153,Severe Ice Storm,0,1,4
31155,Severe Storm,5,0,0
31155,Fire,0,0,0
31155,Hurricane,0,0,0
31155,Winter Storm,0,0,0
31155,Flood,1,0,0
31155,Tornado,0,0,0
31155,Tropical Storm,0,0,0
31155,Snowstorm,0,0,0
31155,Coastal Storm,0,0,0
31155,Severe Ice Storm,0,0,0
31157,Severe Storm,2,0,0
31157,Fire,0,0,0
31157,Hurricane,0,0,0
31157,Winter Storm,0,0,0
31157,Flood,1,0,0
31157,Tornado,0,0,0
31157,Tropical Storm,0,0,0
31157,Snowstorm,0,0,0
31157,Coastal Storm,0,0,0
31157,Severe Ice Storm,0,0,0
31159,Severe Storm,0,1,1
31159,Fire,0,1,1
31159,Hurricane,0,1,1
31159,Winter Storm,0,1,1
31159,Flood,1,1,1
31159,Tornado,0,1,1
31159,Tropical Storm,0,1,1
31159,Snowstorm,0,1,1
31159,Coastal Storm,0,1,1
31159,Severe Ice Storm,0,1,1
31161,Severe Storm,1,0,0
31161,Fire,0,0,0
31161,Hurricane,0,0,0
31161,Winter Storm,0,0,0
31161,Flood,1,0,0
31161,Tornado,0,0,0
31161,Tropical Storm,0,0,0
31161,Snowstorm,0,0,0
31161,Coastal Storm,0,0,0
31161,Severe Ice Storm,0,0,0
31163,Severe Storm,1,0,0
31163,Fire,0,0,0
31163,Hurricane,0,0,0
31163,Winter Storm,0,0,0
31163,Flood,1,0,0
31163,Tornado,1,0,0
31163,Tropical Storm,0,0,0
31163,Snowstorm,0,0,0
31163,Coastal Storm,0,0,0
31163,Severe Ice Storm,0,0,0
31165,Severe Storm,1,0,0
31165,Fire,0,0,0
31165,Hurricane,0,0,0
31165,Winter Storm,0,0,0
31165,Flood,1,0,0
31165,Tornado,0,0,0
31165,Tropical Storm,0,0,0
31165,Snowstorm,0,0,0
31165,Coastal Storm,0,0,0
31165,Severe Ice Storm,0,0,0
31167,Severe Storm,0,0,0
31167,Fire,0,0,0
31167,Hurricane,0,0,0
31167,Winter Storm,0,0,0
31167,Flood,1,0,0
31167,Tornado,0,0,0
31167,Tropical Storm,0,0,0
31167,Snowstorm,0,0,0
31167,Coastal Storm,0,0,0
31167,Severe Ice Storm,0,0,0
31169,Severe Storm,1,0,0
31169,Fire,0,0,0
31169,Hurricane,0,0,0
31169,Winter Storm,0,0,0
31169,Flood,1,0,0
31169,Tornado,0,0,0
31169,Tropical Storm,0,0,0
31169,Snowstorm,0,0,0
31169,Coastal Storm,0,0,0
31169,Severe Ice Storm,0,0,0
31171,Severe Storm,1,0,0
31171,Fire,0,0,0
31171,Hurricane,0,0,0
31171,Winter Storm,0,0,0
31171,Flood,0,0,0
31171,Tornado,0,0,0
31171,Tropical Storm,0,0,0
31171,Snowstorm,0,0,0
31171,Coastal Storm,0,0,0
31171,Severe Ice Storm,0,0,0
31173,Severe Storm,1,0,0
31173,Fire,0,0,0
31173,Hurricane,0,0,0
31173,Winter Storm,0,0,0
31173,Flood,1,0,0
31173,Tornado,0,0,0
31173,Tropical Storm,0,0,0
31173,Snowstorm,0,0,0
31173,Coastal Storm,0,0,0
31173,Severe Ice Storm,0,0,0
31175,Severe Storm,1,0,0
31175,Fire,0,0,0
31175,Hurricane,0,0,0
31175,Winter Storm,0,0,0
31175,Flood,1,0,0
31175,Tornado,0,0,0
31175,Tropical Storm,0,0,0
31175,Snowstorm,0,0,0
31175,Coastal Storm,0,0,0
31175,Severe Ice Storm,0,0,0
31177,Severe Storm,4,0,0
31177,Fire,0,0,0
31177,Hurricane,0,0,0
31177,Winter Storm,0,0,0
31177,Flood,1,0,0
31177,Tornado,1,0,0
31177,Tropical Storm,0,0,0
31177,Snowstorm,0,0,0
31177,Coastal Storm,0,0,0
31177,Severe Ice Storm,0,0,0
31179,Severe Storm,1,0,0
31179,Fire,0,0,0
31179,Hurricane,0,0,0
31179,Winter Storm,0,0,0
31179,Flood,1,0,0
31179,Tornado,0,0,0
31179,Tropical Storm,0,0,0
31179,Snowstorm,0,0,0
31179,Coastal Storm,0,0,0
31179,Severe Ice Storm,0,0,0
31181,Severe Storm,1,0,0
31181,Fire,0,0,0
31181,Hurricane,0,0,0
31181,Winter Storm,0,0,0
31181,Flood,1,0,0
31181,Tornado,0,0,0
31181,Tropical Storm,0,0,0
31181,Snowstorm,0,0,0
31181,Coastal Storm,0,0,0
31181,Severe Ice Storm,0,0,0
31183,Severe Storm,1,0,0
31183,Fire,0,0,0
31183,Hurricane,0,0,0
31183,Winter Storm,0,0,0
31183,Flood,1,0,0
31183,Tornado,0,0,0
31183,Tropical Storm,0,0,0
31183,Snowstorm,0,0,0
31183,Coastal Storm,0,0,0
31183,Severe Ice Storm,0,0,0
31185,Severe Storm,2,0,0
31185,Fire,0,0,0
31185,Hurricane,0,0,0
31185,Winter Storm,0,0,0
31185,Flood,1,0,0
31185,Tornado,0,0,0
31185,Tropical Storm,0,0,0
31185,Snowstorm,0,0,0
31185,Coastal Storm,0,0,0
31185,Severe Ice Storm,0,0,0
32001,Severe Storm,0,0,0
32001,Fire,0,0,0
32001,Hurricane,0,0,0
32001,Winter Storm,0,0,0
32001,Flood,0,0,0
32001,Tornado,0,0,0
32001,Tropical Storm,0,0,0
32001,Snowstorm,0,0,0
32001,Coastal Storm,0,0,0
32001,Severe Ice Storm,0,0,0
32003,Severe Storm,0,1,2
32003,Fire,0,1,2
32003,Hurricane,0,1,2
32003,Winter Storm,0,1,2
32003,Flood,0,1,2
32003,Tornado,0,1,2
32003,Tropical Storm,0,1,2
32003,Snowstorm,0,1,2
32003,Coastal Storm,0,1,2
32003,Severe Ice Storm,0,1,2
32005,Severe Storm,0,0,0
32005,Fire,5,0,0
32005,Hurricane,0,0,0
32005,Winter Storm,0,0,0
32005,Flood,1,0,0
32005,Tornado,0,0,0
32005,Tropical Storm,0,0,0
32005,Snowstorm,0,0,0
32005,Coastal Storm,0,0,0
32005,Severe Ice Storm,0,0,0
32007,Severe Storm,0,0,0
32007,Fire,0,0,0
32007,Hurricane,0,0,0
32007,Winter Storm,0,0,0
32007,Flood,0,0,0
32007,Tornado,0,0,0
32007,Tropical Storm,0,0,0
32007,Snowstorm,0,0,0
32007,Coastal Storm,0,0,0
32007,Severe Ice Storm,0,0,0
32009,Severe Storm,0,0,0
32009,Fire,0,0,0
32009,Hurricane,0,0,0
32009,Winter Storm,0,0,0
32009,Flood,0,0,0
32009,Tornado,0,0,0
32009,Tropical Storm,0,0,0
32009,Snowstorm,0,0,0
32009,Coastal Storm,0,0,0
32009,Severe Ice Storm,0,0,0
32011,Severe Storm,0,0,0
32011,Fire,0,0,0
32011,Hurricane,0,0,0
32011,Winter Storm,0,0,0
32011,Flood,1,0,0
32011,Tornado,0,0,0
32011,Tropical Storm,0,0,0
32011,Snowstorm,0,0,0
32011,Coastal Storm,0,0,0
32011,Severe Ice Storm,0,0,0
32013,Severe Storm,0,0,0
32013,Fire,0,0,0
32013,Hurricane,0,0,0
32013,Winter Storm,0,0,0
32013,Flood,0,0,0
32013,Tornado,0,0,0
32013,Tropical Storm,0,0,0
32013,Snowstorm,0,0,0
32013,Coastal Storm,0,0,0
32013,Severe Ice Storm,0,0,0
32015,Severe Storm,0,0,0
32015,Fire,0,0,0
32015,Hurricane,0,0,0
32015,Winter Storm,0,0,0
32015,Flood,0,0,0
32015,Tornado,0,0,0
32015,Tropical Storm,0,0,0
32015,Snowstorm,0,0,0
32015,Coastal Storm,0,0,0
32015,Severe Ice Storm,0,0,0
32017,Severe Storm,0,0,0
32017,Fire,0,0,0
32017,Hurricane,0,0,0
32017,Winter Storm,0,0,0
32017,Flood,1,0,0
32017,Tornado,0,0,0
32017,Tropical Storm,0,0,0
32017,Snowstorm,0,0,0
32017,Coastal Storm,0,0,0
32017,Severe Ice Storm,0,0,0
32019,Severe Storm,0,1,2
32019,Fire,0,1,2
32019,Hurricane,0,1,2
32019,Winter Storm,0,1,2
32019,Flood,1,1,2
32019,Tornado,0,1,2
32019,Tropical Storm,0,1,2
32019,Snowstorm,0,1,2
32019,Coastal Storm,0,1,2
32019,Severe Ice Storm,0,1,2
32021,Severe Storm,0,0,0
32021,Fire,0,0,0
32021,Hurricane,0,0,0
32021,Winter Storm,0,0,0
32021,Flood,1,0,0
32021,Tornado,0,0,0
32021,Tropical Storm,0,0,0
32021,Snowstorm,0,0,0
32021,Coastal Storm,0,0,0
32021,Severe Ice Storm,0,0,0
32023,Severe Storm,0,0,0
32023,Fire,0,0,0
32023,Hurricane,0,0,0
32023,Winter Storm,0,0,0
32023,Flood,0,0,0
32023,Tornado,0,0,0
32023,Tropical Storm,0,0,0
32023,Snowstorm,0,0,0
32023,Coastal Storm,0,0,0
32023,Severe Ice Storm,0,0,0
32027,Severe Storm,0,0,0
32027,Fire,0,0,0
32027,Hurricane,0,0,0
32027,Winter Storm,0,0,0
32027,Flood,0,0,0
32027,Tornado,0,0,0
32027,Tropical Storm,0,0,0
32027,Snowstorm,0,0,0
32027,Coastal Storm,0,0,0
32027,Severe Ice Storm,0,0,0
32029,Severe Storm,0,1,3
32029,Fire,0,1,3
32029,Hurricane,0,1,3
32029,Winter Storm,0,1,3
32029,Flood,1,1,3
32029,Tornado,0,1,3
32029,Tropical Storm,0,1,3
32029,Snowstorm,0,1,3
32029,Coastal Storm,0,1,3
32029,Severe Ice Storm,0,1,3
32031,Severe Storm,0,1,6
32031,Fire,13,1,6
32031,Hurricane,0,1,6
32031,Winter Storm,0,1,6
32031,Flood,0,1,6
32031,Tornado,0,1,6
32031,Tropical Storm,0,1,6
32031,Snowstorm,0,1,6
32031,Coastal Storm,0,1,6
32031,Severe Ice Storm,0,1,6
32033,Severe Storm,0,0,0
32033,Fire,0,0,0
32033,Hurricane,0,0,0
32033,Winter Storm,0,0,0
32033,Flood,0,0,0
32033,Tornado,0,0,0
32033,Tropical Storm,0,0,0
32033,Snowstorm,0,0,0
32033,Coastal Storm,0,0,0
32033,Severe Ice Storm,0,0,0
32510,Severe Storm,0,0,0
32510,Fire,0,0,0
32510,Hurricane,0,0,0
32510,Winter Storm,0,0,0
32510,Flood,0,0,0
32510,Tornado,0,0,0
32510,Tropical Storm,0,0,0
32510,Snowstorm,0,0,0
32510,Coastal Storm,0,0,0
32510,Severe Ice Storm,0,0,0
33001,Severe Storm,1,0,0
33001,Fire,0,0,0
33001,Hurricane,0,0,0
33001,Winter Storm,1,0,0
33001,Flood,1,0,0
33001,Tornado,0,0,0
33001,Tropical Storm,0,0,0
33001,Snowstorm,0,0,0
33001,Coastal Storm,0,0,0
33001,Severe Ice Storm,0,0,0
33003,Severe Storm,2,0,0
33003,Fire,0,0,0
33003,Hurricane,0,0,0
33003,Winter Storm,1,0,0
33003,Flood,1,0,0
33003,Tornado,0,0,0
33003,Tropical Storm,0,0,0
33003,Snowstorm,0,0,0
33003,Coastal Storm,0,0,0
33003,Severe Ice Storm,0,0,0
33005,Severe Storm,1,0,0
33005,Fire,0,0,0
33005,Hurricane,0,0,0
33005,Winter Storm,0,0,0
33005,Flood,2,0,0
33005,Tornado,0,0,0
33005,Tropical Storm,0,0,0
33005,Snowstorm,0,0,0
33005,Coastal Storm,0,0,0
33005,Severe Ice Storm,0,0,0
33007,Severe Storm,3,0,0
33007,Fire,0,0,0
33007,Hurricane,0,0,0
33007,Winter Storm,0,0,0
33007,Flood,1,0,0
33007,Tornado,0,0,0
33007,Tropical Storm,0,0,0
33007,Snowstorm,0,0,0
33007,Coastal Storm,0,0,0
33007,Severe Ice Storm,0,0,0
33009,Severe Storm,5,0,0
33009,Fire,0,0,0
33009,Hurricane,0,0,0
33009,Winter Storm,1,0,0
33009,Flood,1,0,0
33009,Tornado,0,0,0
33009,Tropical Storm,0,0,0
33009,Snowstorm,0,0,0
33009,Coastal Storm,0,0,0
33009,Severe Ice Storm,0,0,0
33011,Severe Storm,0,0,0
33011,Fire,0,0,0
33011,Hurricane,0,0,0
33011,Winter Storm,0,0,0
33011,Flood,0,0,0
33011,Tornado,0,0,0
33011,Tropical Storm,0,0,0
33011,Snowstorm,0,0,0
33011,Coastal Storm,0,0,0
33011,Severe Ice Storm,0,0,0
33013,Severe Storm,0,0,0
33013,Fire,0,0,0
33013,Hurricane,0,0,0
33013,Winter Storm,0,0,0
33013,Flood,0,0,0
33013,Tornado,0,0,0
33013,Tropical Storm,0,0,0
33013,Snowstorm,0,0,0
33013,Coastal Storm,0,0,0
33013,Severe Ice Storm,0,0,0
33015,Severe Storm,1,0,0
33015,Fire,0,0,0
33015,Hurricane,0,0,0
33015,Winter Storm,1,0,0
33015,Flood,1,0,0
33015,Tornado,0,0,0
33015,Tropical Storm,0,0,0
33015,Snowstorm,0,0,0
33015,Coastal Storm,0,0,0
33015,Severe Ice Storm,0,0,0
33017,Severe Storm,0,0,0
33017,Fire,0,0,0
33017,Hurricane,0,0,0
33017,Winter Storm,0,0,0
33017,Flood,0,0,0
33017,Tornado,0,0,0
33017,Tropical Storm,0,0,0
33017,Snowstorm,0,0,0
33017,Coastal Storm,0,0,0
33017,Severe Ice Storm,0,0,0
33019,Severe Storm,0,0,0
33019,Fire,0,0,0
33019,Hurricane,0,0,0
33019,Winter Storm,1,0,0
33019,Flood,2,0,0
33019,Tornado,0,0,0
33019,Tropical Storm,0,0,0
33019,Snowstorm,0,0,0
33019,Coastal Storm,0,0,0
33019,Severe Ice Storm,0,0,0
34001,Severe Storm,0,1,1
34001,Fire,0,1,1
34001,Hurricane,3,1,1
34001,Winter Storm,0,1,1
34001,Flood,0,1,1
34001,Tornado,0,1,1
34001,Tropical Storm,0,1,1
34001,Snowstorm,0,1,1
34001,Coastal Storm,0,1,1
34001,Severe Ice Storm,0,1,1
34003,Severe Storm,0,0,0
34003,Fire,0,0,0
34003,Hurricane,3,0,0
34003,Winter Storm,0,0,0
34003,Flood,0,0,0
34003,Tornado,0,0,0
34003,Tropical Storm,0,0,0
34003,Snowstorm,0,0,0
34003,Coastal Storm,0,0,0
34003,Severe Ice Storm,0,0,0
34005,Severe Storm,0,1,2
34005,Fire,0,1,2
34005,Hurricane,3,1,2
34005,Winter Storm,0,1,2
34005,Flood,0,1,2
34005,Tornado,0,1,2
34005,Tropical Storm,0,1,2
34005,Snowstorm,0,1,2
34005,Coastal Storm,0,1,2
34005,Severe Ice Storm,0,1,2
34007,Severe Storm,0,0,0
34007,Fire,0,0,0
34007,Hurricane,2,0,0
34007,Winter Storm,0,0,0
34007,Flood,0,0,0
34007,Tornado,0,0,0
34007,Tropical Storm,0,0,0
34007,Snowstorm,0,0,0
34007,Coastal Storm,0,0,0
34007,Severe Ice Storm,0,0,0
34009,Severe Storm,0,0,0
34009,Fire,0,0,0
34009,Hurricane,3,0,0
34009,Winter Storm,0,0,0
34009,Flood,0,0,0
34009,Tornado,0,0,0
34009,Tropical Storm,0,0,0
34009,Snowstorm,1,0,0
34009,Coastal Storm,0,0,0
34009,Severe Ice Storm,0,0,0
34011,Severe Storm,0,1,1
34011,Fire,0,1,1
34011,Hurricane,3,1,1
34011,Winter Storm,0,1,1
34011,Flood,0,1,1
34011,Tornado,0,1,1
34011,Tropical Storm,0,1,1
34011,Snowstorm,0,1,1
34011,Coastal Storm,0,1,1
34011,Severe Ice Storm,0,1,1
34013,Severe Storm,0,1,2
34013,Fire,0,1,2
34013,Hurricane,3,1,2
34013,Winter Storm,0,1,2
34013,Flood,0,1,2
34013,Tornado,0,1,2
34013,Tropical Storm,0,1,2
34013,Snowstorm,0,1,2
34013,Coastal Storm,0,1,2
34013,Severe Ice Storm,0,1,2
34015,Severe Storm,0,0,0
34015,Fire,0,0,0
34015,Hurricane,3,0,0
34015,Winter Storm,0,0,0
34015,Flood,0,0,0
34015,Tornado,0,0,0
34015,Tropical Storm,0,0,0
34015,Snowstorm,0,0,0
34015,Coastal Storm,0,0,0
34015,Severe Ice Storm,0,0,0
34017,Severe Storm,0,1,1
34017,Fire,0,1,1
34017,Hurricane,2,1,1
34017,Winter Storm,0,1,1
34017,Flood,0,1,1
34017,Tornado,0,1,1
34017,Tropical Storm,0,1,1
34017,Snowstorm,0,1,1
34017,Coastal Storm,0,1,1
34017,Severe Ice Storm,0,1,1
34019,Severe Storm,0,1,1
34019,Fire,0,1,1
34019,Hurricane,2,1,1
34019,Winter Storm,0,1,1
34019,Flood,0,1,1
34019,Tornado,0,1,1
34019,Tropical Storm,0,1,1
34019,Snowstorm,0,1,1
34019,Coastal Storm,0,1,1
34019,Severe Ice Storm,0,1,1
34021,Severe Storm,0,0,0
34021,Fire,0,0,0
34021,Hurricane,2,0,0
34021,Winter Storm,0,0,0
34021,Flood,0,0,0
34021,Tornado,0,0,0
34021,Tropical Storm,0,0,0
34021,Snowstorm,0,0,0
34021,Coastal Storm,0,0,0
34021,Severe Ice Storm,0,0,0
34023,Severe Storm,0,0,0
34023,Fire,0,0,0
34023,Hurricane,2,0,0
34023,Winter Storm,0,0,0
34023,Flood,0,0,0
34023,Tornado,0,0,0
34023,Tropical Storm,0,0,0
34023,Snowstorm,0,0,0
34023,Coastal Storm,0,0,0
34023,Severe Ice Storm,0,0,0
34025,Severe Storm,0,1,1
34025,Fire,0,1,1
34025,Hurricane,3,1,1
34025,Winter Storm,0,1,1
34025,Flood,0,1,1
34025,Tornado,0,1,1
34025,Tropical Storm,0,1,1
34025,Snowstorm,0,1,1
34025,Coastal Storm,0,1,1
34025,Severe Ice Storm,0,1,1
34027,Severe Storm,0,0,0
34027,Fire,0,0,0
34027,Hurricane,3,0,0
34027,Winter Storm,0,0,0
34027,Flood,0,0,0
34027,Tornado,0,0,0
34027,Tropical Storm,0,0,0
34027,Snowstorm,1,0,0
34027,Coastal Storm,0,0,0
34027,Severe Ice Storm,0,0,0
34029,Severe Storm,0,0,0
34029,Fire,0,0,0
34029,Hurricane,2,0,0
34029,Winter Storm,0,0,0
34029,Flood,0,0,0
34029,Tornado,0,0,0
34029,Tropical Storm,0,0,0
34029,Snowstorm,1,0,0
34029,Coastal Storm,0,0,0
34029,Severe Ice Storm,0,0,0
34031,Severe Storm,0,1,2
34031,Fire,0,1,2
34031,Hurricane,2,1,2
34031,Winter Storm,0,1,2
34031,Flood,0,1,2
34031,Tornado,0,1,2
34031,Tropical Storm,0,1,2
34031,Snowstorm,0,1,2
34031,Coastal Storm,0,1,2
34031,Severe Ice Storm,0,1,2
34033,Severe Storm,0,0,0
34033,Fire,0,0,0
34033,Hurricane,3,0,0
34033,Winter Storm,0,0,0
34033,Flood,0,0,0
34033,Tornado,0,0,0
34033,Tropical Storm,0,0,0
34033,Snowstorm,0,0,0
34033,Coastal Storm,0,0,0
34033,Severe Ice Storm,0,0,0
34035,Severe Storm,0,0,0
34035,Fire,0,0,0
34035,Hurricane,2,0,0
34035,Winter Storm,0,0,0
34035,Flood,0,0,0
34035,Tornado,0,0,0
34035,Tropical Storm,0,0,0
34035,Snowstorm,0,0,0
34035,Coastal Storm,0,0,0
34035,Severe Ice Storm,0,0,0
34037,Severe Storm,0,0,0
34037,Fire,0,0,0
34037,Hurricane,3,0,0
34037,Winter Storm,0,0,0
34037,Flood,0,0,0
34037,Tornado,0,0,0
34037,Tropical Storm,0,0,0
34037,Snowstorm,1,0,0
34037,Coastal Storm,0,0,0
34037,Severe Ice Storm,0,0,0
34039,Severe Storm,0,0,0
34039,Fire,0,0,0
34039,Hurricane,2,0,0
34039,Winter Storm,0,0,0
34039,Flood,0,0,0
34039,Tornado,0,0,0
34039,Tropical Storm,0,0,0
34039,Snowstorm,0,0,0
34039,Coastal Storm,0,0,0
34039,Severe Ice Storm,0,0,0
34041,Severe Storm,1,0,0
34041,Fire,0,0,0
34041,Hurricane,2,0,0
34041,Winter Storm,0,0,0
34041,Flood,0,0,0
34041,Tornado,0,0,0
34041,Tropical Storm,0,0,0
34041,Snowstorm,1,0,0
34041,Coastal Storm,0,0,0
34041,Severe Ice Storm,0,0,0
35001,Severe Storm,0,1,3
35001,Fire,0,1,3
35001,Hurricane,0,1,3
35001,Winter Storm,0,1,3
35001,Flood,0,1,3
35001,Tornado,0,1,3
35001,Tropical Storm,0,1,3
35001,Snowstorm,0,1,3
35001,Coastal Storm,0,1,3
35001,Severe Ice Storm,0,1,3
35003,Severe Storm,0,0,0
35003,Fire,0,0,0
35003,Hurricane,0,0,0
35003,Winter Storm,0,0,0
35003,Flood,0,0,0
35003,Tornado,0,0,0
35003,Tropical Storm,0,0,0
35003,Snowstorm,0,0,0
35003,Coastal Storm,0,0,0
35003,Severe Ice Storm,0,0,0
35005,Severe Storm,0,0,0
35005,Fire,0,0,0
35005,Hurricane,0,0,0
35005,Winter Storm,0,0,0
35005,Flood,1,0,0
35005,Tornado,0,0,0
35005,Tropical Storm,0,0,0
35005,Snowstorm,0,0,0
35005,Coastal Storm,0,0,0
35005,Severe Ice Storm,0,0,0
35006,Severe Storm,0,0,0
35006,Fire,0,0,0
35006,Hurricane,0,0,0
35006,Winter Storm,0,0,0
35006,Flood,0,0,0
35006,Tornado,0,0,0
35006,Tropical Storm,0,0,0
35006,Snowstorm,0,0,0
35006,Coastal Storm,0,0,0
35006,Severe Ice Storm,0,0,0
35007,Severe Storm,0,0,0
35007,Fire,2,0,0
35007,Hurricane,0,0,0
35007,Winter Storm,0,0,0
35007,Flood,0,0,0
35007,Tornado,0,0,0
35007,Tropical Storm,0,0,0
35007,Snowstorm,0,0,0
35007,Coastal Storm,0,0,0
35007,Severe Ice Storm,0,0,0
35009,Severe Storm,0,0,0
35009,Fire,0,0,0
35009,Hurricane,0,0,0
35009,Winter Storm,0,0,0
35009,Flood,0,0,0
35009,Tornado,0,0,0
35009,Tropical Storm,0,0,0
35009,Snowstorm,0,0,0
35009,Coastal Storm,0,0,0
35009,Severe Ice Storm,0,0,0
35011,Severe Storm,0,0,0
35011,Fire,0,0,0
35011,Hurricane,0,0,0
35011,Winter Storm,0,0,0
35011,Flood,0,0,0
35011,Tornado,0,0,0
35011,Tropical Storm,0,0,0
35011,Snowstorm,0,0,0
35011,Coastal Storm,0,0,0
35011,Severe Ice Storm,0,0,0
35013,Severe Storm,0,1,2
35013,Fire,0,1,2
35013,Hurricane,0,1,2
35013,Winter Storm,0,1,2
35013,Flood,0,1,2
35013,Tornado,0,1,2
35013,Tropical Storm,0,1,2
35013,Snowstorm,0,1,2
35013,Coastal Storm,0,1,2
35013,Severe Ice Storm,0,1,2
35015,Severe Storm,0,0,0
35015,Fire,0,0,0
35015,Hurricane,0,0,0
35015,Winter Storm,0,0,0
35015,Flood,0,0,0
35015,Tornado,0,0,0
35015,Tropical Storm,0,0,0
35015,Snowstorm,0,0,0
35015,Coastal Storm,0,0,0
35015,Severe Ice Storm,0,0,0
35017,Severe Storm,0,0,0
35017,Fire,0,0,0
35017,Hurricane,0,0,0
35017,Winter Storm,0,0,0
35017,Flood,0,0,0
35017,Tornado,0,0,0
35017,Tropical Storm,0,0,0
35017,Snowstorm,0,0,0
35017,Coastal Storm,0,0,0
35017,Severe Ice Storm,0,0,0
35019,Severe Storm,0,0,0
35019,Fire,0,0,0
35019,Hurricane,0,0,0
35019,Winter Storm,0,0,0
35019,Flood,0,0,0
35019,Tornado,0,0,0
35019,Tropical Storm,0,0,0
35019,Snowstorm,0,0,0
35019,Coastal Storm,0,0,0
35019,Severe Ice Storm,0,0,0
35021,Severe Storm,0,0,0
35021,Fire,0,0,0
35021,Hurricane,0,0,0
35021,Winter Storm,0,0,0
35021,Flood,0,0,0
35021,Tornado,0,0,0
35021,Tropical Storm,0,0,0
35021,Snowstorm,0,0,0
35021,Coastal Storm,0,0,0
35021,Severe Ice Storm,0,0,0
35023,Severe Storm,0,0,0
35023,Fire,0,0,0
35023,Hurricane,0,0,0
35023,Winter Storm,0,0,0
35023,Flood,0,0,0
35023,Tornado,0,0,0
35023,Tropical Storm,0,0,0
35023,Snowstorm,0,0,0
35023,Coastal Storm,0,0,0
35023,Severe Ice Storm,0,0,0
35025,Severe Storm,0,1,1
35025,Fire,0,1,1
35025,Hurricane,0,1,1
35025,Winter Storm,0,1,1
35025,Flood,0,1,1
35025,Tornado,0,1,1
35025,Tropical Storm,0,1,1
35025,Snowstorm,0,1,1
35025,Coastal Storm,0,1,1
35025,Severe Ice Storm,0,1,1
35027,Severe Storm,0,0,0
35027,Fire,8,0,0
35027,Hurricane,0,0,0
35027,Winter Storm,0,0,0
35027,Flood,0,0,0
35027,Tornado,0,0,0
35027,Tropical Storm,0,0,0
35027,Snowstorm,0,0,0
35027,Coastal Storm,0,0,0
35027,Severe Ice Storm,0,0,0
35028,Severe Storm,0,0,0
35028,Fire,1,0,0
35028,Hurricane,0,0,0
35028,Winter Storm,0,0,0
35028,Flood,0,0,0
35028,Tornado,0,0,0
35028,Tropical Storm,0,0,0
35028,Snowstorm,0,0,0
35028,Coastal Storm,0,0,0
35028,Severe Ice Storm,0,0,0
35029,Severe Storm,0,0,0
35029,Fire,0,0,0
35029,Hurricane,0,0,0
35029,Winter Storm,0,0,0
35029,Flood,0,0,0
35029,Tornado,0,0,0
35029,Tropical Storm,0,0,0
35029,Snowstorm,0,0,0
35029,Coastal Storm,0,0,0
35029,Severe Ice Storm,0,0,0
35031,Severe Storm,0,0,0
35031,Fire,0,0,0
35031,Hurricane,0,0,0
35031,Winter Storm,0,0,0
35031,Flood,0,0,0
35031,Tornado,0,0,0
35031,Tropical Storm,0,0,0
35031,Snowstorm,0,0,0
35031,Coastal Storm,0,0,0
35031,Severe Ice Storm,0,0,0
35033,Severe Storm,0,0,0
35033,Fire,2,0,0
35033,Hurricane,0,0,0
35033,Winter Storm,0,0,0
35033,Flood,0,0,0
35033,Tornado,0,0,0
35033,Tropical Storm,0,0,0
35033,Snowstorm,0,0,0
35033,Coastal Storm,0,0,0
35033,Severe Ice Storm,0,0,0
35035,Severe Storm,0,0,0
35035,Fire,3,0,0
35035,Hurricane,0,0,0
35035,Winter Storm,0,0,0
35035,Flood,0,0,0
35035,Tornado,0,0,0
35035,Tropical Storm,0,0,0
35035,Snowstorm,0,0,0
35035,Coastal Storm,0,0,0
35035,Severe Ice Storm,0,0,0
35037,Severe Storm,0,0,0
35037,Fire,0,0,0
35037,Hurricane,0,0,0
35037,Winter Storm,0,0,0
35037,Flood,0,0,0
35037,Tornado,0,0,0
35037,Tropical Storm,0,0,0
35037,Snowstorm,0,0,0
35037,Coastal Storm,0,0,0
35037,Severe Ice Storm,0,0,0
35039,Severe Storm,0,0,0
35039,Fire,1,0,0
35039,Hurricane,0,0,0
35039,Winter Storm,0,0,0
35039,Flood,0,0,0
35039,Tornado,0,0,0
35039,Tropical Storm,0,0,0
35039,Snowstorm,0,0,0
35039,Coastal Storm,0,0,0
35039,Severe Ice Storm,0,0,0
35041,Severe Storm,0,0,0
35041,Fire,0,0,0
35041,Hurricane,0,0,0
35041,Winter Storm,0,0,0
35041,Flood,0,0,0
35041,Tornado,0,0,0
35041,Tropical Storm,0,0,0
35041,Snowstorm,0,0,0
35041,Coastal Storm,0,0,0
35041,Severe Ice Storm,0,0,0
35043,Severe Storm,0,0,0
35043,Fire,1,0,0
35043,Hurricane,0,0,0
35043,Winter Storm,0,0,0
35043,Flood,0,0,0
35043,Tornado,0,0,0
35043,Tropical Storm,0,0,0
35043,Snowstorm,0,0,0
35043,Coastal Storm,0,0,0
35043,Severe Ice Storm,0,0,0
35045,Severe Storm,0,0,0
35045,Fire,1,0,0
35045,Hurricane,0,0,0
35045,Winter Storm,0,0,0
35045,Flood,0,0,0
35045,Tornado,0,0,0
35045,Tropical Storm,0,0,0
35045,Snowstorm,0,0,0
35045,Coastal Storm,0,0,0
35045,Severe Ice Storm,0,0,0
35047,Severe Storm,0,0,0
35047,Fire,4,0,0
35047,Hurricane,0,0,0
35047,Winter Storm,0,0,0
35047,Flood,0,0,0
35047,Tornado,0,0,0
35047,Tropical Storm,0,0,0
35047,Snowstorm,0,0,0
35047,Coastal Storm,0,0,0
35047,Severe Ice Storm,0,0,0
35049,Severe Storm,0,0,0
35049,Fire,0,0,0
35049,Hurricane,0,0,0
35049,Winter Storm,0,0,0
35049,Flood,0,0,0
35049,Tornado,0,0,0
35049,Tropical Storm,0,0,0
35049,Snowstorm,0,0,0
35049,Coastal Storm,0,0,0
35049,Severe Ice Storm,0,0,0
35051,Severe Storm,0,0,0
35051,Fire,0,0,0
35051,Hurricane,0,0,0
35051,Winter Storm,0,0,0
35051,Flood,0,0,0
35051,Tornado,0,0,0
35051,Tropical Storm,0,0,0
35051,Snowstorm,0,0,0
35051,Coastal Storm,0,0,0
35051,Severe Ice Storm,0,0,0
35053,Severe Storm,0,0,0
35053,Fire,0,0,0
35053,Hurricane,0,0,0
35053,Winter Storm,0,0,0
35053,Flood,0,0,0
35053,Tornado,0,0,0
35053,Tropical Storm,0,0,0
35053,Snowstorm,0,0,0
35053,Coastal Storm,0,0,0
35053,Severe Ice Storm,0,0,0
35055,Severe Storm,0,0,0
35055,Fire,0,0,0
35055,Hurricane,0,0,0
35055,Winter Storm,0,0,0
35055,Flood,0,0,0
35055,Tornado,0,0,0
35055,Tropical Storm,0,0,0
35055,Snowstorm,0,0,0
35055,Coastal Storm,0,0,0
35055,Severe Ice Storm,0,0,0
35057,Severe Storm,0,0,0
35057,Fire,1,0,0
35057,Hurricane,0,0,0
35057,Winter Storm,0,0,0
35057,Flood,0,0,0
35057,Tornado,0,0,0
35057,Tropical Storm,0,0,0
35057,Snowstorm,0,0,0
35057,Coastal Storm,0,0,0
35057,Severe Ice Storm,0,0,0
35059,Severe Storm,0,0,0
35059,Fire,0,0,0
35059,Hurricane,0,0,0
35059,Winter Storm,0,0,0
35059,Flood,0,0,0
35059,Tornado,0,0,0
35059,Tropical Storm,0,0,0
35059,Snowstorm,0,0,0
35059,Coastal Storm,0,0,0
35059,Severe Ice Storm,0,0,0
35061,Severe Storm,0,0,0
35061,Fire,3,0,0
35061,Hurricane,0,0,0
35061,Winter Storm,0,0,0
35061,Flood,0,0,0
35061,Tornado,0,0,0
35061,Tropical Storm,0,0,0
35061,Snowstorm,0,0,0
35061,Coastal Storm,0,0,0
35061,Severe Ice Storm,0,0,0
36001,Severe Storm,0,0,0
36001,Fire,0,0,0
36001,Hurricane,1,0,0
36001,Winter Storm,0,0,0
36001,Flood,0,0,0
36001,Tornado,0,0,0
36001,Tropical Storm,0,0,0
36001,Snowstorm,0,0,0
36001,Coastal Storm,0,0,0
36001,Severe Ice Storm,0,0,0
36003,Severe Storm,0,0,0
36003,Fire,0,0,0
36003,Hurricane,1,0,0
36003,Winter Storm,0,0,0
36003,Flood,0,0,0
36003,Tornado,0,0,0
36003,Tropical Storm,1,0,0
36003,Snowstorm,0,0,0
36003,Coastal Storm,0,0,0
36003,Severe Ice Storm,0,0,0
36005,Severe Storm,0,0,0
36005,Fire,0,0,0
36005,Hurricane,3,0,0
36005,Winter Storm,0,0,0
36005,Flood,0,0,0
36005,Tornado,0,0,0
36005,Tropical Storm,0,0,0
36005,Snowstorm,0,0,0
36005,Coastal Storm,0,0,0
36005,Severe Ice Storm,0,0,0
36007,Severe Storm,0,0,0
36007,Fire,0,0,0
36007,Hurricane,1,0,0
36007,Winter Storm,0,0,0
36007,Flood,0,0,0
36007,Tornado,0,0,0
36007,Tropical Storm,1,0,0
36007,Snowstorm,0,0,0
36007,Coastal Storm,0,0,0
36007,Severe Ice Storm,0,0,0
36009,Severe Storm,0,0,0
36009,Fire,0,0,0
36009,Hurricane,0,0,0
36009,Winter Storm,1,0,0
36009,Flood,0,0,0
36009,Tornado,0,0,0
36009,Tropical Storm,0,0,0
36009,Snowstorm,0,0,0
36009,Coastal Storm,0,0,0
36009,Severe Ice Storm,0,0,0
36011,Severe Storm,0,1,2
36011,Fire,0,1,2
36011,Hurricane,1,1,2
36011,Winter Storm,0,1,2
36011,Flood,0,1,2
36011,Tornado,0,1,2
36011,Tropical Storm,0,1,2
36011,Snowstorm,0,1,2
36011,Coastal Storm,0,1,2
36011,Severe Ice Storm,0,1,2
36013,Severe Storm,1,0,0
36013,Fire,0,0,0
36013,Hurricane,0,0,0
36013,Winter Storm,1,0,0
36013,Flood,0,0,0
36013,Tornado,0,0,0
36013,Tropical Storm,0,0,0
36013,Snowstorm,0,0,0
36013,Coastal Storm,0,0,0
36013,Severe Ice Storm,0,0,0
36015,Severe Storm,0,0,0
36015,Fire,0,0,0
36015,Hurricane,0,0,0
36015,Winter Storm,0,0,0
36015,Flood,0,0,0
36015,Tornado,0,0,0
36015,Tropical Storm,0,0,0
36015,Snowstorm,0,0,0
36015,Coastal Storm,0,0,0
36015,Severe Ice Storm,0,0,0
36017,Severe Storm,1,0,0
36017,Fire,0,0,0
36017,Hurricane,1,0,0
36017,Winter Storm,0,0,0
36017,Flood,0,0,0
36017,Tornado,0,0,0
36017,Tropical Storm,1,0,0
36017,Snowstorm,0,0,0
36017,Coastal Storm,0,0,0
36017,Severe Ice Storm,0,0,0
36019,Severe Storm,1,0,0
36019,Fire,0,0,0
36019,Hurricane,0,0,0
36019,Winter Storm,0,0,0
36019,Flood,0,0,0
36019,Tornado,0,0,0
36019,Tropical Storm,0,0,0
36019,Snowstorm,0,0,0
36019,Coastal Storm,0,0,0
36019,Severe Ice Storm,0,0,0
36021,Severe Storm,0,0,0
36021,Fire,0,0,0
36021,Hurricane,1,0,0
36021,Winter Storm,0,0,0
36021,Flood,0,0,0
36021,Tornado,0,0,0
36021,Tropical Storm,0,0,0
36021,Snowstorm,0,0,0
36021,Coastal Storm,0,0,0
36021,Severe Ice Storm,0,0,0
36023,Severe Storm,1,0,0
36023,Fire,0,0,0
36023,Hurricane,1,0,0
36023,Winter Storm,0,0,0
36023,Flood,1,0,0
36023,Tornado,0,0,0
36023,Tropical Storm,0,0,0
36023,Snowstorm,0,0,0
36023,Coastal Storm,0,0,0
36023,Severe Ice Storm,0,0,0
36025,Severe Storm,0,1,1
36025,Fire,0,1,1
36025,Hurricane,1,1,1
36025,Winter Storm,0,1,1
36025,Flood,0,1,1
36025,Tornado,0,1,1
36025,Tropical Storm,1,1,1
36025,Snowstorm,0,1,1
36025,Coastal Storm,0,1,1
36025,Severe Ice Storm,0,1,1
36027,Severe Storm,1,0,0
36027,Fire,0,0,0
36027,Hurricane,3,0,0
36027,Winter Storm,0,0,0
36027,Flood,0,0,0
36027,Tornado,0,0,0
36027,Tropical Storm,0,0,0
36027,Snowstorm,0,0,0
36027,Coastal Storm,0,0,0
36027,Severe Ice Storm,0,0,0
36029,Severe Storm,1,1,3
36029,Fire,0,1,3
36029,Hurricane,0,1,3
36029,Winter Storm,2,1,3
36029,Flood,0,1,3
36029,Tornado,0,1,3
36029,Tropical Storm,0,1,3
36029,Snowstorm,1,1,3
36029,Coastal Storm,0,1,3
36029,Severe Ice Storm,0,1,3
36031,Severe Storm,2,0,0
36031,Fire,0,0,0
36031,Hurricane,0,0,0
36031,Winter Storm,0,0,0
36031,Flood,1,0,0
36031,Tornado,0,0,0
36031,Tropical Storm,1,0,0
36031,Snowstorm,0,0,0
36031,Coastal Storm,0,0,0
36031,Severe Ice Storm,0,0,0
36033,Severe Storm,1,0,0
36033,Fire,0,0,0
36033,Hurricane,0,0,0
36033,Winter Storm,0,0,0
36033,Flood,0,0,0
36033,Tornado,0,0,0
36033,Tropical Storm,1,0,0
36033,Snowstorm,0,0,0
36033,Coastal Storm,0,0,0
36033,Severe Ice Storm,0,0,0
36035,Severe Storm,1,0,0
36035,Fire,0,0,0
36035,Hurricane,0,0,0
36035,Winter Storm,0,0,0
36035,Flood,0,0,0
36035,Tornado,0,0,0
36035,Tropical Storm,0,0,0
36035,Snowstorm,0,0,0
36035,Coastal Storm,0,0,0
36035,Severe Ice Storm,0,0,0
36037,Severe Storm,0,1,1
36037,Fire,0,1,1
36037,Hurricane,0,1,1
36037,Winter Storm,2,1,1
36037,Flood,0,1,1
36037,Tornado,0,1,1
36037,Tropical Storm,0,1,1
36037,Snowstorm,1,1,1
36037,Coastal Storm,0,1,1
36037,Severe Ice Storm,0,1,1
36039,Severe Storm,0,0,0
36039,Fire,0,0,0
36039,Hurricane,1,0,0
36039,Winter Storm,0,0,0
36039,Flood,0,0,0
36039,Tornado,0,0,0
36039,Tropical Storm,0,0,0
36039,Snowstorm,0,0,0
36039,Coastal Storm,0,0,0
36039,Severe Ice Storm,0,0,0
36041,Severe Storm,2,0,0
36041,Fire,0,0,0
36041,Hurricane,0,0,0
36041,Winter Storm,0,0,0
36041,Flood,1,0,0
36041,Tornado,0,0,0
36041,Tropical Storm,0,0,0
36041,Snowstorm,0,0,0
36041,Coastal Storm,0,0,0
36041,Severe Ice Storm,0,0,0
36043,Severe Storm,1,0,0
36043,Fire,0,0,0
36043,Hurricane,0,0,0
36043,Winter Storm,0,0,0
36043,Flood,0,0,0
36043,Tornado,0,0,0
36043,Tropical Storm,0,0,0
36043,Snowstorm,0,0,0
36043,Coastal Storm,0,0,0
36043,Severe Ice Storm,0,0,0
36045,Severe Storm,1,0,0
36045,Fire,0,0,0
36045,Hurricane,0,0,0
36045,Winter Storm,1,0,0
36045,Flood,0,0,0
36045,Tornado,0,0,0
36045,Tropical Storm,1,0,0
36045,Snowstorm,0,0,0
36045,Coastal Storm,0,0,0
36045,Severe Ice Storm,0,0,0
36047,Severe Storm,0,1,1
36047,Fire,0,1,1
36047,Hurricane,3,1,1
36047,Winter Storm,0,1,1
36047,Flood,1,1,1
36047,Tornado,0,1,1
36047,Tropical Storm,0,1,1
36047,Snowstorm,0,1,1
36047,Coastal Storm,0,1,1
36047,Severe Ice Storm,0,1,1
36049,Severe Storm,2,0,0
36049,Fire,0,0,0
36049,Hurricane,1,0,0
36049,Winter Storm,1,0,0
36049,Flood,1,0,0
36049,Tornado,0,0,0
36049,Tropical Storm,0,0,0
36049,Snowstorm,0,0,0
36049,Coastal Storm,0,0,0
36049,Severe Ice Storm,0,0,0
36051,Severe Storm,0,0,0
36051,Fire,0,0,0
36051,Hurricane,0,0,0
36051,Winter Storm,0,0,0
36051,Flood,0,0,0
36051,Tornado,0,0,0
36051,Tropical Storm,0,0,0
36051,Snowstorm,0,0,0
36051,Coastal Storm,0,0,0
36051,Severe Ice Storm,0,0,0
36053,Severe Storm,1,0,0
36053,Fire,0,0,0
36053,Hurricane,0,0,0
36053,Winter Storm,0,0,0
36053,Flood,0,0,0
36053,Tornado,0,0,0
36053,Tropical Storm,0,0,0
36053,Snowstorm,0,0,0
36053,Coastal Storm,0,0,0
36053,Severe Ice Storm,0,0,0
36055,Severe Storm,0,0,0
36055,Fire,0,0,0
36055,Hurricane,0,0,0
36055,Winter Storm,0,0,0
36055,Flood,0,0,0
36055,Tornado,0,0,0
36055,Tropical Storm,0,0,0
36055,Snowstorm,0,0,0
36055,Coastal Storm,0,0,0
36055,Severe Ice Storm,0,0,0
36057,Severe Storm,1,0,0
36057,Fire,0,0,0
36057,Hurricane,1,0,0
36057,Winter Storm,0,0,0
36057,Flood,0,0,0
36057,Tornado,0,0,0
36057,Tropical Storm,0,0,0
36057,Snowstorm,0,0,0
36057,Coastal Storm,0,0,0
36057,Severe Ice Storm,0,0,0
36059,Severe Storm,0,0,0
36059,Fire,0,0,0
36059,Hurricane,4,0,0
36059,Winter Storm,0,0,0
36059,Flood,1,0,0
36059,Tornado,0,0,0
36059,Tropical Storm,0,0,0
36059,Snowstorm,0,0,0
36059,Coastal Storm,0,0,0
36059,Severe Ice Storm,0,0,0
36061,Severe Storm,0,1,4
36061,Fire,0,1,4
36061,Hurricane,3,1,4
36061,Winter Storm,0,1,4
36061,Flood,0,1,4
36061,Tornado,0,1,4
36061,Tropical Storm,0,1,4
36061,Snowstorm,0,1,4
36061,Coastal Storm,0,1,4
36061,Severe Ice Storm,0,1,4
36063,Severe Storm,0,1,5
36063,Fire,0,1,5
36063,Hurricane,0,1,5
36063,Winter Storm,1,1,5
36063,Flood,0,1,5
36063,Tornado,0,1,5
36063,Tropical Storm,0,1,5
36063,Snowstorm,1,1,5
36063,Coastal Storm,0,1,5
36063,Severe Ice Storm,0,1,5
36065,Severe Storm,1,0,0
36065,Fire,0,0,0
36065,Hurricane,1,0,0
36065,Winter Storm,1,0,0
36065,Flood,0,0,0
36065,Tornado,0,0,0
36065,Tropical Storm,0,0,0
36065,Snowstorm,0,0,0
36065,Coastal Storm,0,0,0
36065,Severe Ice Storm,0,0,0
36067,Severe Storm,0,1,1
36067,Fire,0,1,1
36067,Hurricane,1,1,1
36067,Winter Storm,0,1,1
36067,Flood,0,1,1
36067,Tornado,0,1,1
36067,Tropical Storm,0,1,1
36067,Snowstorm,0,1,1
36067,Coastal Storm,0,1,1
36067,Severe Ice Storm,0,1,1
36069,Severe Storm,1,0,0
36069,Fire,0,0,0
36069,Hurricane,0,0,0
36069,Winter Storm,0,0,0
36069,Flood,0,0,0
36069,Tornado,0,0,0
36069,Tropical Storm,1,0,0
36069,Snowstorm,0,0,0
36069,Coastal Storm,0,0,0
36069,Severe Ice Storm,0,0,0
36071,Severe Storm,1,0,0
36071,Fire,1,0,0
36071,Hurricane,3,0,0
36071,Winter Storm,0,0,0
36071,Flood,0,0,0
36071,Tornado,0,0,0
36071,Tropical Storm,0,0,0
36071,Snowstorm,0,0,0
36071,Coastal Storm,0,0,0
36071,Severe Ice Storm,0,0,0
36073,Severe Storm,0,1,1
36073,Fire,0,1,1
36073,Hurricane,0,1,1
36073,Winter Storm,0,1,1
36073,Flood,0,1,1
36073,Tornado,0,1,1
36073,Tropical Storm,0,1,1
36073,Snowstorm,0,1,1
36073,Coastal Storm,0,1,1
36073,Severe Ice Storm,0,1,1
36075,Severe Storm,2,0,0
36075,Fire,0,0,0
36075,Hurricane,0,0,0
36075,Winter Storm,1,0,0
36075,Flood,0,0,0
36075,Tornado,0,0,0
36075,Tropical Storm,0,0,0
36075,Snowstorm,0,0,0
36075,Coastal Storm,0,0,0
36075,Severe Ice Storm,0,0,0
36077,Severe Storm,1,1,1
36077,Fire,0,1,1
36077,Hurricane,1,1,1
36077,Winter Storm,0,1,1
36077,Flood,0,1,1
36077,Tornado,0,1,1
36077,Tropical Storm,0,1,1
36077,Snowstorm,0,1,1
36077,Coastal Storm,0,1,1
36077,Severe Ice Storm,0,1,1
36079,Severe Storm,1,0,0
36079,Fire,0,0,0
36079,Hurricane,4,0,0
36079,Winter Storm,0,0,0
36079,Flood,0,0,0
36079,Tornado,0,0,0
36079,Tropical Storm,0,0,0
36079,Snowstorm,0,0,0
36079,Coastal Storm,0,0,0
36079,Severe Ice Storm,0,0,0
36081,Severe Storm,0,0,0
36081,Fire,0,0,0
36081,Hurricane,4,0,0
36081,Winter Storm,0,0,0
36081,Flood,0,0,0
36081,Tornado,0,0,0
36081,Tropical Storm,0,0,0
36081,Snowstorm,0,0,0
36081,Coastal Storm,0,0,0
36081,Severe Ice Storm,0,0,0
36083,Severe Storm,0,0,0
36083,Fire,0,0,0
36083,Hurricane,1,0,0
36083,Winter Storm,0,0,0
36083,Flood,0,0,0
36083,Tornado,0,0,0
36083,Tropical Storm,0,0,0
36083,Snowstorm,0,0,0
36083,Coastal Storm,0,0,0
36083,Severe Ice Storm,0,0,0
36085,Severe Storm,0,1,1
36085,Fire,0,1,1
36085,Hurricane,4,1,1
36085,Winter Storm,0,1,1
36085,Flood,0,1,1
36085,Tornado,0,1,1
36085,Tropical Storm,0,1,1
36085,Snowstorm,0,1,1
36085,Coastal Storm,0,1,1
36085,Severe Ice Storm,0,1,1
36087,Severe Storm,1,1,3
36087,Fire,0,1,3
36087,Hurricane,4,1,3
36087,Winter Storm,0,1,3
36087,Flood,0,1,3
36087,Tornado,0,1,3
36087,Tropical Storm,0,1,3
36087,Snowstorm,0,1,3
36087,Coastal Storm,0,1,3
36087,Severe Ice Storm,0,1,3
36089,Severe Storm,0,1,3
36089,Fire,0,1,3
36089,Hurricane,0,1,3
36089,Winter Storm,1,1,3
36089,Flood,1,1,3
36089,Tornado,0,1,3
36089,Tropical Storm,1,1,3
36089,Snowstorm,1,1,3
36089,Coastal Storm,0,1,3
36089,Severe Ice Storm,0,1,3
36091,Severe Storm,1,0,0
36091,Fire,0,0,0
36091,Hurricane,1,0,0
36091,Winter Storm,0,0,0
36091,Flood,0,0,0
36091,Tornado,0,0,0
36091,Tropical Storm,0,0,0
36091,Snowstorm,0,0,0
36091,Coastal Storm,0,0,0
36091,Severe Ice Storm,0,0,0
36093,Severe Storm,0,0,0
36093,Fire,0,0,0
36093,Hurricane,1,0,0
36093,Winter Storm,0,0,0
36093,Flood,0,0,0
36093,Tornado,0,0,0
36093,Tropical Storm,0,0,0
36093,Snowstorm,0,0,0
36093,Coastal Storm,0,0,0
36093,Severe Ice Storm,0,0,0
36095,Severe Storm,0,0,0
36095,Fire,0,0,0
36095,Hurricane,1,0,0
36095,Winter Storm,0,0,0
36095,Flood,0,0,0
36095,Tornado,0,0,0
36095,Tropical Storm,0,0,0
36095,Snowstorm,0,0,0
36095,Coastal Storm,0,0,0
36095,Severe Ice Storm,0,0,0
36097,Severe Storm,0,0,0
36097,Fire,0,0,0
36097,Hurricane,0,0,0
36097,Winter Storm,0,0,0
36097,Flood,0,0,0
36097,Tornado,0,0,0
36097,Tropical Storm,0,0,0
36097,Snowstorm,0,0,0
36097,Coastal Storm,0,0,0
36097,Severe Ice Storm,0,0,0
36099,Severe Storm,0,0,0
36099,Fire,0,0,0
36099,Hurricane,0,0,0
36099,Winter Storm,0,0,0
36099,Flood,0,0,0
36099,Tornado,0,0,0
36099,Tropical Storm,0,0,0
36099,Snowstorm,0,0,0
36099,Coastal Storm,0,0,0
36099,Severe Ice Storm,0,0,0
36101,Severe Storm,0,0,0
36101,Fire,0,0,0
36101,Hurricane,1,0,0
36101,Winter Storm,0,0,0
36101,Flood,0,0,0
36101,Tornado,0,0,0
36101,Tropical Storm,1,0,0
36101,Snowstorm,0,0,0
36101,Coastal Storm,0,0,0
36101,Severe Ice Storm,0,0,0
36103,Severe Storm,2,1,1
36103,Fire,0,1,1
36103,Hurricane,4,1,1
36103,Winter Storm,0,1,1
36103,Flood,0,1,1
36103,Tornado,0,1,1
36103,Tropical Storm,0,1,1
36103,Snowstorm,1,1,1
36103,Coastal Storm,0,1,1
36103,Severe Ice Storm,0,1,1
36105,Severe Storm,0,0,0
36105,Fire,0,0,0
36105,Hurricane,3,0,0
36105,Winter Storm,0,0,0
36105,Flood,0,0,0
36105,Tornado,0,0,0
36105,Tropical Storm,0,0,0
36105,Snowstorm,0,0,0
36105,Coastal Storm,0,0,0
36105,Severe Ice Storm,0,0,0
36107,Severe Storm,1,0,0
36107,Fire,0,0,0
36107,Hurricane,1,0,0
36107,Winter Storm,0,0,0
36107,Flood,0,0,0
36107,Tornado,0,0,0
36107,Tropical Storm,0,0,0
36107,Snowstorm,0,0,0
36107,Coastal Storm,0,0,0
36107,Severe Ice Storm,0,0,0
36109,Severe Storm,0,1,1
36109,Fire,0,1,1
36109,Hurricane,0,1,1
36109,Winter Storm,0,1,1
36109,Flood,0,1,1
36109,Tornado,0,1,1
36109,Tropical Storm,0,1,1
36109,Snowstorm,0,1,1
36109,Coastal Storm,0,1,1
36109,Severe Ice Storm,0,1,1
36111,Severe Storm,0,0,0
36111,Fire,0,0,0
36111,Hurricane,3,0,0
36111,Winter Storm,0,0,0
36111,Flood,0,0,0
36111,Tornado,0,0,0
36111,Tropical Storm,0,0,0
36111,Snowstorm,0,0,0
36111,Coastal Storm,0,0,0
36111,Severe Ice Storm,0,0,0
36113,Severe Storm,1,0,0
36113,Fire,0,0,0
36113,Hurricane,0,0,0
36113,Winter Storm,0,0,0
36113,Flood,0,0,0
36113,Tornado,0,0,0
36113,Tropical Storm,0,0,0
36113,Snowstorm,0,0,0
36113,Coastal Storm,0,0,0
36113,Severe Ice Storm,0,0,0
36115,Severe Storm,0,0,0
36115,Fire,0,0,0
36115,Hurricane,0,0,0
36115,Winter Storm,0,0,0
36115,Flood,0,0,0
36115,Tornado,0,0,0
36115,Tropical Storm,0,0,0
36115,Snowstorm,0,0,0
36115,Coastal Storm,0,0,0
36115,Severe Ice Storm,0,0,0
36117,Severe Storm,0,0,0
36117,Fire,0,0,0
36117,Hurricane,0,0,0
36117,Winter Storm,0,0,0
36117,Flood,0,0,0
36117,Tornado,0,0,0
36117,Tropical Storm,0,0,0
36117,Snowstorm,0,0,0
36117,Coastal Storm,0,0,0
36117,Severe Ice Storm,0,0,0
36119,Severe Storm,0,1,1
36119,Fire,0,1,1
36119,Hurricane,4,1,1
36119,Winter Storm,0,1,1
36119,Flood,1,1,1
36119,Tornado,0,1,1
36119,Tropical Storm,0,1,1
36119,Snowstorm,0,1,1
36119,Coastal Storm,0,1,1
36119,Severe Ice Storm,0,1,1
36121,Severe Storm,0,0,0
36121,Fire,0,0,0
36121,Hurricane,0,0,0
36121,Winter Storm,1,0,0
36121,Flood,0,0,0
36121,Tornado,0,0,0
36121,Tropical Storm,0,0,0
36121,Snowstorm,0,0,0
36121,Coastal Storm,0,0,0
36121,Severe Ice Storm,0,0,0
36123,Severe Storm,0,1,1
36123,Fire,0,1,1
36123,Hurricane,1,1,1
36123,Winter Storm,0,1,1
36123,Flood,0,1,1
36123,Tornado,0,1,1
36123,Tropical Storm,1,1,1
36123,Snowstorm,0,1,1
36123,Coastal Storm,0,1,1
36123,Severe Ice Storm,0,1,1
37001,Severe Storm,0,0,0
37001,Fire,0,0,0
37001,Hurricane,4,0,0
37001,Winter Storm,0,0,0
37001,Flood,0,0,0
37001,Tornado,0,0,0
37001,Tropical Storm,2,0,0
37001,Snowstorm,0,0,0
37001,Coastal Storm,0,0,0
37001,Severe Ice Storm,0,0,0
37003,Severe Storm,2,0,0
37003,Fire,0,0,0
37003,Hurricane,3,0,0
37003,Winter Storm,0,0,0
37003,Flood,0,0,0
37003,Tornado,0,0,0
37003,Tropical Storm,2,0,0
37003,Snowstorm,0,0,0
37003,Coastal Storm,0,0,0
37003,Severe Ice Storm,0,0,0
37005,Severe Storm,1,0,0
37005,Fire,0,0,0
37005,Hurricane,3,0,0
37005,Winter Storm,0,0,0
37005,Flood,0,0,0
37005,Tornado,0,0,0
37005,Tropical Storm,3,0,0
37005,Snowstorm,0,0,0
37005,Coastal Storm,0,0,0
37005,Severe Ice Storm,0,0,0
37007,Severe Storm,0,0,0
37007,Fire,0,0,0
37007,Hurricane,3,0,0
37007,Winter Storm,0,0,0
37007,Flood,0,0,0
37007,Tornado,0,0,0
37007,Tropical Storm,2,0,0
37007,Snowstorm,0,0,0
37007,Coastal Storm,0,0,0
37007,Severe Ice Storm,0,0,0
37009,Severe Storm,2,0,0
37009,Fire,0,0,0
37009,Hurricane,4,0,0
37009,Winter Storm,0,0,0
37009,Flood,0,0,0
37009,Tornado,0,0,0
37009,Tropical Storm,2,0,0
37009,Snowstorm,0,0,0
37009,Coastal Storm,0,0,0
37009,Severe Ice Storm,0,0,0
37011,Severe Storm,0,0,0
37011,Fire,0,0,0
37011,Hurricane,4,0,0
37011,Winter Storm,0,0,0
37011,Flood,0,0,0
37011,Tornado,0,0,0
37011,Tropical Storm,2,0,0
37011,Snowstorm,0,0,0
37011,Coastal Storm,0,0,0
37011,Severe Ice Storm,0,0,0
37013,Severe Storm,1,0,0
37013,Fire,0,0,0
37013,Hurricane,5,0,0
37013,Winter Storm,0,0,0
37013,Flood,0,0,0
37013,Tornado,0,0,0
37013,Tropical Storm,2,0,0
37013,Snowstorm,0,0,0
37013,Coastal Storm,0,0,0
37013,Severe Ice Storm,0,0,0
37015,Severe Storm,0,0,0
37015,Fire,0,0,0
37015,Hurricane,4,0,0
37015,Winter Storm,0,0,0
37015,Flood,0,0,0
37015,Tornado,0,0,0
37015,Tropical Storm,2,0,0
37015,Snowstorm,0,0,0
37015,Coastal Storm,0,0,0
37015,Severe Ice Storm,0,0,0
37017,Severe Storm,0,0,0
37017,Fire,0,0,0
37017,Hurricane,4,0,0
37017,Winter Storm,0,0,0
37017,Flood,0,0,0
37017,Tornado,0,0,0
37017,Tropical Storm,2,0,0
37017,Snowstorm,0,0,0
37017,Coastal Storm,0,0,0
37017,Severe Ice Storm,0,0,0
37019,Severe Storm,0,0,0
37019,Fire,0,0,0
37019,Hurricane,6,0,0
37019,Winter Storm,0,0,0
37019,Flood,0,0,0
37019,Tornado,0,0,0
37019,Tropical Storm,3,0,0
37019,Snowstorm,0,0,0
37019,Coastal Storm,0,0,0
37019,Severe Ice Storm,0,0,0
37021,Severe Storm,0,1,1
37021,Fire,0,1,1
37021,Hurricane,4,1,1
37021,Winter Storm,0,1,1
37021,Flood,0,1,1
37021,Tornado,0,1,1
37021,Tropical Storm,2,1,1
37021,Snowstorm,0,1,1
37021,Coastal Storm,0,1,1
37021,Severe Ice Storm,0,1,1
37023,Severe Storm,1,1,2
37023,Fire,0,1,2
37023,Hurricane,3,1,2
37023,Winter Storm,0,1,2
37023,Flood,0,1,2
37023,Tornado,0,1,2
37023,Tropical Storm,2,1,2
37023,Snowstorm,0,1,2
37023,Coastal Storm,0,1,2
37023,Severe Ice Storm,0,1,2
37025,Severe Storm,0,0,0
37025,Fire,0,0,0
37025,Hurricane,3,0,0
37025,Winter Storm,0,0,0
37025,Flood,0,0,0
37025,Tornado,0,0,0
37025,Tropical Storm,3,0,0
37025,Snowstorm,0,0,0
37025,Coastal Storm,0,0,0
37025,Severe Ice Storm,0,0,0
37027,Severe Storm,1,1,1
37027,Fire,0,1,1
37027,Hurricane,3,1,1
37027,Winter Storm,0,1,1
37027,Flood,0,1,1
37027,Tornado,0,1,1
37027,Tropical Storm,2,1,1
37027,Snowstorm,0,1,1
37027,Coastal Storm,0,1,1
37027,Severe Ice Storm,0,1,1
37029,Severe Storm,0,0,0
37029,Fire,0,0,0
37029,Hurricane,4,0,0
37029,Winter Storm,0,0,0
37029,Flood,0,0,0
37029,Tornado,0,0,0
37029,Tropical Storm,2,0,0
37029,Snowstorm,0,0,0
37029,Coastal Storm,0,0,0
37029,Severe Ice Storm,0,0,0
37031,Severe Storm,0,0,0
37031,Fire,0,0,0
37031,Hurricane,5,0,0
37031,Winter Storm,0,0,0
37031,Flood,0,0,0
37031,Tornado,0,0,0
37031,Tropical Storm,3,0,0
37031,Snowstorm,0,0,0
37031,Coastal Storm,0,0,0
37031,Severe Ice Storm,0,0,0
37033,Severe Storm,0,0,0
37033,Fire,0,0,0
37033,Hurricane,4,0,0
37033,Winter Storm,0,0,0
37033,Flood,0,0,0
37033,Tornado,0,0,0
37033,Tropical Storm,2,0,0
37033,Snowstorm,0,0,0
37033,Coastal Storm,0,0,0
37033,Severe Ice Storm,0,0,0
37035,Severe Storm,0,1,6
37035,Fire,0,1,6
37035,Hurricane,3,1,6
37035,Winter Storm,0,1,6
37035,Flood,0,1,6
37035,Tornado,0,1,6
37035,Tropical Storm,2,1,6
37035,Snowstorm,0,1,6
37035,Coastal Storm,0,1,6
37035,Severe Ice Storm,0,1,6
37037,Severe Storm,0,1,2
37037,Fire,0,1,2
37037,Hurricane,4,1,2
37037,Winter Storm,0,1,2
37037,Flood,0,1,2
37037,Tornado,0,1,2
37037,Tropical Storm,2,1,2
37037,Snowstorm,0,1,2
37037,Coastal Storm,0,1,2
37037,Severe Ice Storm,0,1,2
37039,Severe Storm,1,0,0
37039,Fire,0,0,0
37039,Hurricane,3,0,0
37039,Winter Storm,0,0,0
37039,Flood,0,0,0
37039,Tornado,0,0,0
37039,Tropical Storm,2,0,0
37039,Snowstorm,0,0,0
37039,Coastal Storm,0,0,0
37039,Severe Ice Storm,0,0,0
37041,Severe Storm,0,0,0
37041,Fire,0,0,0
37041,Hurricane,5,0,0
37041,Winter Storm,0,0,0
37041,Flood,0,0,0
37041,Tornado,0,0,0
37041,Tropical Storm,2,0,0
37041,Snowstorm,0,0,0
37041,Coastal Storm,0,0,0
37041,Severe Ice Storm,0,0,0
37043,Severe Storm,0,0,0
37043,Fire,0,0,0
37043,Hurricane,3,0,0
37043,Winter Storm,0,0,0
37043,Flood,0,0,0
37043,Tornado,0,0,0
37043,Tropical Storm,2,0,0
37043,Snowstorm,0,0,0
37043,Coastal Storm,0,0,0
37043,Severe Ice Storm,0,0,0
37045,Severe Storm,1,1,1
37045,Fire,0,1,1
37045,Hurricane,3,1,1
37045,Winter Storm,0,1,1
37045,Flood,0,1,1
37045,Tornado,0,1,1
37045,Tropical Storm,2,1,1
37045,Snowstorm,0,1,1
37045,Coastal Storm,0,1,1
37045,Severe Ice Storm,0,1,1
37047,Severe Storm,0,0,0
37047,Fire,0,0,0
37047,Hurricane,5,0,0
37047,Winter Storm,0,0,0
37047,Flood,0,0,0
37047,Tornado,0,0,0
37047,Tropical Storm,2,0,0
37047,Snowstorm,0,0,0
37047,Coastal Storm,0,0,0
37047,Severe Ice Storm,0,0,0
37049,Severe Storm,0,0,0
37049,Fire,0,0,0
37049,Hurricane,5,0,0
37049,Winter Storm,0,0,0
37049,Flood,0,0,0
37049,Tornado,0,0,0
37049,Tropical Storm,2,0,0
37049,Snowstorm,0,0,0
37049,Coastal Storm,0,0,0
37049,Severe Ice Storm,0,0,0
37051,Severe Storm,0,0,0
37051,Fire,0,0,0
37051,Hurricane,3,0,0
37051,Winter Storm,0,0,0
37051,Flood,0,0,0
37051,Tornado,0,0,0
37051,Tropical Storm,2,0,0
37051,Snowstorm,0,0,0
37051,Coastal Storm,0,0,0
37051,Severe Ice Storm,0,0,0
37053,Severe Storm,0,0,0
37053,Fire,0,0,0
37053,Hurricane,4,0,0
37053,Winter Storm,0,0,0
37053,Flood,0,0,0
37053,Tornado,0,0,0
37053,Tropical Storm,2,0,0
37053,Snowstorm,0,0,0
37053,Coastal Storm,0,0,0
37053,Severe Ice Storm,0,0,0
37055,Severe Storm,0,0,0
37055,Fire,0,0,0
37055,Hurricane,5,0,0
37055,Winter Storm,0,0,0
37055,Flood,0,0,0
37055,Tornado,0,0,0
37055,Tropical Storm,3,0,0
37055,Snowstorm,0,0,0
37055,Coastal Storm,0,0,0
37055,Severe Ice Storm,0,0,0
37057,Severe Storm,1,0,0
37057,Fire,0,0,0
37057,Hurricane,4,0,0
37057,Winter Storm,0,0,0
37057,Flood,0,0,0
37057,Tornado,0,0,0
37057,Tropical Storm,2,0,0
37057,Snowstorm,0,0,0
37057,Coastal Storm,0,0,0
37057,Severe Ice Storm,0,0,0
37059,Severe Storm,1,0,0
37059,Fire,0,0,0
37059,Hurricane,4,0,0
37059,Winter Storm,0,0,0
37059,Flood,0,0,0
37059,Tornado,0,0,0
37059,Tropical Storm,2,0,0
37059,Snowstorm,0,0,0
37059,Coastal Storm,0,0,0
37059,Severe Ice Storm,0,0,0
37061,Severe Storm,1,0,0
37061,Fire,0,0,0
37061,Hurricane,4,0,0
37061,Winter Storm,0,0,0
37061,Flood,0,0,0
37061,Tornado,0,0,0
37061,Tropical Storm,2,0,0
37061,Snowstorm,0,0,0
37061,Coastal Storm,0,0,0
37061,Severe Ice Storm,0,0,0
37063,Severe Storm,0,0,0
37063,Fire,0,0,0
37063,Hurricane,3,0,0
37063,Winter Storm,0,0,0
37063,Flood,0,0,0
37063,Tornado,0,0,0
37063,Tropical Storm,2,0,0
37063,Snowstorm,0,0,0
37063,Coastal Storm,0,0,0
37063,Severe Ice Storm,0,0,0
37065,Severe Storm,1,0,0
37065,Fire,0,0,0
37065,Hurricane,3,0,0
37065,Winter Storm,0,0,0
37065,Flood,0,0,0
37065,Tornado,0,0,0
37065,Tropical Storm,2,0,0
37065,Snowstorm,0,0,0
37065,Coastal Storm,0,0,0
37065,Severe Ice Storm,0,0,0
37067,Severe Storm,0,0,0
37067,Fire,0,0,0
37067,Hurricane,4,0,0
37067,Winter Storm,0,0,0
37067,Flood,0,0,0
37067,Tornado,0,0,0
37067,Tropical Storm,3,0,0
37067,Snowstorm,0,0,0
37067,Coastal Storm,0,0,0
37067,Severe Ice Storm,0,0,0
37069,Severe Storm,0,0,0
37069,Fire,0,0,0
37069,Hurricane,3,0,0
37069,Winter Storm,0,0,0
37069,Flood,0,0,0
37069,Tornado,0,0,0
37069,Tropical Storm,2,0,0
37069,Snowstorm,0,0,0
37069,Coastal Storm,0,0,0
37069,Severe Ice Storm,0,0,0
37071,Severe Storm,1,1,1
37071,Fire,0,1,1
37071,Hurricane,3,1,1
37071,Winter Storm,0,1,1
37071,Flood,0,1,1
37071,Tornado,0,1,1
37071,Tropical Storm,2,1,1
37071,Snowstorm,0,1,1
37071,Coastal Storm,0,1,1
37071,Severe Ice Storm,0,1,1
37073,Severe Storm,0,0,0
37073,Fire,0,0,0
37073,Hurricane,3,0,0
37073,Winter Storm,0,0,0
37073,Flood,0,0,0
37073,Tornado,0,0,0
37073,Tropical Storm,2,0,0
37073,Snowstorm,0,0,0
37073,Coastal Storm,0,0,0
37073,Severe Ice Storm,0,0,0
37075,Severe Storm,1,0,0
37075,Fire,0,0,0
37075,Hurricane,4,0,0
37075,Winter Storm,0,0,0
37075,Flood,0,0,0
37075,Tornado,0,0,0
37075,Tropical Storm,2,0,0
37075,Snowstorm,0,0,0
37075,Coastal Storm,0,0,0
37075,Severe Ice Storm,0,0,0
37077,Severe Storm,0,0,0
37077,Fire,0,0,0
37077,Hurricane,4,0,0
37077,Winter Storm,0,0,0
37077,Flood,0,0,0
37077,Tornado,0,0,0
37077,Tropical Storm,2,0,0
37077,Snowstorm,0,0,0
37077,Coastal Storm,0,0,0
37077,Severe Ice Storm,0,0,0
37079,Severe Storm,0,0,0
37079,Fire,0,0,0
37079,Hurricane,4,0,0
37079,Winter Storm,0,0,0
37079,Flood,0,0,0
37079,Tornado,0,0,0
37079,Tropical Storm,2,0,0
37079,Snowstorm,0,0,0
37079,Coastal Storm,0,0,0
37079,Severe Ice Storm,0,0,0
37081,Severe Storm,0,1,1
37081,Fire,0,1,1
37081,Hurricane,3,1,1
37081,Winter Storm,0,1,1
37081,Flood,0,1,1
37081,Tornado,0,1,1
37081,Tropical Storm,2,1,1
37081,Snowstorm,0,1,1
37081,Coastal Storm,0,1,1
37081,Severe Ice Storm,0,1,1
37083,Severe Storm,0,0,0
37083,Fire,0,0,0
37083,Hurricane,3,0,0
37083,Winter Storm,0,0,0
37083,Flood,0,0,0
37083,Tornado,0,0,0
37083,Tropical Storm,2,0,0
37083,Snowstorm,0,0,0
37083,Coastal Storm,0,0,0
37083,Severe Ice Storm,0,0,0
37085,Severe Storm,0,0,0
37085,Fire,0,0,0
37085,Hurricane,3,0,0
37085,Winter Storm,0,0,0
37085,Flood,0,0,0
37085,Tornado,0,0,0
37085,Tropical Storm,2,0,0
37085,Snowstorm,0,0,0
37085,Coastal Storm,0,0,0
37085,Severe Ice Storm,0,0,0
37087,Severe Storm,0,0,0
37087,Fire,0,0,0
37087,Hurricane,4,0,0
37087,Winter Storm,0,0,0
37087,Flood,0,0,0
37087,Tornado,0,0,0
37087,Tropical Storm,2,0,0
37087,Snowstorm,0,0,0
37087,Coastal Storm,0,0,0
37087,Severe Ice Storm,0,0,0
37089,Severe Storm,0,0,0
37089,Fire,0,0,0
37089,Hurricane,3,0,0
37089,Winter Storm,0,0,0
37089,Flood,0,0,0
37089,Tornado,0,0,0
37089,Tropical Storm,2,0,0
37089,Snowstorm,0,0,0
37089,Coastal Storm,0,0,0
37089,Severe Ice Storm,0,0,0
37091,Severe Storm,1,0,0
37091,Fire,0,0,0
37091,Hurricane,4,0,0
37091,Winter Storm,0,0,0
37091,Flood,0,0,0
37091,Tornado,0,0,0
37091,Tropical Storm,2,0,0
37091,Snowstorm,0,0,0
37091,Coastal Storm,0,0,0
37091,Severe Ice Storm,0,0,0
37093,Severe Storm,0,0,0
37093,Fire,0,0,0
37093,Hurricane,4,0,0
37093,Winter Storm,0,0,0
37093,Flood,0,0,0
37093,Tornado,0,0,0
37093,Tropical Storm,2,0,0
37093,Snowstorm,0,0,0
37093,Coastal Storm,0,0,0
37093,Severe Ice Storm,0,0,0
37095,Severe Storm,0,0,0
37095,Fire,0,0,0
37095,Hurricane,6,0,0
37095,Winter Storm,0,0,0
37095,Flood,0,0,0
37095,Tornado,0,0,0
37095,Tropical Storm,2,0,0
37095,Snowstorm,0,0,0
37095,Coastal Storm,0,0,0
37095,Severe Ice Storm,0,0,0
37097,Severe Storm,1,1,2
37097,Fire,0,1,2
37097,Hurricane,4,1,2
37097,Winter Storm,0,1,2
37097,Flood,0,1,2
37097,Tornado,0,1,2
37097,Tropical Storm,3,1,2
37097,Snowstorm,0,1,2
37097,Coastal Storm,0,1,2
37097,Severe Ice Storm,0,1,2
37099,Severe Storm,0,0,0
37099,Fire,0,0,0
37099,Hurricane,4,0,0
37099,Winter Storm,0,0,0
37099,Flood,0,0,0
37099,Tornado,0,0,0
37099,Tropical Storm,2,0,0
37099,Snowstorm,0,0,0
37099,Coastal Storm,0,0,0
37099,Severe Ice Storm,0,0,0
37101,Severe Storm,0,0,0
37101,Fire,0,0,0
37101,Hurricane,3,0,0
37101,Winter Storm,0,0,0
37101,Flood,0,0,0
37101,Tornado,0,0,0
37101,Tropical Storm,2,0,0
37101,Snowstorm,0,0,0
37101,Coastal Storm,0,0,0
37101,Severe Ice Storm,0,0,0
37103,Severe Storm,0,0,0
37103,Fire,0,0,0
37103,Hurricane,5,0,0
37103,Winter Storm,0,0,0
37103,Flood,0,0,0
37103,Tornado,0,0,0
37103,Tropical Storm,2,0,0
37103,Snowstorm,0,0,0
37103,Coastal Storm,0,0,0
37103,Severe Ice Storm,0,0,0
37105,Severe Storm,0,0,0
37105,Fire,0,0,0
37105,Hurricane,3,0,0
37105,Winter Storm,0,0,0
37105,Flood,0,0,0
37105,Tornado,0,0,0
37105,Tropical Storm,3,0,0
37105,Snowstorm,0,0,0
37105,Coastal Storm,0,0,0
37105,Severe Ice Storm,0,0,0
37107,Severe Storm,0,0,0
37107,Fire,0,0,0
37107,Hurricane,5,0,0
37107,Winter Storm,0,0,0
37107,Flood,0,0,0
37107,Tornado,0,0,0
37107,Tropical Storm,2,0,0
37107,Snowstorm,0,0,0
37107,Coastal Storm,0,0,0
37107,Severe Ice Storm,0,0,0
37109,Severe Storm,0,1,2
37109,Fire,0,1,2
37109,Hurricane,3,1,2
37109,Winter Storm,0,1,2
37109,Flood,0,1,2
37109,Tornado,0,1,2
37109,Tropical Storm,2,1,2
37109,Snowstorm,0,1,2
37109,Coastal Storm,0,1,2
37109,Severe Ice Storm,0,1,2
37111,Severe Storm,0,0,0
37111,Fire,0,0,0
37111,Hurricane,4,0,0
37111,Winter Storm,0,0,0
37111,Flood,0,0,0
37111,Tornado,0,0,0
37111,Tropical Storm,2,0,0
37111,Snowstorm,0,0,0
37111,Coastal Storm,0,0,0
37111,Severe Ice Storm,0,0,0
37113,Severe Storm,0,0,0
37113,Fire,0,0,0
37113,Hurricane,3,0,0
37113,Winter Storm,0,0,0
37113,Flood,0,0,0
37113,Tornado,0,0,0
37113,Tropical Storm,2,0,0
37113,Snowstorm,0,0,0
37113,Coastal Storm,0,0,0
37113,Severe Ice Storm,0,0,0
37115,Severe Storm,1,0,0
37115,Fire,0,0,0
37115,Hurricane,4,0,0
37115,Winter Storm,0,0,0
37115,Flood,0,0,0
37115,Tornado,0,0,0
37115,Tropical Storm,2,0,0
37115,Snowstorm,0,0,0
37115,Coastal Storm,0,0,0
37115,Severe Ice Storm,0,0,0
37117,Severe Storm,0,0,0
37117,Fire,0,0,0
37117,Hurricane,3,0,0
37117,Winter Storm,0,0,0
37117,Flood,0,0,0
37117,Tornado,0,0,0
37117,Tropical Storm,2,0,0
37117,Snowstorm,0,0,0
37117,Coastal Storm,0,0,0
37117,Severe Ice Storm,0,0,0
37119,Severe Storm,0,1,3
37119,Fire,0,1,3
37119,Hurricane,3,1,3
37119,Winter Storm,0,1,3
37119,Flood,0,1,3
37119,Tornado,0,1,3
37119,Tropical Storm,3,1,3
37119,Snowstorm,0,1,3
37119,Coastal Storm,0,1,3
37119,Severe Ice Storm,0,1,3
37121,Severe Storm,1,0,0
37121,Fire,0,0,0
37121,Hurricane,4,0,0
37121,Winter Storm,0,0,0
37121,Flood,0,0,0
37121,Tornado,0,0,0
37121,Tropical Storm,2,0,0
37121,Snowstorm,0,0,0
37121,Coastal Storm,0,0,0
37121,Severe Ice Storm,0,0,0
37123,Severe Storm,0,0,0
37123,Fire,0,0,0
37123,Hurricane,4,0,0
37123,Winter Storm,0,0,0
37123,Flood,0,0,0
37123,Tornado,0,0,0
37123,Tropical Storm,2,0,0
37123,Snowstorm,0,0,0
37123,Coastal Storm,0,0,0
37123,Severe Ice Storm,0,0,0
37125,Severe Storm,0,0,0
37125,Fire,0,0,0
37125,Hurricane,3,0,0
37125,Winter Storm,0,0,0
37125,Flood,0,0,0
37125,Tornado,0,0,0
37125,Tropical Storm,2,0,0
37125,Snowstorm,0,0,0
37125,Coastal Storm,0,0,0
37125,Severe Ice Storm,0,0,0
37127,Severe Storm,0,0,0
37127,Fire,0,0,0
37127,Hurricane,3,0,0
37127,Winter Storm,0,0,0
37127,Flood,0,0,0
37127,Tornado,0,0,0
37127,Tropical Storm,3,0,0
37127,Snowstorm,0,0,0
37127,Coastal Storm,0,0,0
37127,Severe Ice Storm,0,0,0
37129,Severe Storm,0,0,0
37129,Fire,0,0,0
37129,Hurricane,5,0,0
37129,Winter Storm,0,0,0
37129,Flood,0,0,0
37129,Tornado,0,0,0
37129,Tropical Storm,3,0,0
37129,Snowstorm,0,0,0
37129,Coastal Storm,0,0,0
37129,Severe Ice Storm,0,0,0
37131,Severe Storm,0,0,0
37131,Fire,0,0,0
37131,Hurricane,3,0,0
37131,Winter Storm,0,0,0
37131,Flood,0,0,0
37131,Tornado,0,0,0
37131,Tropical Storm,2,0,0
37131,Snowstorm,0,0,0
37131,Coastal Storm,0,0,0
37131,Severe Ice Storm,0,0,0
37133,Severe Storm,0,0,0
37133,Fire,0,0,0
37133,Hurricane,5,0,0
37133,Winter Storm,0,0,0
37133,Flood,0,0,0
37133,Tornado,0,0,0
37133,Tropical Storm,3,0,0
37133,Snowstorm,0,0,0
37133,Coastal Storm,0,0,0
37133,Severe Ice Storm,0,0,0
37135,Severe Storm,0,0,0
37135,Fire,0,0,0
37135,Hurricane,4,0,0
37135,Winter Storm,0,0,0
37135,Flood,0,0,0
37135,Tornado,0,0,0
37135,Tropical Storm,2,0,0
37135,Snowstorm,0,0,0
37135,Coastal Storm,0,0,0
37135,Severe Ice Storm,0,0,0
37137,Severe Storm,0,0,0
37137,Fire,0,0,0
37137,Hurricane,5,0,0
37137,Winter Storm,0,0,0
37137,Flood,0,0,0
37137,Tornado,0,0,0
37137,Tropical Storm,2,0,0
37137,Snowstorm,0,0,0
37137,Coastal Storm,0,0,0
37137,Severe Ice Storm,0,0,0
37139,Severe Storm,0,0,0
37139,Fire,0,0,0
37139,Hurricane,4,0,0
37139,Winter Storm,0,0,0
37139,Flood,0,0,0
37139,Tornado,0,0,0
37139,Tropical Storm,2,0,0
37139,Snowstorm,0,0,0
37139,Coastal Storm,0,0,0
37139,Severe Ice Storm,0,0,0
37141,Severe Storm,1,0,0
37141,Fire,0,0,0
37141,Hurricane,5,0,0
37141,Winter Storm,0,0,0
37141,Flood,0,0,0
37141,Tornado,0,0,0
37141,Tropical Storm,2,0,0
37141,Snowstorm,0,0,0
37141,Coastal Storm,0,0,0
37141,Severe Ice Storm,0,0,0
37143,Severe Storm,1,0,0
37143,Fire,0,0,0
37143,Hurricane,4,0,0
37143,Winter Storm,0,0,0
37143,Flood,0,0,0
37143,Tornado,0,0,0
37143,Tropical Storm,2,0,0
37143,Snowstorm,0,0,0
37143,Coastal Storm,0,0,0
37143,Severe Ice Storm,0,0,0
37145,Severe Storm,0,0,0
37145,Fire,0,0,0
37145,Hurricane,4,0,0
37145,Winter Storm,0,0,0
37145,Flood,0,0,0
37145,Tornado,0,0,0
37145,Tropical Storm,2,0,0
37145,Snowstorm,0,0,0
37145,Coastal Storm,0,0,0
37145,Severe Ice Storm,0,0,0
37147,Severe Storm,0,0,0
37147,Fire,0,0,0
37147,Hurricane,5,0,0
37147,Winter Storm,0,0,0
37147,Flood,0,0,0
37147,Tornado,0,0,0
37147,Tropical Storm,2,0,0
37147,Snowstorm,0,0,0
37147,Coastal Storm,0,0,0
37147,Severe Ice Storm,0,0,0
37149,Severe Storm,1,0,0
37149,Fire,0,0,0
37149,Hurricane,3,0,0
37149,Winter Storm,0,0,0
37149,Flood,0,0,0
37149,Tornado,0,0,0
37149,Tropical Storm,2,0,0
37149,Snowstorm,0,0,0
37149,Coastal Storm,0,0,0
37149,Severe Ice Storm,0,0,0
37151,Severe Storm,1,0,0
37151,Fire,0,0,0
37151,Hurricane,4,0,0
37151,Winter Storm,0,0,0
37151,Flood,0,0,0
37151,Tornado,0,0,0
37151,Tropical Storm,2,0,0
37151,Snowstorm,0,0,0
37151,Coastal Storm,0,0,0
37151,Severe Ice Storm,0,0,0
37153,Severe Storm,0,0,0
37153,Fire,0,0,0
37153,Hurricane,3,0,0
37153,Winter Storm,0,0,0
37153,Flood,0,0,0
37153,Tornado,0,0,0
37153,Tropical Storm,2,0,0
37153,Snowstorm,0,0,0
37153,Coastal Storm,0,0,0
37153,Severe Ice Storm,0,0,0
37155,Severe Storm,1,0,0
37155,Fire,0,0,0
37155,Hurricane,4,0,0
37155,Winter Storm,0,0,0
37155,Flood,0,0,0
37155,Tornado,0,0,0
37155,Tropical Storm,2,0,0
37155,Snowstorm,0,0,0
37155,Coastal Storm,0,0,0
37155,Severe Ice Storm,0,0,0
37157,Severe Storm,0,1,1
37157,Fire,0,1,1
37157,Hurricane,4,1,1
37157,Winter Storm,0,1,1
37157,Flood,0,1,1
37157,Tornado,0,1,1
37157,Tropical Storm,2,1,1
37157,Snowstorm,0,1,1
37157,Coastal Storm,0,1,1
37157,Severe Ice Storm,0,1,1
37159,Severe Storm,1,1,1
37159,Fire,0,1,1
37159,Hurricane,3,1,1
37159,Winter Storm,0,1,1
37159,Flood,0,1,1
37159,Tornado,0,1,1
37159,Tropical Storm,3,1,1
37159,Snowstorm,0,1,1
37159,Coastal Storm,0,1,1
37159,Severe Ice Storm,0,1,1
37161,Severe Storm,1,1,1
37161,Fire,0,1,1
37161,Hurricane,3,1,1
37161,Winter Storm,0,1,1
37161,Flood,0,1,1
37161,Tornado,0,1,1
37161,Tropical Storm,2,1,1
37161,Snowstorm,0,1,1
37161,Coastal Storm,0,1,1
37161,Severe Ice Storm,0,1,1
37163,Severe Storm,1,0,0
37163,Fire,0,0,0
37163,Hurricane,4,0,0
37163,Winter Storm,0,0,0
37163,Flood,0,0,0
37163,Tornado,0,0,0
37163,Tropical Storm,2,0,0
37163,Snowstorm,0,0,0
37163,Coastal Storm,0,0,0
37163,Severe Ice Storm,0,0,0
37165,Severe Storm,0,0,0
37165,Fire,0,0,0
37165,Hurricane,3,0,0
37165,Winter Storm,0,0,0
37165,Flood,0,0,0
37165,Tornado,0,0,0
37165,Tropical Storm,2,0,0
37165,Snowstorm,0,0,0
37165,Coastal Storm,0,0,0
37165,Severe Ice Storm,0,0,0
37167,Severe Storm,1,0,0
37167,Fire,0,0,0
37167,Hurricane,3,0,0
37167,Winter Storm,0,0,0
37167,Flood,0,0,0
37167,Tornado,0,0,0
37167,Tropical Storm,3,0,0
37167,Snowstorm,0,0,0
37167,Coastal Storm,0,0,0
37167,Severe Ice Storm,0,0,0
37169,Severe Storm,2,1,1
37169,Fire,0,1,1
37169,Hurricane,4,1,1
37169,Winter Storm,0,1,1
37169,Flood,0,1,1
37169,Tornado,0,1,1
37169,Tropical Storm,3,1,1
37169,Snowstorm,0,1,1
37169,Coastal Storm,0,1,1
37169,Severe Ice Storm,0,1,1
37171,Severe Storm,0,0,0
37171,Fire,0,0,0
37171,Hurricane,4,0,0
37171,Winter Storm,0,0,0
37171,Flood,0,0,0
37171,Tornado,0,0,0
37171,Tropical Storm,3,0,0
37171,Snowstorm,0,0,0
37171,Coastal Storm,0,0,0
37171,Severe Ice Storm,0,0,0
37173,Severe Storm,1,0,0
37173,Fire,0,0,0
37173,Hurricane,3,0,0
37173,Winter Storm,0,0,0
37173,Flood,0,0,0
37173,Tornado,0,0,0
37173,Tropical Storm,2,0,0
37173,Snowstorm,0,0,0
37173,Coastal Storm,0,0,0
37173,Severe Ice Storm,0,0,0
37175,Severe Storm,0,0,0
37175,Fire,0,0,0
37175,Hurricane,4,0,0
37175,Winter Storm,0,0,0
37175,Flood,0,0,0
37175,Tornado,0,0,0
37175,Tropical Storm,2,0,0
37175,Snowstorm,0,0,0
37175,Coastal Storm,0,0,0
37175,Severe Ice Storm,0,0,0
37177,Severe Storm,0,0,0
37177,Fire,0,0,0
37177,Hurricane,4,0,0
37177,Winter Storm,0,0,0
37177,Flood,0,0,0
37177,Tornado,0,0,0
37177,Tropical Storm,2,0,0
37177,Snowstorm,0,0,0
37177,Coastal Storm,0,0,0
37177,Severe Ice Storm,0,0,0
37179,Severe Storm,0,1,1
37179,Fire,0,1,1
37179,Hurricane,3,1,1
37179,Winter Storm,0,1,1
37179,Flood,0,1,1
37179,Tornado,0,1,1
37179,Tropical Storm,3,1,1
37179,Snowstorm,0,1,1
37179,Coastal Storm,0,1,1
37179,Severe Ice Storm,0,1,1
37181,Severe Storm,0,0,0
37181,Fire,0,0,0
37181,Hurricane,4,0,0
37181,Winter Storm,0,0,0
37181,Flood,0,0,0
37181,Tornado,0,0,0
37181,Tropical Storm,2,0,0
37181,Snowstorm,0,0,0
37181,Coastal Storm,0,0,0
37181,Severe Ice Storm,0,0,0
37183,Severe Storm,0,1,3
37183,Fire,0,1,3
37183,Hurricane,3,1,3
37183,Winter Storm,0,1,3
37183,Flood,0,1,3
37183,Tornado,0,1,3
37183,Tropical Storm,2,1,3
37183,Snowstorm,0,1,3
37183,Coastal Storm,0,1,3
37183,Severe Ice Storm,0,1,3
37185,Severe Storm,0,0,0
37185,Fire,0,0,0
37185,Hurricane,3,0,0
37185,Winter Storm,0,0,0
37185,Flood,0,0,0
37185,Tornado,0,0,0
37185,Tropical Storm,2,0,0
37185,Snowstorm,0,0,0
37185,Coastal Storm,0,0,0
37185,Severe Ice Storm,0,0,0
37187,Severe Storm,0,0,0
37187,Fire,0,0,0
37187,Hurricane,4,0,0
37187,Winter Storm,0,0,0
37187,Flood,0,0,0
37187,Tornado,0,0,0
37187,Tropical Storm,2,0,0
37187,Snowstorm,0,0,0
37187,Coastal Storm,0,0,0
37187,Severe Ice Storm,0,0,0
37189,Severe Storm,0,1,1
37189,Fire,0,1,1
37189,Hurricane,4,1,1
37189,Winter Storm,0,1,1
37189,Flood,0,1,1
37189,Tornado,0,1,1
37189,Tropical Storm,2,1,1
37189,Snowstorm,0,1,1
37189,Coastal Storm,0,1,1
37189,Severe Ice Storm,0,1,1
37191,Severe Storm,1,0,0
37191,Fire,0,0,0
37191,Hurricane,4,0,0
37191,Winter Storm,0,0,0
37191,Flood,0,0,0
37191,Tornado,0,0,0
37191,Tropical Storm,2,0,0
37191,Snowstorm,0,0,0
37191,Coastal Storm,0,0,0
37191,Severe Ice Storm,0,0,0
37193,Severe Storm,1,1,1
37193,Fire,0,1,1
37193,Hurricane,3,1,1
37193,Winter Storm,0,1,1
37193,Flood,0,1,1
37193,Tornado,0,1,1
37193,Tropical Storm,3,1,1
37193,Snowstorm,0,1,1
37193,Coastal Storm,0,1,1
37193,Severe Ice Storm,0,1,1
37195,Severe Storm,1,0,0
37195,Fire,0,0,0
37195,Hurricane,3,0,0
37195,Winter Storm,0,0,0
37195,Flood,0,0,0
37195,Tornado,0,0,0
37195,Tropical Storm,2,0,0
37195,Snowstorm,0,0,0
37195,Coastal Storm,0,0,0
37195,Severe Ice Storm,0,0,0
37197,Severe Storm,2,0,0
37197,Fire,0,0,0
37197,Hurricane,4,0,0
37197,Winter Storm,0,0,0
37197,Flood,0,0,0
37197,Tornado,0,0,0
37197,Tropical Storm,3,0,0
37197,Snowstorm,0,0,0
37197,Coastal Storm,0,0,0
37197,Severe Ice Storm,0,0,0
37199,Severe Storm,1,0,0
37199,Fire,0,0,0
37199,Hurricane,4,0,0
37199,Winter Storm,0,0,0
37199,Flood,0,0,0
37199,Tornado,0,0,0
37199,Tropical Storm,2,0,0
37199,Snowstorm,0,0,0
37199,Coastal Storm,0,0,0
37199,Severe Ice Storm,0,0,0
38001,Severe Storm,1,0,0
38001,Fire,0,0,0
38001,Hurricane,0,0,0
38001,Winter Storm,0,0,0
38001,Flood,1,0,0
38001,Tornado,0,0,0
38001,Tropical Storm,0,0,0
38001,Snowstorm,0,0,0
38001,Coastal Storm,0,0,0
38001,Severe Ice Storm,0,0,0
38003,Severe Storm,1,0,0
38003,Fire,0,0,0
38003,Hurricane,0,0,0
38003,Winter Storm,1,0,0
38003,Flood,4,0,0
38003,Tornado,0,0,0
38003,Tropical Storm,0,0,0
38003,Snowstorm,0,0,0
38003,Coastal Storm,0,0,0
38003,Severe Ice Storm,0,0,0
38005,Severe Storm,1,0,0
38005,Fire,0,0,0
38005,Hurricane,0,0,0
38005,Winter Storm,0,0,0
38005,Flood,0,0,0
38005,Tornado,0,0,0
38005,Tropical Storm,0,0,0
38005,Snowstorm,0,0,0
38005,Coastal Storm,0,0,0
38005,Severe Ice Storm,0,0,0
38007,Severe Storm,1,0,0
38007,Fire,0,0,0
38007,Hurricane,0,0,0
38007,Winter Storm,0,0,0
38007,Flood,0,0,0
38007,Tornado,0,0,0
38007,Tropical Storm,0,0,0
38007,Snowstorm,0,0,0
38007,Coastal Storm,0,0,0
38007,Severe Ice Storm,0,0,0
38009,Severe Storm,1,0,0
38009,Fire,0,0,0
38009,Hurricane,0,0,0
38009,Winter Storm,0,0,0
38009,Flood,0,0,0
38009,Tornado,0,0,0
38009,Tropical Storm,0,0,0
38009,Snowstorm,0,0,0
38009,Coastal Storm,0,0,0
38009,Severe Ice Storm,0,0,0
38011,Severe Storm,0,0,0
38011,Fire,0,0,0
38011,Hurricane,0,0,0
38011,Winter Storm,0,0,0
38011,Flood,0,0,0
38011,Tornado,0,0,0
38011,Tropical Storm,0,0,0
38011,Snowstorm,0,0,0
38011,Coastal Storm,0,0,0
38011,Severe Ice Storm,0,0,0
38013,Severe Storm,2,0,0
38013,Fire,0,0,0
38013,Hurricane,0,0,0
38013,Winter Storm,0,0,0
38013,Flood,1,0,0
38013,Tornado,0,0,0
38013,Tropical Storm,0,0,0
38013,Snowstorm,0,0,0
38013,Coastal Storm,0,0,0
38013,Severe Ice Storm,0,0,0
38015,Severe Storm,0,1,1
38015,Fire,0,1,1
38015,Hurricane,0,1,1
38015,Winter Storm,0,1,1
38015,Flood,0,1,1
38015,Tornado,0,1,1
38015,Tropical Storm,0,1,1
38015,Snowstorm,0,1,1
38015,Coastal Storm,0,1,1
38015,Severe Ice Storm,0,1,1
38017,Severe Storm,0,1,1
38017,Fire,0,1,1
38017,Hurricane,0,1,1
38017,Winter Storm,1,1,1
38017,Flood,2,1,1
38017,Tornado,0,1,1
38017,Tropical Storm,0,1,1
38017,Snowstorm,0,1,1
38017,Coastal Storm,0,1,1
38017,Severe Ice Storm,0,1,1
38019,Severe Storm,1,0,0
38019,Fire,0,0,0
38019,Hurricane,0,0,0
38019,Winter Storm,0,0,0
38019,Flood,0,0,0
38019,Tornado,0,0,0
38019,Tropical Storm,0,0,0
38019,Snowstorm,0,0,0
38019,Coastal Storm,0,0,0
38019,Severe Ice Storm,0,0,0
38021,Severe Storm,1,1,1
38021,Fire,0,1,1
38021,Hurricane,0,1,1
38021,Winter Storm,1,1,1
38021,Flood,4,1,1
38021,Tornado,0,1,1
38021,Tropical Storm,0,1,1
38021,Snowstorm,1,1,1
38021,Coastal Storm,0,1,1
38021,Severe Ice Storm,0,1,1
38023,Severe Storm,2,0,0
38023,Fire,0,0,0
38023,Hurricane,0,0,0
38023,Winter Storm,0,0,0
38023,Flood,0,0,0
38023,Tornado,0,0,0
38023,Tropical Storm,0,0,0
38023,Snowstorm,0,0,0
38023,Coastal Storm,0,0,0
38023,Severe Ice Storm,0,0,0
38025,Severe Storm,1,0,0
38025,Fire,0,0,0
38025,Hurricane,0,0,0
38025,Winter Storm,0,0,0
38025,Flood,1,0,0
38025,Tornado,0,0,0
38025,Tropical Storm,0,0,0
38025,Snowstorm,0,0,0
38025,Coastal Storm,0,0,0
38025,Severe Ice Storm,0,0,0
38027,Severe Storm,0,0,0
38027,Fire,0,0,0
38027,Hurricane,0,0,0
38027,Winter Storm,0,0,0
38027,Flood,1,0,0
38027,Tornado,0,0,0
38027,Tropical Storm,0,0,0
38027,Snowstorm,0,0,0
38027,Coastal Storm,0,0,0
38027,Severe Ice Storm,0,0,0
38029,Severe Storm,1,0,0
38029,Fire,0,0,0
38029,Hurricane,0,0,0
38029,Winter Storm,0,0,0
38029,Flood,2,0,0
38029,Tornado,0,0,0
38029,Tropical Storm,0,0,0
38029,Snowstorm,0,0,0
38029,Coastal Storm,0,0,0
38029,Severe Ice Storm,0,0,0
38031,Severe Storm,1,0,0
38031,Fire,0,0,0
38031,Hurricane,0,0,0
38031,Winter Storm,0,0,0
38031,Flood,2,0,0
38031,Tornado,0,0,0
38031,Tropical Storm,0,0,0
38031,Snowstorm,0,0,0
38031,Coastal Storm,0,0,0
38031,Severe Ice Storm,0,0,0
38033,Severe Storm,1,0,0
38033,Fire,0,0,0
38033,Hurricane,0,0,0
38033,Winter Storm,0,0,0
38033,Flood,1,0,0
38033,Tornado,0,0,0
38033,Tropical Storm,0,0,0
38033,Snowstorm,0,0,0
38033,Coastal Storm,0,0,0
38033,Severe Ice Storm,0,0,0
38035,Severe Storm,2,0,0
38035,Fire,0,0,0
38035,Hurricane,0,0,0
38035,Winter Storm,0,0,0
38035,Flood,4,0,0
38035,Tornado,0,0,0
38035,Tropical Storm,0,0,0
38035,Snowstorm,0,0,0
38035,Coastal Storm,0,0,0
38035,Severe Ice Storm,0,0,0
38037,Severe Storm,2,0,0
38037,Fire,0,0,0
38037,Hurricane,0,0,0
38037,Winter Storm,1,0,0
38037,Flood,1,0,0
38037,Tornado,0,0,0
38037,Tropical Storm,0,0,0
38037,Snowstorm,0,0,0
38037,Coastal Storm,0,0,0
38037,Severe Ice Storm,0,0,0
38039,Severe Storm,1,0,0
38039,Fire,0,0,0
38039,Hurricane,0,0,0
38039,Winter Storm,0,0,0
38039,Flood,1,0,0
38039,Tornado,0,0,0
38039,Tropical Storm,0,0,0
38039,Snowstorm,0,0,0
38039,Coastal Storm,0,0,0
38039,Severe Ice Storm,0,0,0
38041,Severe Storm,1,0,0
38041,Fire,0,0,0
38041,Hurricane,0,0,0
38041,Winter Storm,0,0,0
38041,Flood,2,0,0
38041,Tornado,0,0,0
38041,Tropical Storm,0,0,0
38041,Snowstorm,0,0,0
38041,Coastal Storm,0,0,0
38041,Severe Ice Storm,0,0,0
38043,Severe Storm,2,0,0
38043,Fire,0,0,0
38043,Hurricane,0,0,0
38043,Winter Storm,0,0,0
38043,Flood,2,0,0
38043,Tornado,0,0,0
38043,Tropical Storm,0,0,0
38043,Snowstorm,1,0,0
38043,Coastal Storm,0,0,0
38043,Severe Ice Storm,0,0,0
38045,Severe Storm,2,0,0
38045,Fire,0,0,0
38045,Hurricane,0,0,0
38045,Winter Storm,1,0,0
38045,Flood,4,0,0
38045,Tornado,0,0,0
38045,Tropical Storm,0,0,0
38045,Snowstorm,0,0,0
38045,Coastal Storm,0,0,0
38045,Severe Ice Storm,0,0,0
38047,Severe Storm,1,0,0
38047,Fire,0,0,0
38047,Hurricane,0,0,0
38047,Winter Storm,1,0,0
38047,Flood,3,0,0
38047,Tornado,0,0,0
38047,Tropical Storm,0,0,0
38047,Snowstorm,0,0,0
38047,Coastal Storm,0,0,0
38047,Severe Ice Storm,0,0,0
38049,Severe Storm,1,0,0
38049,Fire,0,0,0
38049,Hurricane,0,0,0
38049,Winter Storm,0,0,0
38049,Flood,1,0,0
38049,Tornado,0,0,0
38049,Tropical Storm,0,0,0
38049,Snowstorm,0,0,0
38049,Coastal Storm,0,0,0
38049,Severe Ice Storm,0,0,0
38051,Severe Storm,1,0,0
38051,Fire,0,0,0
38051,Hurricane,0,0,0
38051,Winter Storm,1,0,0
38051,Flood,1,0,0
38051,Tornado,0,0,0
38051,Tropical Storm,0,0,0
38051,Snowstorm,0,0,0
38051,Coastal Storm,0,0,0
38051,Severe Ice Storm,0,0,0
38053,Severe Storm,3,0,0
38053,Fire,3,0,0
38053,Hurricane,0,0,0
38053,Winter Storm,0,0,0
38053,Flood,1,0,0
38053,Tornado,0,0,0
38053,Tropical Storm,0,0,0
38053,Snowstorm,0,0,0
38053,Coastal Storm,0,0,0
38053,Severe Ice Storm,0,0,0
38055,Severe Storm,1,0,0
38055,Fire,0,0,0
38055,Hurricane,0,0,0
38055,Winter Storm,0,0,0
38055,Flood,0,0,0
38055,Tornado,0,0,0
38055,Tropical Storm,0,0,0
38055,Snowstorm,0,0,0
38055,Coastal Storm,0,0,0
38055,Severe Ice Storm,0,0,0
38057,Severe Storm,0,0,0
38057,Fire,0,0,0
38057,Hurricane,0,0,0
38057,Winter Storm,0,0,0
38057,Flood,1,0,0
38057,Tornado,0,0,0
38057,Tropical Storm,0,0,0
38057,Snowstorm,1,0,0
38057,Coastal Storm,0,0,0
38057,Severe Ice Storm,0,0,0
38059,Severe Storm,0,0,0
38059,Fire,0,0,0
38059,Hurricane,0,0,0
38059,Winter Storm,0,0,0
38059,Flood,2,0,0
38059,Tornado,0,0,0
38059,Tropical Storm,0,0,0
38059,Snowstorm,0,0,0
38059,Coastal Storm,0,0,0
38059,Severe Ice Storm,0,0,0
38061,Severe Storm,2,0,0
38061,Fire,0,0,0
38061,Hurricane,0,0,0
38061,Winter Storm,0,0,0
38061,Flood,2,0,0
38061,Tornado,0,0,0
38061,Tropical Storm,0,0,0
38061,Snowstorm,0,0,0
38061,Coastal Storm,0,0,0
38061,Severe Ice Storm,0,0,0
38063,Severe Storm,2,0,0
38063,Fire,0,0,0
38063,Hurricane,0,0,0
38063,Winter Storm,0,0,0
38063,Flood,3,0,0
38063,Tornado,0,0,0
38063,Tropical Storm,0,0,0
38063,Snowstorm,1,0,0
38063,Coastal Storm,0,0,0
38063,Severe Ice Storm,0,0,0
38065,Severe Storm,1,0,0
38065,Fire,0,0,0
38065,Hurricane,0,0,0
38065,Winter Storm,0,0,0
38065,Flood,0,0,0
38065,Tornado,0,0,0
38065,Tropical Storm,0,0,0
38065,Snowstorm,0,0,0
38065,Coastal Storm,0,0,0
38065,Severe Ice Storm,0,0,0
38067,Severe Storm,1,0,0
38067,Fire,0,0,0
38067,Hurricane,0,0,0
38067,Winter Storm,0,0,0
38067,Flood,3,0,0
38067,Tornado,0,0,0
38067,Tropical Storm,0,0,0
38067,Snowstorm,0,0,0
38067,Coastal Storm,0,0,0
38067,Severe Ice Storm,0,0,0
38069,Severe Storm,0,0,0
38069,Fire,0,0,0
38069,Hurricane,0,0,0
38069,Winter Storm,0,0,0
38069,Flood,0,0,0
38069,Tornado,0,0,0
38069,Tropical Storm,0,0,0
38069,Snowstorm,0,0,0
38069,Coastal Storm,0,0,0
38069,Severe Ice Storm,0,0,0
38071,Severe Storm,1,0,0
38071,Fire,0,0,0
38071,Hurricane,0,0,0
38071,Winter Storm,0,0,0
38071,Flood,0,0,0
38071,Tornado,0,0,0
38071,Tropical Storm,0,0,0
38071,Snowstorm,0,0,0
38071,Coastal Storm,0,0,0
38071,Severe Ice Storm,0,0,0
38073,Severe Storm,1,0,0
38073,Fire,0,0,0
38073,Hurricane,0,0,0
38073,Winter Storm,1,0,0
38073,Flood,3,0,0
38073,Tornado,0,0,0
38073,Tropical Storm,0,0,0
38073,Snowstorm,1,0,0
38073,Coastal Storm,0,0,0
38073,Severe Ice Storm,0,0,0
38075,Severe Storm,1,0,0
38075,Fire,0,0,0
38075,Hurricane,0,0,0
38075,Winter Storm,0,0,0
38075,Flood,0,0,0
38075,Tornado,0,0,0
38075,Tropical Storm,0,0,0
38075,Snowstorm,0,0,0
38075,Coastal Storm,0,0,0
38075,Severe Ice Storm,0,0,0
38077,Severe Storm,1,0,0
38077,Fire,0,0,0
38077,Hurricane,0,0,0
38077,Winter Storm,1,0,0
38077,Flood,3,0,0
38077,Tornado,0,0,0
38077,Tropical Storm,0,0,0
38077,Snowstorm,0,0,0
38077,Coastal Storm,0,0,0
38077,Severe Ice Storm,0,0,0
38079,Severe Storm,1,0,0
38079,Fire,0,0,0
38079,Hurricane,0,0,0
38079,Winter Storm,0,0,0
38079,Flood,0,0,0
38079,Tornado,0,0,0
38079,Tropical Storm,0,0,0
38079,Snowstorm,0,0,0
38079,Coastal Storm,0,0,0
38079,Severe Ice Storm,0,0,0
38081,Severe Storm,1,0,0
38081,Fire,0,0,0
38081,Hurricane,0,0,0
38081,Winter Storm,1,0,0
38081,Flood,4,0,0
38081,Tornado,0,0,0
38081,Tropical Storm,0,0,0
38081,Snowstorm,1,0,0
38081,Coastal Storm,0,0,0
38081,Severe Ice Storm,0,0,0
38083,Severe Storm,0,0,0
38083,Fire,0,0,0
38083,Hurricane,0,0,0
38083,Winter Storm,0,0,0
38083,Flood,2,0,0
38083,Tornado,0,0,0
38083,Tropical Storm,0,0,0
38083,Snowstorm,0,0,0
38083,Coastal Storm,0,0,0
38083,Severe Ice Storm,0,0,0
38085,Severe Storm,1,0,0
38085,Fire,0,0,0
38085,Hurricane,0,0,0
38085,Winter Storm,0,0,0
38085,Flood,0,0,0
38085,Tornado,0,0,0
38085,Tropical Storm,0,0,0
38085,Snowstorm,0,0,0
38085,Coastal Storm,0,0,0
38085,Severe Ice Storm,0,0,0
38087,Severe Storm,0,0,0
38087,Fire,0,0,0
38087,Hurricane,0,0,0
38087,Winter Storm,0,0,0
38087,Flood,0,0,0
38087,Tornado,0,0,0
38087,Tropical Storm,0,0,0
38087,Snowstorm,0,0,0
38087,Coastal Storm,0,0,0
38087,Severe Ice Storm,0,0,0
38089,Severe Storm,0,0,0
38089,Fire,0,0,0
38089,Hurricane,0,0,0
38089,Winter Storm,0,0,0
38089,Flood,0,0,0
38089,Tornado,0,0,0
38089,Tropical Storm,0,0,0
38089,Snowstorm,0,0,0
38089,Coastal Storm,0,0,0
38089,Severe Ice Storm,0,0,0
38091,Severe Storm,1,0,0
38091,Fire,0,0,0
38091,Hurricane,0,0,0
38091,Winter Storm,1,0,0
38091,Flood,3,0,0
38091,Tornado,0,0,0
38091,Tropical Storm,0,0,0
38091,Snowstorm,0,0,0
38091,Coastal Storm,0,0,0
38091,Severe Ice Storm,0,0,0
38093,Severe Storm,1,1,1
38093,Fire,0,1,1
38093,Hurricane,0,1,1
38093,Winter Storm,1,1,1
38093,Flood,2,1,1
38093,Tornado,0,1,1
38093,Tropical Storm,0,1,1
38093,Snowstorm,0,1,1
38093,Coastal Storm,0,1,1
38093,Severe Ice Storm,0,1,1
38095,Severe Storm,1,0,0
38095,Fire,0,0,0
38095,Hurricane,0,0,0
38095,Winter Storm,0,0,0
38095,Flood,1,0,0
38095,Tornado,0,0,0
38095,Tropical Storm,0,0,0
38095,Snowstorm,0,0,0
38095,Coastal Storm,0,0,0
38095,Severe Ice Storm,0,0,0
38097,Severe Storm,1,0,0
38097,Fire,0,0,0
38097,Hurricane,0,0,0
38097,Winter Storm,1,0,0
38097,Flood,3,0,0
38097,Tornado,0,0,0
38097,Tropical Storm,0,0,0
38097,Snowstorm,0,0,0
38097,Coastal Storm,0,0,0
38097,Severe Ice Storm,0,0,0
38099,Severe Storm,1,0,0
38099,Fire,0,0,0
38099,Hurricane,0,0,0
38099,Winter Storm,0,0,0
38099,Flood,4,0,0
38099,Tornado,0,0,0
38099,Tropical Storm,0,0,0
38099,Snowstorm,0,0,0
38099,Coastal Storm,0,0,0
38099,Severe Ice Storm,0,0,0
38101,Severe Storm,1,0,0
38101,Fire,0,0,0
38101,Hurricane,0,0,0
38101,Winter Storm,0,0,0
38101,Flood,0,0,0
38101,Tornado,0,0,0
38101,Tropical Storm,0,0,0
38101,Snowstorm,0,0,0
38101,Coastal Storm,0,0,0
38101,Severe Ice Storm,0,0,0
38103,Severe Storm,2,0,0
38103,Fire,0,0,0
38103,Hurricane,0,0,0
38103,Winter Storm,0,0,0
38103,Flood,3,0,0
38103,Tornado,0,0,0
38103,Tropical Storm,0,0,0
38103,Snowstorm,1,0,0
38103,Coastal Storm,0,0,0
38103,Severe Ice Storm,0,0,0
38105,Severe Storm,2,0,0
38105,Fire,1,0,0
38105,Hurricane,0,0,0
38105,Winter Storm,0,0,0
38105,Flood,0,0,0
38105,Tornado,0,0,0
38105,Tropical Storm,0,0,0
38105,Snowstorm,0,0,0
38105,Coastal Storm,0,0,0
38105,Severe Ice Storm,0,0,0
39001,Severe Storm,0,0,0
39001,Fire,0,0,0
39001,Hurricane,0,0,0
39001,Winter Storm,0,0,0
39001,Flood,1,0,0
39001,Tornado,0,0,0
39001,Tropical Storm,0,0,0
39001,Snowstorm,0,0,0
39001,Coastal Storm,0,0,0
39001,Severe Ice Storm,0,0,0
39003,Severe Storm,0,1,1
39003,Fire,0,1,1
39003,Hurricane,0,1,1
39003,Winter Storm,0,1,1
39003,Flood,0,1,1
39003,Tornado,0,1,1
39003,Tropical Storm,0,1,1
39003,Snowstorm,0,1,1
39003,Coastal Storm,0,1,1
39003,Severe Ice Storm,0,1,1
39005,Severe Storm,0,0,0
39005,Fire,0,0,0
39005,Hurricane,0,0,0
39005,Winter Storm,0,0,0
39005,Flood,0,0,0
39005,Tornado,0,0,0
39005,Tropical Storm,0,0,0
39005,Snowstorm,0,0,0
39005,Coastal Storm,0,0,0
39005,Severe Ice Storm,0,0,0
39007,Severe Storm,0,0,0
39007,Fire,0,0,0
39007,Hurricane,0,0,0
39007,Winter Storm,0,0,0
39007,Flood,0,0,0
39007,Tornado,0,0,0
39007,Tropical Storm,0,0,0
39007,Snowstorm,0,0,0
39007,Coastal Storm,0,0,0
39007,Severe Ice Storm,0,0,0
39009,Severe Storm,0,0,0
39009,Fire,0,0,0
39009,Hurricane,0,0,0
39009,Winter Storm,0,0,0
39009,Flood,1,0,0
39009,Tornado,0,0,0
39009,Tropical Storm,0,0,0
39009,Snowstorm,0,0,0
39009,Coastal Storm,0,0,0
39009,Severe Ice Storm,0,0,0
39011,Severe Storm,0,1,1
39011,Fire,0,1,1
39011,Hurricane,0,1,1
39011,Winter Storm,0,1,1
39011,Flood,0,1,1
39011,Tornado,2,1,1
39011,Tropical Storm,0,1,1
39011,Snowstorm,0,1,1
39011,Coastal Storm,0,1,1
39011,Severe Ice Storm,0,1,1
39013,Severe Storm,0,0,0
39013,Fire,0,0,0
39013,Hurricane,0,0,0
39013,Winter Storm,0,0,0
39013,Flood,1,0,0
39013,Tornado,0,0,0
39013,Tropical Storm,0,0,0
39013,Snowstorm,0,0,0
39013,Coastal Storm,0,0,0
39013,Severe Ice Storm,0,0,0
39015,Severe Storm,0,0,0
39015,Fire,0,0,0
39015,Hurricane,0,0,0
39015,Winter Storm,0,0,0
39015,Flood,1,0,0
39015,Tornado,0,0,0
39015,Tropical Storm,0,0,0
39015,Snowstorm,0,0,0
39015,Coastal Storm,0,0,0
39015,Severe Ice Storm,0,0,0
39017,Severe Storm,0,1,1
39017,Fire,0,1,1
39017,Hurricane,0,1,1
39017,Winter Storm,0,1,1
39017,Flood,0,1,1
39017,Tornado,0,1,1
39017,Tropical Storm,0,1,1
39017,Snowstorm,0,1,1
39017,Coastal Storm,0,1,1
39017,Severe Ice Storm,0,1,1
39019,Severe Storm,0,0,0
39019,Fire,0,0,0
39019,Hurricane,0,0,0
39019,Winter Storm,0,0,0
39019,Flood,0,0,0
39019,Tornado,0,0,0
39019,Tropical Storm,0,0,0
39019,Snowstorm,0,0,0
39019,Coastal Storm,0,0,0
39019,Severe Ice Storm,0,0,0
39021,Severe Storm,0,1,1
39021,Fire,0,1,1
39021,Hurricane,0,1,1
39021,Winter Storm,0,1,1
39021,Flood,0,1,1
39021,Tornado,0,1,1
39021,Tropical Storm,0,1,1
39021,Snowstorm,0,1,1
39021,Coastal Storm,0,1,1
39021,Severe Ice Storm,0,1,1
39023,Severe Storm,0,0,0
39023,Fire,0,0,0
39023,Hurricane,0,0,0
39023,Winter Storm,0,0,0
39023,Flood,0,0,0
39023,Tornado,0,0,0
39023,Tropical Storm,0,0,0
39023,Snowstorm,0,0,0
39023,Coastal Storm,0,0,0
39023,Severe Ice Storm,0,0,0
39025,Severe Storm,0,0,0
39025,Fire,0,0,0
39025,Hurricane,0,0,0
39025,Winter Storm,0,0,0
39025,Flood,0,0,0
39025,Tornado,0,0,0
39025,Tropical Storm,0,0,0
39025,Snowstorm,0,0,0
39025,Coastal Storm,0,0,0
39025,Severe Ice Storm,0,0,0
39027,Severe Storm,0,1,1
39027,Fire,0,1,1
39027,Hurricane,0,1,1
39027,Winter Storm,0,1,1
39027,Flood,0,1,1
39027,Tornado,0,1,1
39027,Tropical Storm,0,1,1
39027,Snowstorm,0,1,1
39027,Coastal Storm,0,1,1
39027,Severe Ice Storm,0,1,1
39029,Severe Storm,0,0,0
39029,Fire,0,0,0
39029,Hurricane,0,0,0
39029,Winter Storm,0,0,0
39029,Flood,0,0,0
39029,Tornado,1,0,0
39029,Tropical Storm,0,0,0
39029,Snowstorm,0,0,0
39029,Coastal Storm,0,0,0
39029,Severe Ice Storm,0,0,0
39031,Severe Storm,0,1,1
39031,Fire,0,1,1
39031,Hurricane,0,1,1
39031,Winter Storm,0,1,1
39031,Flood,0,1,1
39031,Tornado,0,1,1
39031,Tropical Storm,0,1,1
39031,Snowstorm,0,1,1
39031,Coastal Storm,0,1,1
39031,Severe Ice Storm,0,1,1
39033,Severe Storm,0,0,0
39033,Fire,0,0,0
39033,Hurricane,0,0,0
39033,Winter Storm,0,0,0
39033,Flood,0,0,0
39033,Tornado,1,0,0
39033,Tropical Storm,0,0,0
39033,Snowstorm,0,0,0
39033,Coastal Storm,0,0,0
39033,Severe Ice Storm,0,0,0
39035,Severe Storm,0,1,2
39035,Fire,0,1,2
39035,Hurricane,0,1,2
39035,Winter Storm,0,1,2
39035,Flood,0,1,2
39035,Tornado,0,1,2
39035,Tropical Storm,0,1,2
39035,Snowstorm,0,1,2
39035,Coastal Storm,0,1,2
39035,Severe Ice Storm,0,1,2
39037,Severe Storm,0,0,0
39037,Fire,0,0,0
39037,Hurricane,0,0,0
39037,Winter Storm,0,0,0
39037,Flood,0,0,0
39037,Tornado,2,0,0
39037,Tropical Storm,0,0,0
39037,Snowstorm,0,0,0
39037,Coastal Storm,0,0,0
39037,Severe Ice Storm,0,0,0
39039,Severe Storm,0,0,0
39039,Fire,0,0,0
39039,Hurricane,0,0,0
39039,Winter Storm,0,0,0
39039,Flood,0,0,0
39039,Tornado,0,0,0
39039,Tropical Storm,0,0,0
39039,Snowstorm,0,0,0
39039,Coastal Storm,0,0,0
39039,Severe Ice Storm,0,0,0
39041,Severe Storm,0,1,12
39041,Fire,0,1,12
39041,Hurricane,0,1,12
39041,Winter Storm,0,1,12
39041,Flood,0,1,12
39041,Tornado,1,1,12
39041,Tropical Storm,0,1,12
39041,Snowstorm,0,1,12
39041,Coastal Storm,0,1,12
39041,Severe Ice Storm,0,1,12
39043,Severe Storm,0,1,1
39043,Fire,0,1,1
39043,Hurricane,0,1,1
39043,Winter Storm,0,1,1
39043,Flood,0,1,1
39043,Tornado,0,1,1
39043,Tropical Storm,0,1,1
39043,Snowstorm,0,1,1
39043,Coastal Storm,0,1,1
39043,Severe Ice Storm,0,1,1
39045,Severe Storm,0,1,2
39045,Fire,0,1,2
39045,Hurricane,0,1,2
39045,Winter Storm,0,1,2
39045,Flood,0,1,2
39045,Tornado,0,1,2
39045,Tropical Storm,0,1,2
39045,Snowstorm,0,1,2
39045,Coastal Storm,0,1,2
39045,Severe Ice Storm,0,1,2
39047,Severe Storm,0,1,1
39047,Fire,0,1,1
39047,Hurricane,0,1,1
39047,Winter Storm,0,1,1
39047,Flood,0,1,1
39047,Tornado,0,1,1
39047,Tropical Storm,0,1,1
39047,Snowstorm,0,1,1
39047,Coastal Storm,0,1,1
39047,Severe Ice Storm,0,1,1
39049,Severe Storm,0,1,12
39049,Fire,0,1,12
39049,Hurricane,0,1,12
39049,Winter Storm,0,1,12
39049,Flood,0,1,12
39049,Tornado,0,1,12
39049,Tropical Storm,0,1,12
39049,Snowstorm,0,1,12
39049,Coastal Storm,0,1,12
39049,Severe Ice Storm,0,1,12
39051,Severe Storm,0,0,0
39051,Fire,0,0,0
39051,Hurricane,0,0,0
39051,Winter Storm,0,0,0
39051,Flood,0,0,0
39051,Tornado,0,0,0
39051,Tropical Storm,0,0,0
39051,Snowstorm,0,0,0
39051,Coastal Storm,0,0,0
39051,Severe Ice Storm,0,0,0
39053,Severe Storm,0,0,0
39053,Fire,0,0,0
39053,Hurricane,0,0,0
39053,Winter Storm,0,0,0
39053,Flood,1,0,0
39053,Tornado,0,0,0
39053,Tropical Storm,0,0,0
39053,Snowstorm,0,0,0
39053,Coastal Storm,0,0,0
39053,Severe Ice Storm,0,0,0
39055,Severe Storm,0,0,0
39055,Fire,0,0,0
39055,Hurricane,0,0,0
39055,Winter Storm,0,0,0
39055,Flood,0,0,0
39055,Tornado,0,0,0
39055,Tropical Storm,0,0,0
39055,Snowstorm,0,0,0
39055,Coastal Storm,0,0,0
39055,Severe Ice Storm,0,0,0
39057,Severe Storm,0,1,2
39057,Fire,0,1,2
39057,Hurricane,0,1,2
39057,Winter Storm,0,1,2
39057,Flood,0,1,2
39057,Tornado,1,1,2
39057,Tropical Storm,0,1,2
39057,Snowstorm,0,1,2
39057,Coastal Storm,0,1,2
39057,Severe Ice Storm,0,1,2
39059,Severe Storm,0,0,0
39059,Fire,0,0,0
39059,Hurricane,0,0,0
39059,Winter Storm,0,0,0
39059,Flood,1,0,0
39059,Tornado,0,0,0
39059,Tropical Storm,0,0,0
39059,Snowstorm,0,0,0
39059,Coastal Storm,0,0,0
39059,Severe Ice Storm,0,0,0
39061,Severe Storm,0,1,2
39061,Fire,0,1,2
39061,Hurricane,0,1,2
39061,Winter Storm,0,1,2
39061,Flood,0,1,2
39061,Tornado,0,1,2
39061,Tropical Storm,0,1,2
39061,Snowstorm,0,1,2
39061,Coastal Storm,0,1,2
39061,Severe Ice Storm,0,1,2
39063,Severe Storm,0,0,0
39063,Fire,0,0,0
39063,Hurricane,0,0,0
39063,Winter Storm,0,0,0
39063,Flood,0,0,0
39063,Tornado,1,0,0
39063,Tropical Storm,0,0,0
39063,Snowstorm,0,0,0
39063,Coastal Storm,0,0,0
39063,Severe Ice Storm,0,0,0
39065,Severe Storm,0,0,0
39065,Fire,0,0,0
39065,Hurricane,0,0,0
39065,Winter Storm,0,0,0
39065,Flood,0,0,0
39065,Tornado,0,0,0
39065,Tropical Storm,0,0,0
39065,Snowstorm,0,0,0
39065,Coastal Storm,0,0,0
39065,Severe Ice Storm,0,0,0
39067,Severe Storm,0,0,0
39067,Fire,0,0,0
39067,Hurricane,0,0,0
39067,Winter Storm,0,0,0
39067,Flood,0,0,0
39067,Tornado,0,0,0
39067,Tropical Storm,0,0,0
39067,Snowstorm,0,0,0
39067,Coastal Storm,0,0,0
39067,Severe Ice Storm,0,0,0
39069,Severe Storm,0,0,0
39069,Fire,0,0,0
39069,Hurricane,0,0,0
39069,Winter Storm,0,0,0
39069,Flood,0,0,0
39069,Tornado,0,0,0
39069,Tropical Storm,0,0,0
39069,Snowstorm,0,0,0
39069,Coastal Storm,0,0,0
39069,Severe Ice Storm,0,0,0
39071,Severe Storm,0,0,0
39071,Fire,0,0,0
39071,Hurricane,0,0,0
39071,Winter Storm,0,0,0
39071,Flood,0,0,0
39071,Tornado,0,0,0
39071,Tropical Storm,0,0,0
39071,Snowstorm,0,0,0
39071,Coastal Storm,0,0,0
39071,Severe Ice Storm,0,0,0
39073,Severe Storm,0,1,1
39073,Fire,0,1,1
39073,Hurricane,0,1,1
39073,Winter Storm,0,1,1
39073,Flood,1,1,1
39073,Tornado,1,1,1
39073,Tropical Storm,0,1,1
39073,Snowstorm,0,1,1
39073,Coastal Storm,0,1,1
39073,Severe Ice Storm,0,1,1
39075,Severe Storm,0,0,0
39075,Fire,0,0,0
39075,Hurricane,0,0,0
39075,Winter Storm,0,0,0
39075,Flood,0,0,0
39075,Tornado,0,0,0
39075,Tropical Storm,0,0,0
39075,Snowstorm,0,0,0
39075,Coastal Storm,0,0,0
39075,Severe Ice Storm,0,0,0
39077,Severe Storm,0,0,0
39077,Fire,0,0,0
39077,Hurricane,0,0,0
39077,Winter Storm,0,0,0
39077,Flood,0,0,0
39077,Tornado,0,0,0
39077,Tropical Storm,0,0,0
39077,Snowstorm,0,0,0
39077,Coastal Storm,0,0,0
39077,Severe Ice Storm,0,0,0
39079,Severe Storm,0,0,0
39079,Fire,0,0,0
39079,Hurricane,0,0,0
39079,Winter Storm,0,0,0
39079,Flood,1,0,0
39079,Tornado,0,0,0
39079,Tropical Storm,0,0,0
39079,Snowstorm,0,0,0
39079,Coastal Storm,0,0,0
39079,Severe Ice Storm,0,0,0
39081,Severe Storm,0,0,0
39081,Fire,0,0,0
39081,Hurricane,0,0,0
39081,Winter Storm,0,0,0
39081,Flood,1,0,0
39081,Tornado,0,0,0
39081,Tropical Storm,0,0,0
39081,Snowstorm,0,0,0
39081,Coastal Storm,0,0,0
39081,Severe Ice Storm,0,0,0
39083,Severe Storm,0,0,0
39083,Fire,0,0,0
39083,Hurricane,0,0,0
39083,Winter Storm,0,0,0
39083,Flood,0,0,0
39083,Tornado,0,0,0
39083,Tropical Storm,0,0,0
39083,Snowstorm,0,0,0
39083,Coastal Storm,0,0,0
39083,Severe Ice Storm,0,0,0
39085,Severe Storm,0,0,0
39085,Fire,0,0,0
39085,Hurricane,0,0,0
39085,Winter Storm,0,0,0
39085,Flood,0,0,0
39085,Tornado,0,0,0
39085,Tropical Storm,0,0,0
39085,Snowstorm,0,0,0
39085,Coastal Storm,0,0,0
39085,Severe Ice Storm,0,0,0
39087,Severe Storm,0,0,0
39087,Fire,0,0,0
39087,Hurricane,0,0,0
39087,Winter Storm,0,0,0
39087,Flood,1,0,0
39087,Tornado,0,0,0
39087,Tropical Storm,0,0,0
39087,Snowstorm,0,0,0
39087,Coastal Storm,0,0,0
39087,Severe Ice Storm,0,0,0
39089,Severe Storm,0,1,9
39089,Fire,0,1,9
39089,Hurricane,0,1,9
39089,Winter Storm,0,1,9
39089,Flood,0,1,9
39089,Tornado,1,1,9
39089,Tropical Storm,0,1,9
39089,Snowstorm,0,1,9
39089,Coastal Storm,0,1,9
39089,Severe Ice Storm,0,1,9
39091,Severe Storm,0,0,0
39091,Fire,0,0,0
39091,Hurricane,0,0,0
39091,Winter Storm,0,0,0
39091,Flood,0,0,0
39091,Tornado,1,0,0
39091,Tropical Storm,0,0,0
39091,Snowstorm,0,0,0
39091,Coastal Storm,0,0,0
39091,Severe Ice Storm,0,0,0
39093,Severe Storm,0,0,0
39093,Fire,0,0,0
39093,Hurricane,0,0,0
39093,Winter Storm,0,0,0
39093,Flood,0,0,0
39093,Tornado,0,0,0
39093,Tropical Storm,0,0,0
39093,Snowstorm,0,0,0
39093,Coastal Storm,0,0,0
39093,Severe Ice Storm,0,0,0
39095,Severe Storm,0,1,1
39095,Fire,0,1,1
39095,Hurricane,0,1,1
39095,Winter Storm,0,1,1
39095,Flood,0,1,1
39095,Tornado,0,1,1
39095,Tropical Storm,0,1,1
39095,Snowstorm,0,1,1
39095,Coastal Storm,0,1,1
39095,Severe Ice Storm,0,1,1
39097,Severe Storm,0,1,1
39097,Fire,0,1,1
39097,Hurricane,0,1,1
39097,Winter Storm,0,1,1
39097,Flood,0,1,1
39097,Tornado,0,1,1
39097,Tropical Storm,0,1,1
39097,Snowstorm,0,1,1
39097,Coastal Storm,0,1,1
39097,Severe Ice Storm,0,1,1
39099,Severe Storm,0,1,1
39099,Fire,0,1,1
39099,Hurricane,0,1,1
39099,Winter Storm,0,1,1
39099,Flood,0,1,1
39099,Tornado,1,1,1
39099,Tropical Storm,0,1,1
39099,Snowstorm,0,1,1
39099,Coastal Storm,0,1,1
39099,Severe Ice Storm,0,1,1
39101,Severe Storm,0,0,0
39101,Fire,0,0,0
39101,Hurricane,0,0,0
39101,Winter Storm,0,0,0
39101,Flood,0,0,0
39101,Tornado,0,0,0
39101,Tropical Storm,0,0,0
39101,Snowstorm,0,0,0
39101,Coastal Storm,0,0,0
39101,Severe Ice Storm,0,0,0
39103,Severe Storm,0,1,1
39103,Fire,0,1,1
39103,Hurricane,0,1,1
39103,Winter Storm,0,1,1
39103,Flood,0,1,1
39103,Tornado,0,1,1
39103,Tropical Storm,0,1,1
39103,Snowstorm,0,1,1
39103,Coastal Storm,0,1,1
39103,Severe Ice Storm,0,1,1
39105,Severe Storm,0,0,0
39105,Fire,0,0,0
39105,Hurricane,0,0,0
39105,Winter Storm,0,0,0
39105,Flood,1,0,0
39105,Tornado,0,0,0
39105,Tropical Storm,0,0,0
39105,Snowstorm,0,0,0
39105,Coastal Storm,0,0,0
39105,Severe Ice Storm,0,0,0
39107,Severe Storm,0,0,0
39107,Fire,0,0,0
39107,Hurricane,0,0,0
39107,Winter Storm,0,0,0
39107,Flood,0,0,0
39107,Tornado,2,0,0
39107,Tropical Storm,0,0,0
39107,Snowstorm,0,0,0
39107,Coastal Storm,0,0,0
39107,Severe Ice Storm,0,0,0
39109,Severe Storm,0,1,1
39109,Fire,0,1,1
39109,Hurricane,0,1,1
39109,Winter Storm,0,1,1
39109,Flood,0,1,1
39109,Tornado,2,1,1
39109,Tropical Storm,0,1,1
39109,Snowstorm,0,1,1
39109,Coastal Storm,0,1,1
39109,Severe Ice Storm,0,1,1
39111,Severe Storm,0,0,0
39111,Fire,0,0,0
39111,Hurricane,0,0,0
39111,Winter Storm,0,0,0
39111,Flood,1,0,0
39111,Tornado,0,0,0
39111,Tropical Storm,0,0,0
39111,Snowstorm,0,0,0
39111,Coastal Storm,0,0,0
39111,Severe Ice Storm,0,0,0
39113,Severe Storm,0,0,0
39113,Fire,0,0,0
39113,Hurricane,0,0,0
39113,Winter Storm,0,0,0
39113,Flood,0,0,0
39113,Tornado,1,0,0
39113,Tropical Storm,0,0,0
39113,Snowstorm,0,0,0
39113,Coastal Storm,0,0,0
39113,Severe Ice Storm,0,0,0
39115,Severe Storm,0,0,0
39115,Fire,0,0,0
39115,Hurricane,0,0,0
39115,Winter Storm,0,0,0
39115,Flood,1,0,0
39115,Tornado,0,0,0
39115,Tropical Storm,0,0,0
39115,Snowstorm,0,0,0
39115,Coastal Storm,0,0,0
39115,Severe Ice Storm,0,0,0
39117,Severe Storm,0,0,0
39117,Fire,0,0,0
39117,Hurricane,0,0,0
39117,Winter Storm,0,0,0
39117,Flood,0,0,0
39117,Tornado,0,0,0
39117,Tropical Storm,0,0,0
39117,Snowstorm,0,0,0
39117,Coastal Storm,0,0,0
39117,Severe Ice Storm,0,0,0
39119,Severe Storm,0,1,1
39119,Fire,0,1,1
39119,Hurricane,0,1,1
39119,Winter Storm,0,1,1
39119,Flood,1,1,1
39119,Tornado,1,1,1
39119,Tropical Storm,0,1,1
39119,Snowstorm,0,1,1
39119,Coastal Storm,0,1,1
39119,Severe Ice Storm,0,1,1
39121,Severe Storm,0,0,0
39121,Fire,0,0,0
39121,Hurricane,0,0,0
39121,Winter Storm,0,0,0
39121,Flood,1,0,0
39121,Tornado,0,0,0
39121,Tropical Storm,0,0,0
39121,Snowstorm,0,0,0
39121,Coastal Storm,0,0,0
39121,Severe Ice Storm,0,0,0
39123,Severe Storm,0,0,0
39123,Fire,0,0,0
39123,Hurricane,0,0,0
39123,Winter Storm,0,0,0
39123,Flood,0,0,0
39123,Tornado,0,0,0
39123,Tropical Storm,0,0,0
39123,Snowstorm,0,0,0
39123,Coastal Storm,0,0,0
39123,Severe Ice Storm,0,0,0
39125,Severe Storm,0,0,0
39125,Fire,0,0,0
39125,Hurricane,0,0,0
39125,Winter Storm,0,0,0
39125,Flood,0,0,0
39125,Tornado,0,0,0
39125,Tropical Storm,0,0,0
39125,Snowstorm,0,0,0
39125,Coastal Storm,0,0,0
39125,Severe Ice Storm,0,0,0
39127,Severe Storm,0,0,0
39127,Fire,0,0,0
39127,Hurricane,0,0,0
39127,Winter Storm,0,0,0
39127,Flood,1,0,0
39127,Tornado,1,0,0
39127,Tropical Storm,0,0,0
39127,Snowstorm,0,0,0
39127,Coastal Storm,0,0,0
39127,Severe Ice Storm,0,0,0
39129,Severe Storm,0,0,0
39129,Fire,0,0,0
39129,Hurricane,0,0,0
39129,Winter Storm,0,0,0
39129,Flood,0,0,0
39129,Tornado,1,0,0
39129,Tropical Storm,0,0,0
39129,Snowstorm,0,0,0
39129,Coastal Storm,0,0,0
39129,Severe Ice Storm,0,0,0
39131,Severe Storm,0,0,0
39131,Fire,0,0,0
39131,Hurricane,0,0,0
39131,Winter Storm,0,0,0
39131,Flood,1,0,0
39131,Tornado,0,0,0
39131,Tropical Storm,0,0,0
39131,Snowstorm,0,0,0
39131,Coastal Storm,0,0,0
39131,Severe Ice Storm,0,0,0
39133,Severe Storm,0,0,0
39133,Fire,0,0,0
39133,Hurricane,0,0,0
39133,Winter Storm,0,0,0
39133,Flood,0,0,0
39133,Tornado,0,0,0
39133,Tropical Storm,0,0,0
39133,Snowstorm,0,0,0
39133,Coastal Storm,0,0,0
39133,Severe Ice Storm,0,0,0
39135,Severe Storm,0,1,1
39135,Fire,0,1,1
39135,Hurricane,0,1,1
39135,Winter Storm,0,1,1
39135,Flood,0,1,1
39135,Tornado,0,1,1
39135,Tropical Storm,0,1,1
39135,Snowstorm,0,1,1
39135,Coastal Storm,0,1,1
39135,Severe Ice Storm,0,1,1
39137,Severe Storm,0,0,0
39137,Fire,0,0,0
39137,Hurricane,0,0,0
39137,Winter Storm,0,0,0
39137,Flood,0,0,0
39137,Tornado,0,0,0
39137,Tropical Storm,0,0,0
39137,Snowstorm,0,0,0
39137,Coastal Storm,0,0,0
39137,Severe Ice Storm,0,0,0
39139,Severe Storm,0,0,0
39139,Fire,0,0,0
39139,Hurricane,0,0,0
39139,Winter Storm,0,0,0
39139,Flood,0,0,0
39139,Tornado,1,0,0
39139,Tropical Storm,0,0,0
39139,Snowstorm,0,0,0
39139,Coastal Storm,0,0,0
39139,Severe Ice Storm,0,0,0
39141,Severe Storm,0,0,0
39141,Fire,0,0,0
39141,Hurricane,0,0,0
39141,Winter Storm,0,0,0
39141,Flood,1,0,0
39141,Tornado,0,0,0
39141,Tropical Storm,0,0,0
39141,Snowstorm,0,0,0
39141,Coastal Storm,0,0,0
39141,Severe Ice Storm,0,0,0
39143,Severe Storm,0,0,0
39143,Fire,0,0,0
39143,Hurricane,0,0,0
39143,Winter Storm,0,0,0
39143,Flood,0,0,0
39143,Tornado,0,0,0
39143,Tropical Storm,0,0,0
39143,Snowstorm,0,0,0
39143,Coastal Storm,0,0,0
39143,Severe Ice Storm,0,0,0
39145,Severe Storm,0,0,0
39145,Fire,0,0,0
39145,Hurricane,0,0,0
39145,Winter Storm,0,0,0
39145,Flood,1,0,0
39145,Tornado,0,0,0
39145,Tropical Storm,0,0,0
39145,Snowstorm,0,0,0
39145,Coastal Storm,0,0,0
39145,Severe Ice Storm,0,0,0
39147,Severe Storm,0,0,0
39147,Fire,0,0,0
39147,Hurricane,0,0,0
39147,Winter Storm,0,0,0
39147,Flood,0,0,0
39147,Tornado,0,0,0
39147,Tropical Storm,0,0,0
39147,Snowstorm,0,0,0
39147,Coastal Storm,0,0,0
39147,Severe Ice Storm,0,0,0
39149,Severe Storm,0,1,1
39149,Fire,0,1,1
39149,Hurricane,0,1,1
39149,Winter Storm,0,1,1
39149,Flood,0,1,1
39149,Tornado,0,1,1
39149,Tropical Storm,0,1,1
39149,Snowstorm,0,1,1
39149,Coastal Storm,0,1,1
39149,Severe Ice Storm,0,1,1
39151,Severe Storm,0,0,0
39151,Fire,0,0,0
39151,Hurricane,0,0,0
39151,Winter Storm,0,0,0
39151,Flood,0,0,0
39151,Tornado,0,0,0
39151,Tropical Storm,0,0,0
39151,Snowstorm,0,0,0
39151,Coastal Storm,0,0,0
39151,Severe Ice Storm,0,0,0
39153,Severe Storm,0,1,1
39153,Fire,0,1,1
39153,Hurricane,0,1,1
39153,Winter Storm,0,1,1
39153,Flood,0,1,1
39153,Tornado,0,1,1
39153,Tropical Storm,0,1,1
39153,Snowstorm,0,1,1
39153,Coastal Storm,0,1,1
39153,Severe Ice Storm,0,1,1
39155,Severe Storm,0,1,1
39155,Fire,0,1,1
39155,Hurricane,0,1,1
39155,Winter Storm,0,1,1
39155,Flood,0,1,1
39155,Tornado,0,1,1
39155,Tropical Storm,0,1,1
39155,Snowstorm,0,1,1
39155,Coastal Storm,0,1,1
39155,Severe Ice Storm,0,1,1
39157,Severe Storm,0,0,0
39157,Fire,0,0,0
39157,Hurricane,0,0,0
39157,Winter Storm,0,0,0
39157,Flood,0,0,0
39157,Tornado,0,0,0
39157,Tropical Storm,0,0,0
39157,Snowstorm,0,0,0
39157,Coastal Storm,0,0,0
39157,Severe Ice Storm,0,0,0
39159,Severe Storm,0,1,3
39159,Fire,0,1,3
39159,Hurricane,0,1,3
39159,Winter Storm,0,1,3
39159,Flood,0,1,3
39159,Tornado,1,1,3
39159,Tropical Storm,0,1,3
39159,Snowstorm,0,1,3
39159,Coastal Storm,0,1,3
39159,Severe Ice Storm,0,1,3
39161,Severe Storm,0,0,0
39161,Fire,0,0,0
39161,Hurricane,0,0,0
39161,Winter Storm,0,0,0
39161,Flood,0,0,0
39161,Tornado,0,0,0
39161,Tropical Storm,0,0,0
39161,Snowstorm,0,0,0
39161,Coastal Storm,0,0,0
39161,Severe Ice Storm,0,0,0
39163,Severe Storm,0,0,0
39163,Fire,0,0,0
39163,Hurricane,0,0,0
39163,Winter Storm,0,0,0
39163,Flood,1,0,0
39163,Tornado,0,0,0
39163,Tropical Storm,0,0,0
39163,Snowstorm,0,0,0
39163,Coastal Storm,0,0,0
39163,Severe Ice Storm,0,0,0
39165,Severe Storm,0,0,0
39165,Fire,0,0,0
39165,Hurricane,0,0,0
39165,Winter Storm,0,0,0
39165,Flood,0,0,0
39165,Tornado,0,0,0
39165,Tropical Storm,0,0,0
39165,Snowstorm,0,0,0
39165,Coastal Storm,0,0,0
39165,Severe Ice Storm,0,0,0
39167,Severe Storm,0,0,0
39167,Fire,0,0,0
39167,Hurricane,0,0,0
39167,Winter Storm,0,0,0
39167,Flood,1,0,0
39167,Tornado,0,0,0
39167,Tropical Storm,0,0,0
39167,Snowstorm,0,0,0
39167,Coastal Storm,0,0,0
39167,Severe Ice Storm,0,0,0
39169,Severe Storm,0,1,1
39169,Fire,0,1,1
39169,Hurricane,0,1,1
39169,Winter Storm,0,1,1
39169,Flood,0,1,1
39169,Tornado,0,1,1
39169,Tropical Storm,0,1,1
39169,Snowstorm,0,1,1
39169,Coastal Storm,0,1,1
39169,Severe Ice Storm,0,1,1
39171,Severe Storm,0,0,0
39171,Fire,0,0,0
39171,Hurricane,0,0,0
39171,Winter Storm,0,0,0
39171,Flood,0,0,0
39171,Tornado,0,0,0
39171,Tropical Storm,0,0,0
39171,Snowstorm,0,0,0
39171,Coastal Storm,0,0,0
39171,Severe Ice Storm,0,0,0
39173,Severe Storm,0,1,2
39173,Fire,0,1,2
39173,Hurricane,0,1,2
39173,Winter Storm,0,1,2
39173,Flood,0,1,2
39173,Tornado,0,1,2
39173,Tropical Storm,0,1,2
39173,Snowstorm,0,1,2
39173,Coastal Storm,0,1,2
39173,Severe Ice Storm,0,1,2
39175,Severe Storm,0,0,0
39175,Fire,0,0,0
39175,Hurricane,0,0,0
39175,Winter Storm,0,0,0
39175,Flood,0,0,0
39175,Tornado,0,0,0
39175,Tropical Storm,0,0,0
39175,Snowstorm,0,0,0
39175,Coastal Storm,0,0,0
39175,Severe Ice Storm,0,0,0
40001,Severe Storm,2,0,0
40001,Fire,0,0,0
40001,Hurricane,0,0,0
40001,Winter Storm,0,0,0
40001,Flood,0,0,0
40001,Tornado,0,0,0
40001,Tropical Storm,0,0,0
40001,Snowstorm,0,0,0
40001,Coastal Storm,0,0,0
40001,Severe Ice Storm,2,0,0
40003,Severe Storm,2,0,0
40003,Fire,0,0,0
40003,Hurricane,0,0,0
40003,Winter Storm,0,0,0
40003,Flood,0,0,0
40003,Tornado,0,0,0
40003,Tropical Storm,0,0,0
40003,Snowstorm,0,0,0
40003,Coastal Storm,0,0,0
40003,Severe Ice Storm,3,0,0
40005,Severe Storm,2,0,0
40005,Fire,0,0,0
40005,Hurricane,0,0,0
40005,Winter Storm,0,0,0
40005,Flood,0,0,0
40005,Tornado,0,0,0
40005,Tropical Storm,0,0,0
40005,Snowstorm,0,0,0
40005,Coastal Storm,0,0,0
40005,Severe Ice Storm,2,0,0
40007,Severe Storm,2,0,0
40007,Fire,1,0,0
40007,Hurricane,0,0,0
40007,Winter Storm,0,0,0
40007,Flood,0,0,0
40007,Tornado,0,0,0
40007,Tropical Storm,0,0,0
40007,Snowstorm,0,0,0
40007,Coastal Storm,0,0,0
40007,Severe Ice Storm,2,0,0
40009,Severe Storm,1,0,0
40009,Fire,0,0,0
40009,Hurricane,0,0,0
40009,Winter Storm,0,0,0
40009,Flood,0,0,0
40009,Tornado,0,0,0
40009,Tropical Storm,0,0,0
40009,Snowstorm,0,0,0
40009,Coastal Storm,0,0,0
40009,Severe Ice Storm,2,0,0
40011,Severe Storm,2,0,0
40011,Fire,0,0,0
40011,Hurricane,0,0,0
40011,Winter Storm,0,0,0
40011,Flood,0,0,0
40011,Tornado,0,0,0
40011,Tropical Storm,0,0,0
40011,Snowstorm,0,0,0
40011,Coastal Storm,0,0,0
40011,Severe Ice Storm,3,0,0
40013,Severe Storm,1,0,0
40013,Fire,0,0,0
40013,Hurricane,0,0,0
40013,Winter Storm,0,0,0
40013,Flood,0,0,0
40013,Tornado,0,0,0
40013,Tropical Storm,0,0,0
40013,Snowstorm,0,0,0
40013,Coastal Storm,0,0,0
40013,Severe Ice Storm,2,0,0
40015,Severe Storm,2,0,0
40015,Fire,0,0,0
40015,Hurricane,0,0,0
40015,Winter Storm,0,0,0
40015,Flood,0,0,0
40015,Tornado,0,0,0
40015,Tropical Storm,0,0,0
40015,Snowstorm,0,0,0
40015,Coastal Storm,0,0,0
40015,Severe Ice Storm,3,0,0
40017,Severe Storm,1,0,0
40017,Fire,0,0,0
40017,Hurricane,0,0,0
40017,Winter Storm,0,0,0
40017,Flood,0,0,0
40017,Tornado,0,0,0
40017,Tropical Storm,0,0,0
40017,Snowstorm,0,0,0
40017,Coastal Storm,0,0,0
40017,Severe Ice Storm,3,0,0
40019,Severe Storm,0,0,0
40019,Fire,0,0,0
40019,Hurricane,0,0,0
40019,Winter Storm,0,0,0
40019,Flood,0,0,0
40019,Tornado,1,0,0
40019,Tropical Storm,0,0,0
40019,Snowstorm,0,0,0
40019,Coastal Storm,0,0,0
40019,Severe Ice Storm,2,0,0
40021,Severe Storm,2,0,0
40021,Fire,0,0,0
40021,Hurricane,0,0,0
40021,Winter Storm,0,0,0
40021,Flood,0,0,0
40021,Tornado,0,0,0
40021,Tropical Storm,0,0,0
40021,Snowstorm,0,0,0
40021,Coastal Storm,0,0,0
40021,Severe Ice Storm,2,0,0
40023,Severe Storm,1,0,0
40023,Fire,0,0,0
40023,Hurricane,0,0,0
40023,Winter Storm,0,0,0
40023,Flood,0,0,0
40023,Tornado,0,0,0
40023,Tropical Storm,0,0,0
40023,Snowstorm,0,0,0
40023,Coastal Storm,0,0,0
40023,Severe Ice Storm,2,0,0
40025,Severe Storm,1,0,0
40025,Fire,0,0,0
40025,Hurricane,0,0,0
40025,Winter Storm,0,0,0
40025,Flood,0,0,0
40025,Tornado,0,0,0
40025,Tropical Storm,0,0,0
40025,Snowstorm,0,0,0
40025,Coastal Storm,0,0,0
40025,Severe Ice Storm,2,0,0
40027,Severe Storm,0,0,0
40027,Fire,0,0,0
40027,Hurricane,0,0,0
40027,Winter Storm,0,0,0
40027,Flood,0,0,0
40027,Tornado,1,0,0
40027,Tropical Storm,0,0,0
40027,Snowstorm,0,0,0
40027,Coastal Storm,0,0,0
40027,Severe Ice Storm,3,0,0
40029,Severe Storm,1,0,0
40029,Fire,0,0,0
40029,Hurricane,0,0,0
40029,Winter Storm,0,0,0
40029,Flood,0,0,0
40029,Tornado,1,0,0
40029,Tropical Storm,0,0,0
40029,Snowstorm,0,0,0
40029,Coastal Storm,0,0,0
40029,Severe Ice Storm,2,0,0
40031,Severe Storm,1,0,0
40031,Fire,0,0,0
40031,Hurricane,0,0,0
40031,Winter Storm,0,0,0
40031,Flood,0,0,0
40031,Tornado,0,0,0
40031,Tropical Storm,0,0,0
40031,Snowstorm,0,0,0
40031,Coastal Storm,0,0,0
40031,Severe Ice Storm,3,0,0
40033,Severe Storm,1,0,0
40033,Fire,0,0,0
40033,Hurricane,0,0,0
40033,Winter Storm,0,0,0
40033,Flood,0,0,0
40033,Tornado,1,0,0
40033,Tropical Storm,0,0,0
40033,Snowstorm,0,0,0
40033,Coastal Storm,0,0,0
40033,Severe Ice Storm,2,0,0
40035,Severe Storm,3,0,0
40035,Fire,0,0,0
40035,Hurricane,0,0,0
40035,Winter Storm,0,0,0
40035,Flood,0,0,0
40035,Tornado,1,0,0
40035,Tropical Storm,0,0,0
40035,Snowstorm,0,0,0
40035,Coastal Storm,0,0,0
40035,Severe Ice Storm,2,0,0
40037,Severe Storm,2,1,1
40037,Fire,1,1,1
40037,Hurricane,0,1,1
40037,Winter Storm,0,1,1
40037,Flood,0,1,1
40037,Tornado,0,1,1
40037,Tropical Storm,0,1,1
40037,Snowstorm,0,1,1
40037,Coastal Storm,0,1,1
40037,Severe Ice Storm,2,1,1
40039,Severe Storm,2,0,0
40039,Fire,0,0,0
40039,Hurricane,0,0,0
40039,Winter Storm,0,0,0
40039,Flood,0,0,0
40039,Tornado,0,0,0
40039,Tropical Storm,0,0,0
40039,Snowstorm,0,0,0
40039,Coastal Storm,0,0,0
40039,Severe Ice Storm,3,0,0
40041,Severe Storm,3,0,0
40041,Fire,0,0,0
40041,Hurricane,0,0,0
40041,Winter Storm,0,0,0
40041,Flood,0,0,0
40041,Tornado,0,0,0
40041,Tropical Storm,0,0,0
40041,Snowstorm,0,0,0
40041,Coastal Storm,0,0,0
40041,Severe Ice Storm,2,0,0
40043,Severe Storm,1,0,0
40043,Fire,0,0,0
40043,Hurricane,0,0,0
40043,Winter Storm,0,0,0
40043,Flood,0,0,0
40043,Tornado,0,0,0
40043,Tropical Storm,0,0,0
40043,Snowstorm,0,0,0
40043,Coastal Storm,0,0,0
40043,Severe Ice Storm,3,0,0
40045,Severe Storm,1,0,0
40045,Fire,2,0,0
40045,Hurricane,0,0,0
40045,Winter Storm,0,0,0
40045,Flood,0,0,0
40045,Tornado,0,0,0
40045,Tropical Storm,0,0,0
40045,Snowstorm,0,0,0
40045,Coastal Storm,0,0,0
40045,Severe Ice Storm,3,0,0
40047,Severe Storm,1,0,0
40047,Fire,0,0,0
40047,Hurricane,0,0,0
40047,Winter Storm,0,0,0
40047,Flood,0,0,0
40047,Tornado,0,0,0
40047,Tropical Storm,0,0,0
40047,Snowstorm,0,0,0
40047,Coastal Storm,0,0,0
40047,Severe Ice Storm,3,0,0
40049,Severe Storm,0,0,0
40049,Fire,0,0,0
40049,Hurricane,0,0,0
40049,Winter Storm,0,0,0
40049,Flood,0,0,0
40049,Tornado,0,0,0
40049,Tropical Storm,0,0,0
40049,Snowstorm,0,0,0
40049,Coastal Storm,0,0,0
40049,Severe Ice Storm,2,0,0
40051,Severe Storm,1,0,0
40051,Fire,0,0,0
40051,Hurricane,0,0,0
40051,Winter Storm,0,0,0
40051,Flood,0,0,0
40051,Tornado,0,0,0
40051,Tropical Storm,0,0,0
40051,Snowstorm,0,0,0
40051,Coastal Storm,0,0,0
40051,Severe Ice Storm,3,0,0
40053,Severe Storm,1,0,0
40053,Fire,0,0,0
40053,Hurricane,0,0,0
40053,Winter Storm,0,0,0
40053,Flood,0,0,0
40053,Tornado,0,0,0
40053,Tropical Storm,0,0,0
40053,Snowstorm,0,0,0
40053,Coastal Storm,0,0,0
40053,Severe Ice Storm,3,0,0
40055,Severe Storm,1,0,0
40055,Fire,0,0,0
40055,Hurricane,0,0,0
40055,Winter Storm,0,0,0
40055,Flood,0,0,0
40055,Tornado,0,0,0
40055,Tropical Storm,0,0,0
40055,Snowstorm,0,0,0
40055,Coastal Storm,0,0,0
40055,Severe Ice Storm,2,0,0
40057,Severe Storm,0,0,0
40057,Fire,0,0,0
40057,Hurricane,0,0,0
40057,Winter Storm,0,0,0
40057,Flood,0,0,0
40057,Tornado,0,0,0
40057,Tropical Storm,0,0,0
40057,Snowstorm,0,0,0
40057,Coastal Storm,0,0,0
40057,Severe Ice Storm,2,0,0
40059,Severe Storm,2,0,0
40059,Fire,0,0,0
40059,Hurricane,0,0,0
40059,Winter Storm,0,0,0
40059,Flood,0,0,0
40059,Tornado,0,0,0
40059,Tropical Storm,0,0,0
40059,Snowstorm,0,0,0
40059,Coastal Storm,0,0,0
40059,Severe Ice Storm,2,0,0
40061,Severe Storm,1,0,0
40061,Fire,0,0,0
40061,Hurricane,0,0,0
40061,Winter Storm,0,0,0
40061,Flood,1,0,0
40061,Tornado,1,0,0
40061,Tropical Storm,0,0,0
40061,Snowstorm,0,0,0
40061,Coastal Storm,0,0,0
40061,Severe Ice Storm,2,0,0
40063,Severe Storm,0,0,0
40063,Fire,0,0,0
40063,Hurricane,0,0,0
40063,Winter Storm,0,0,0
40063,Flood,0,0,0
40063,Tornado,1,0,0
40063,Tropical Storm,0,0,0
40063,Snowstorm,0,0,0
40063,Coastal Storm,0,0,0
40063,Severe Ice Storm,2,0,0
40065,Severe Storm,2,0,0
40065,Fire,0,0,0
40065,Hurricane,0,0,0
40065,Winter Storm,0,0,0
40065,Flood,0,0,0
40065,Tornado,0,0,0
40065,Tropical Storm,0,0,0
40065,Snowstorm,0,0,0
40065,Coastal Storm,0,0,0
40065,Severe Ice Storm,3,0,0
40067,Severe Storm,1,0,0
40067,Fire,0,0,0
40067,Hurricane,0,0,0
40067,Winter Storm,0,0,0
40067,Flood,0,0,0
40067,Tornado,0,0,0
40067,Tropical Storm,0,0,0
40067,Snowstorm,0,0,0
40067,Coastal Storm,0,0,0
40067,Severe Ice Storm,2,0,0
40069,Severe Storm,0,0,0
40069,Fire,0,0,0
40069,Hurricane,0,0,0
40069,Winter Storm,0,0,0
40069,Flood,0,0,0
40069,Tornado,1,0,0
40069,Tropical Storm,0,0,0
40069,Snowstorm,0,0,0
40069,Coastal Storm,0,0,0
40069,Severe Ice Storm,2,0,0
40071,Severe Storm,2,0,0
40071,Fire,0,0,0
40071,Hurricane,0,0,0
40071,Winter Storm,0,0,0
40071,Flood,1,0,0
40071,Tornado,1,0,0
40071,Tropical Storm,0,0,0
40071,Snowstorm,0,0,0
40071,Coastal Storm,0,0,0
40071,Severe Ice Storm,3,0,0
40073,Severe Storm,1,0,0
40073,Fire,0,0,0
40073,Hurricane,0,0,0
40073,Winter Storm,0,0,0
40073,Flood,0,0,0
40073,Tornado,0,0,0
40073,Tropical Storm,0,0,0
40073,Snowstorm,0,0,0
40073,Coastal Storm,0,0,0
40073,Severe Ice Storm,3,0,0
40075,Severe Storm,1,0,0
40075,Fire,0,0,0
40075,Hurricane,0,0,0
40075,Winter Storm,0,0,0
40075,Flood,0,0,0
40075,Tornado,0,0,0
40075,Tropical Storm,0,0,0
40075,Snowstorm,0,0,0
40075,Coastal Storm,0,0,0
40075,Severe Ice Storm,3,0,0
40077,Severe Storm,0,0,0
40077,Fire,0,0,0
40077,Hurricane,0,0,0
40077,Winter Storm,0,0,0
40077,Flood,0,0,0
40077,Tornado,0,0,0
40077,Tropical Storm,0,0,0
40077,Snowstorm,0,0,0
40077,Coastal Storm,0,0,0
40077,Severe Ice Storm,2,0,0
40079,Severe Storm,1,0,0
40079,Fire,0,0,0
40079,Hurricane,0,0,0
40079,Winter Storm,0,0,0
40079,Flood,1,0,0
40079,Tornado,0,0,0
40079,Tropical Storm,0,0,0
40079,Snowstorm,0,0,0
40079,Coastal Storm,0,0,0
40079,Severe Ice Storm,2,0,0
40081,Severe Storm,2,0,0
40081,Fire,0,0,0
40081,Hurricane,0,0,0
40081,Winter Storm,0,0,0
40081,Flood,0,0,0
40081,Tornado,1,0,0
40081,Tropical Storm,0,0,0
40081,Snowstorm,0,0,0
40081,Coastal Storm,0,0,0
40081,Severe Ice Storm,3,0,0
40083,Severe Storm,1,0,0
40083,Fire,1,0,0
40083,Hurricane,0,0,0
40083,Winter Storm,0,0,0
40083,Flood,0,0,0
40083,Tornado,0,0,0
40083,Tropical Storm,0,0,0
40083,Snowstorm,0,0,0
40083,Coastal Storm,0,0,0
40083,Severe Ice Storm,3,0,0
40085,Severe Storm,2,0,0
40085,Fire,0,0,0
40085,Hurricane,0,0,0
40085,Winter Storm,0,0,0
40085,Flood,0,0,0
40085,Tornado,1,0,0
40085,Tropical Storm,0,0,0
40085,Snowstorm,0,0,0
40085,Coastal Storm,0,0,0
40085,Severe Ice Storm,2,0,0
40087,Severe Storm,0,0,0
40087,Fire,0,0,0
40087,Hurricane,0,0,0
40087,Winter Storm,0,0,0
40087,Flood,0,0,0
40087,Tornado,2,0,0
40087,Tropical Storm,0,0,0
40087,Snowstorm,0,0,0
40087,Coastal Storm,0,0,0
40087,Severe Ice Storm,3,0,0
40089,Severe Storm,1,0,0
40089,Fire,0,0,0
40089,Hurricane,0,0,0
40089,Winter Storm,0,0,0
40089,Flood,0,0,0
40089,Tornado,0,0,0
40089,Tropical Storm,0,0,0
40089,Snowstorm,0,0,0
40089,Coastal Storm,0,0,0
40089,Severe Ice Storm,2,0,0
40091,Severe Storm,1,0,0
40091,Fire,0,0,0
40091,Hurricane,0,0,0
40091,Winter Storm,0,0,0
40091,Flood,0,0,0
40091,Tornado,0,0,0
40091,Tropical Storm,0,0,0
40091,Snowstorm,0,0,0
40091,Coastal Storm,0,0,0
40091,Severe Ice Storm,2,0,0
40093,Severe Storm,2,0,0
40093,Fire,0,0,0
40093,Hurricane,0,0,0
40093,Winter Storm,0,0,0
40093,Flood,0,0,0
40093,Tornado,0,0,0
40093,Tropical Storm,0,0,0
40093,Snowstorm,0,0,0
40093,Coastal Storm,0,0,0
40093,Severe Ice Storm,3,0,0
40095,Severe Storm,0,0,0
40095,Fire,0,0,0
40095,Hurricane,0,0,0
40095,Winter Storm,0,0,0
40095,Flood,0,0,0
40095,Tornado,0,0,0
40095,Tropical Storm,0,0,0
40095,Snowstorm,0,0,0
40095,Coastal Storm,0,0,0
40095,Severe Ice Storm,2,0,0
40097,Severe Storm,3,0,0
40097,Fire,0,0,0
40097,Hurricane,0,0,0
40097,Winter Storm,0,0,0
40097,Flood,0,0,0
40097,Tornado,0,0,0
40097,Tropical Storm,0,0,0
40097,Snowstorm,0,0,0
40097,Coastal Storm,0,0,0
40097,Severe Ice Storm,2,0,0
40099,Severe Storm,0,0,0
40099,Fire,0,0,0
40099,Hurricane,0,0,0
40099,Winter Storm,0,0,0
40099,Flood,0,0,0
40099,Tornado,1,0,0
40099,Tropical Storm,0,0,0
40099,Snowstorm,0,0,0
40099,Coastal Storm,0,0,0
40099,Severe Ice Storm,2,0,0
40101,Severe Storm,4,0,0
40101,Fire,0,0,0
40101,Hurricane,0,0,0
40101,Winter Storm,0,0,0
40101,Flood,1,0,0
40101,Tornado,0,0,0
40101,Tropical Storm,0,0,0
40101,Snowstorm,0,0,0
40101,Coastal Storm,0,0,0
40101,Severe Ice Storm,2,0,0
40103,Severe Storm,2,0,0
40103,Fire,0,0,0
40103,Hurricane,0,0,0
40103,Winter Storm,0,0,0
40103,Flood,1,0,0
40103,Tornado,0,0,0
40103,Tropical Storm,0,0,0
40103,Snowstorm,0,0,0
40103,Coastal Storm,0,0,0
40103,Severe Ice Storm,3,0,0
40105,Severe Storm,2,0,0
40105,Fire,0,0,0
40105,Hurricane,0,0,0
40105,Winter Storm,0,0,0
40105,Flood,0,0,0
40105,Tornado,1,0,0
40105,Tropical Storm,0,0,0
40105,Snowstorm,0,0,0
40105,Coastal Storm,0,0,0
40105,Severe Ice Storm,2,0,0
40107,Severe Storm,2,0,0
40107,Fire,0,0,0
40107,Hurricane,0,0,0
40107,Winter Storm,0,0,0
40107,Flood,0,0,0
40107,Tornado,1,0,0
40107,Tropical Storm,0,0,0
40107,Snowstorm,0,0,0
40107,Coastal Storm,0,0,0
40107,Severe Ice Storm,2,0,0
40109,Severe Storm,0,1,2
40109,Fire,1,1,2
40109,Hurricane,0,1,2
40109,Winter Storm,0,1,2
40109,Flood,0,1,2
40109,Tornado,0,1,2
40109,Tropical Storm,0,1,2
40109,Snowstorm,0,1,2
40109,Coastal Storm,0,1,2
40109,Severe Ice Storm,3,1,2
40111,Severe Storm,3,0,0
40111,Fire,0,0,0
40111,Hurricane,0,0,0
40111,Winter Storm,0,0,0
40111,Flood,0,0,0
40111,Tornado,1,0,0
40111,Tropical Storm,0,0,0
40111,Snowstorm,0,0,0
40111,Coastal Storm,0,0,0
40111,Severe Ice Storm,2,0,0
40113,Severe Storm,2,1,2
40113,Fire,1,1,2
40113,Hurricane,0,1,2
40113,Winter Storm,0,1,2
40113,Flood,1,1,2
40113,Tornado,1,1,2
40113,Tropical Storm,0,1,2
40113,Snowstorm,0,1,2
40113,Coastal Storm,0,1,2
40113,Severe Ice Storm,2,1,2
40115,Severe Storm,2,0,0
40115,Fire,0,0,0
40115,Hurricane,0,0,0
40115,Winter Storm,0,0,0
40115,Flood,0,0,0
40115,Tornado,1,0,0
40115,Tropical Storm,0,0,0
40115,Snowstorm,0,0,0
40115,Coastal Storm,0,0,0
40115,Severe Ice Storm,2,0,0
40117,Severe Storm,2,0,0
40117,Fire,0,0,0
40117,Hurricane,0,0,0
40117,Winter Storm,0,0,0
40117,Flood,1,0,0
40117,Tornado,0,0,0
40117,Tropical Storm,0,0,0
40117,Snowstorm,0,0,0
40117,Coastal Storm,0,0,0
40117,Severe Ice Storm,3,0,0
40119,Severe Storm,2,0,0
40119,Fire,1,0,0
40119,Hurricane,0,0,0
40119,Winter Storm,0,0,0
40119,Flood,0,0,0
40119,Tornado,0,0,0
40119,Tropical Storm,0,0,0
40119,Snowstorm,0,0,0
40119,Coastal Storm,0,0,0
40119,Severe Ice Storm,3,0,0
40121,Severe Storm,2,0,0
40121,Fire,0,0,0
40121,Hurricane,0,0,0
40121,Winter Storm,0,0,0
40121,Flood,0,0,0
40121,Tornado,1,0,0
40121,Tropical Storm,0,0,0
40121,Snowstorm,0,0,0
40121,Coastal Storm,0,0,0
40121,Severe Ice Storm,2,0,0
40123,Severe Storm,0,0,0
40123,Fire,0,0,0
40123,Hurricane,0,0,0
40123,Winter Storm,0,0,0
40123,Flood,0,0,0
40123,Tornado,1,0,0
40123,Tropical Storm,0,0,0
40123,Snowstorm,0,0,0
40123,Coastal Storm,0,0,0
40123,Severe Ice Storm,2,0,0
40125,Severe Storm,2,0,0
40125,Fire,0,0,0
40125,Hurricane,0,0,0
40125,Winter Storm,0,0,0
40125,Flood,0,0,0
40125,Tornado,2,0,0
40125,Tropical Storm,0,0,0
40125,Snowstorm,0,0,0
40125,Coastal Storm,0,0,0
40125,Severe Ice Storm,3,0,0
40127,Severe Storm,3,0,0
40127,Fire,0,0,0
40127,Hurricane,0,0,0
40127,Winter Storm,0,0,0
40127,Flood,0,0,0
40127,Tornado,0,0,0
40127,Tropical Storm,0,0,0
40127,Snowstorm,0,0,0
40127,Coastal Storm,0,0,0
40127,Severe Ice Storm,2,0,0
40129,Severe Storm,2,0,0
40129,Fire,0,0,0
40129,Hurricane,0,0,0
40129,Winter Storm,0,0,0
40129,Flood,0,0,0
40129,Tornado,0,0,0
40129,Tropical Storm,0,0,0
40129,Snowstorm,0,0,0
40129,Coastal Storm,0,0,0
40129,Severe Ice Storm,3,0,0
40131,Severe Storm,3,1,2
40131,Fire,0,1,2
40131,Hurricane,0,1,2
40131,Winter Storm,0,1,2
40131,Flood,0,1,2
40131,Tornado,0,1,2
40131,Tropical Storm,0,1,2
40131,Snowstorm,0,1,2
40131,Coastal Storm,0,1,2
40131,Severe Ice Storm,2,1,2
40133,Severe Storm,1,0,0
40133,Fire,0,0,0
40133,Hurricane,0,0,0
40133,Winter Storm,0,0,0
40133,Flood,0,0,0
40133,Tornado,1,0,0
40133,Tropical Storm,0,0,0
40133,Snowstorm,0,0,0
40133,Coastal Storm,0,0,0
40133,Severe Ice Storm,2,0,0
40135,Severe Storm,1,0,0
40135,Fire,0,0,0
40135,Hurricane,0,0,0
40135,Winter Storm,0,0,0
40135,Flood,1,0,0
40135,Tornado,0,0,0
40135,Tropical Storm,0,0,0
40135,Snowstorm,0,0,0
40135,Coastal Storm,0,0,0
40135,Severe Ice Storm,2,0,0
40137,Severe Storm,2,0,0
40137,Fire,0,0,0
40137,Hurricane,0,0,0
40137,Winter Storm,0,0,0
40137,Flood,0,0,0
40137,Tornado,0,0,0
40137,Tropical Storm,0,0,0
40137,Snowstorm,0,0,0
40137,Coastal Storm,0,0,0
40137,Severe Ice Storm,3,0,0
40139,Severe Storm,0,0,0
40139,Fire,1,0,0
40139,Hurricane,0,0,0
40139,Winter Storm,0,0,0
40139,Flood,0,0,0
40139,Tornado,0,0,0
40139,Tropical Storm,0,0,0
40139,Snowstorm,0,0,0
40139,Coastal Storm,0,0,0
40139,Severe Ice Storm,2,0,0
40141,Severe Storm,2,0,0
40141,Fire,0,0,0
40141,Hurricane,0,0,0
40141,Winter Storm,0,0,0
40141,Flood,0,0,0
40141,Tornado,1,0,0
40141,Tropical Storm,0,0,0
40141,Snowstorm,0,0,0
40141,Coastal Storm,0,0,0
40141,Severe Ice Storm,3,0,0
40143,Severe Storm,3,1,6
40143,Fire,0,1,6
40143,Hurricane,0,1,6
40143,Winter Storm,0,1,6
40143,Flood,1,1,6
40143,Tornado,0,1,6
40143,Tropical Storm,0,1,6
40143,Snowstorm,0,1,6
40143,Coastal Storm,0,1,6
40143,Severe Ice Storm,2,1,6
40145,Severe Storm,2,1,1
40145,Fire,0,1,1
40145,Hurricane,0,1,1
40145,Winter Storm,0,1,1
40145,Flood,1,1,1
40145,Tornado,1,1,1
40145,Tropical Storm,0,1,1
40145,Snowstorm,0,1,1
40145,Coastal Storm,0,1,1
40145,Severe Ice Storm,2,1,1
40147,Severe Storm,1,0,0
40147,Fire,1,0,0
40147,Hurricane,0,0,0
40147,Winter Storm,0,0,0
40147,Flood,0,0,0
40147,Tornado,1,0,0
40147,Tropical Storm,0,0,0
40147,Snowstorm,0,0,0
40147,Coastal Storm,0,0,0
40147,Severe Ice Storm,2,0,0
40149,Severe Storm,1,0,0
40149,Fire,0,0,0
40149,Hurricane,0,0,0
40149,Winter Storm,0,0,0
40149,Flood,0,0,0
40149,Tornado,1,0,0
40149,Tropical Storm,0,0,0
40149,Snowstorm,0,0,0
40149,Coastal Storm,0,0,0
40149,Severe Ice Storm,3,0,0
40151,Severe Storm,2,0,0
40151,Fire,0,0,0
40151,Hurricane,0,0,0
40151,Winter Storm,0,0,0
40151,Flood,0,0,0
40151,Tornado,0,0,0
40151,Tropical Storm,0,0,0
40151,Snowstorm,0,0,0
40151,Coastal Storm,0,0,0
40151,Severe Ice Storm,2,0,0
40153,Severe Storm,2,0,0
40153,Fire,2,0,0
40153,Hurricane,0,0,0
40153,Winter Storm,0,0,0
40153,Flood,0,0,0
40153,Tornado,0,0,0
40153,Tropical Storm,0,0,0
40153,Snowstorm,0,0,0
40153,Coastal Storm,0,0,0
40153,Severe Ice Storm,2,0,0
41001,Severe Storm,0,0,0
41001,Fire,1,0,0
41001,Hurricane,0,0,0
41001,Winter Storm,0,0,0
41001,Flood,0,0,0
41001,Tornado,0,0,0
41001,Tropical Storm,0,0,0
41001,Snowstorm,0,0,0
41001,Coastal Storm,0,0,0
41001,Severe Ice Storm,0,0,0
41003,Severe Storm,2,0,0
41003,Fire,1,0,0
41003,Hurricane,0,0,0
41003,Winter Storm,0,0,0
41003,Flood,0,0,0
41003,Tornado,0,0,0
41003,Tropical Storm,0,0,0
41003,Snowstorm,0,0,0
41003,Coastal Storm,0,0,0
41003,Severe Ice Storm,0,0,0
41005,Severe Storm,2,0,0
41005,Fire,6,0,0
41005,Hurricane,0,0,0
41005,Winter Storm,0,0,0
41005,Flood,0,0,0
41005,Tornado,0,0,0
41005,Tropical Storm,0,0,0
41005,Snowstorm,0,0,0
41005,Coastal Storm,0,0,0
41005,Severe Ice Storm,0,0,0
41007,Severe Storm,0,0,0
41007,Fire,0,0,0
41007,Hurricane,0,0,0
41007,Winter Storm,0,0,0
41007,Flood,0,0,0
41007,Tornado,0,0,0
41007,Tropical Storm,0,0,0
41007,Snowstorm,0,0,0
41007,Coastal Storm,0,0,0
41007,Severe Ice Storm,0,0,0
41009,Severe Storm,0,0,0
41009,Fire,1,0,0
41009,Hurricane,0,0,0
41009,Winter Storm,0,0,0
41009,Flood,0,0,0
41009,Tornado,0,0,0
41009,Tropical Storm,0,0,0
41009,Snowstorm,0,0,0
41009,Coastal Storm,0,0,0
41009,Severe Ice Storm,0,0,0
41011,Severe Storm,2,0,0
41011,Fire,1,0,0
41011,Hurricane,0,0,0
41011,Winter Storm,0,0,0
41011,Flood,0,0,0
41011,Tornado,0,0,0
41011,Tropical Storm,0,0,0
41011,Snowstorm,0,0,0
41011,Coastal Storm,0,0,0
41011,Severe Ice Storm,0,0,0
41013,Severe Storm,0,0,0
41013,Fire,1,0,0
41013,Hurricane,0,0,0
41013,Winter Storm,0,0,0
41013,Flood,0,0,0
41013,Tornado,0,0,0
41013,Tropical Storm,0,0,0
41013,Snowstorm,0,0,0
41013,Coastal Storm,0,0,0
41013,Severe Ice Storm,0,0,0
41015,Severe Storm,1,0,0
41015,Fire,0,0,0
41015,Hurricane,0,0,0
41015,Winter Storm,0,0,0
41015,Flood,1,0,0
41015,Tornado,0,0,0
41015,Tropical Storm,0,0,0
41015,Snowstorm,0,0,0
41015,Coastal Storm,0,0,0
41015,Severe Ice Storm,0,0,0
41017,Severe Storm,0,0,0
41017,Fire,4,0,0
41017,Hurricane,0,0,0
41017,Winter Storm,0,0,0
41017,Flood,0,0,0
41017,Tornado,0,0,0
41017,Tropical Storm,0,0,0
41017,Snowstorm,0,0,0
41017,Coastal Storm,0,0,0
41017,Severe Ice Storm,0,0,0
41019,Severe Storm,1,0,0
41019,Fire,4,0,0
41019,Hurricane,0,0,0
41019,Winter Storm,0,0,0
41019,Flood,1,0,0
41019,Tornado,0,0,0
41019,Tropical Storm,0,0,0
41019,Snowstorm,0,0,0
41019,Coastal Storm,0,0,0
41019,Severe Ice Storm,0,0,0
41021,Severe Storm,0,0,0
41021,Fire,1,0,0
41021,Hurricane,0,0,0
41021,Winter Storm,0,0,0
41021,Flood,0,0,0
41021,Tornado,0,0,0
41021,Tropical Storm,0,0,0
41021,Snowstorm,0,0,0
41021,Coastal Storm,0,0,0
41021,Severe Ice Storm,0,0,0
41023,Severe Storm,0,0,0
41023,Fire,4,0,0
41023,Hurricane,0,0,0
41023,Winter Storm,0,0,0
41023,Flood,1,0,0
41023,Tornado,0,0,0
41023,Tropical Storm,0,0,0
41023,Snowstorm,0,0,0
41023,Coastal Storm,0,0,0
41023,Severe Ice Storm,0,0,0
41025,Severe Storm,0,0,0
41025,Fire,1,0,0
41025,Hurricane,0,0,0
41025,Winter Storm,0,0,0
41025,Flood,0,0,0
41025,Tornado,0,0,0
41025,Tropical Storm,0,0,0
41025,Snowstorm,0,0,0
41025,Coastal Storm,0,0,0
41025,Severe Ice Storm,0,0,0
41027,Severe Storm,1,1,1
41027,Fire,0,1,1
41027,Hurricane,0,1,1
41027,Winter Storm,0,1,1
41027,Flood,0,1,1
41027,Tornado,0,1,1
41027,Tropical Storm,0,1,1
41027,Snowstorm,0,1,1
41027,Coastal Storm,0,1,1
41027,Severe Ice Storm,0,1,1
41029,Severe Storm,0,0,0
41029,Fire,4,0,0
41029,Hurricane,0,0,0
41029,Winter Storm,0,0,0
41029,Flood,0,0,0
41029,Tornado,0,0,0
41029,Tropical Storm,0,0,0
41029,Snowstorm,0,0,0
41029,Coastal Storm,0,0,0
41029,Severe Ice Storm,0,0,0
41031,Severe Storm,1,0,0
41031,Fire,4,0,0
41031,Hurricane,0,0,0
41031,Winter Storm,0,0,0
41031,Flood,0,0,0
41031,Tornado,0,0,0
41031,Tropical Storm,0,0,0
41031,Snowstorm,0,0,0
41031,Coastal Storm,0,0,0
41031,Severe Ice Storm,0,0,0
41033,Severe Storm,0,0,0
41033,Fire,2,0,0
41033,Hurricane,0,0,0
41033,Winter Storm,0,0,0
41033,Flood,0,0,0
41033,Tornado,0,0,0
41033,Tropical Storm,0,0,0
41033,Snowstorm,0,0,0
41033,Coastal Storm,0,0,0
41033,Severe Ice Storm,0,0,0
41035,Severe Storm,0,0,0
41035,Fire,6,0,0
41035,Hurricane,0,0,0
41035,Winter Storm,0,0,0
41035,Flood,0,0,0
41035,Tornado,0,0,0
41035,Tropical Storm,0,0,0
41035,Snowstorm,0,0,0
41035,Coastal Storm,0,0,0
41035,Severe Ice Storm,0,0,0
41037,Severe Storm,0,0,0
41037,Fire,4,0,0
41037,Hurricane,0,0,0
41037,Winter Storm,0,0,0
41037,Flood,0,0,0
41037,Tornado,0,0,0
41037,Tropical Storm,0,0,0
41037,Snowstorm,0,0,0
41037,Coastal Storm,0,0,0
41037,Severe Ice Storm,0,0,0
41039,Severe Storm,2,0,0
41039,Fire,4,0,0
41039,Hurricane,0,0,0
41039,Winter Storm,0,0,0
41039,Flood,0,0,0
41039,Tornado,0,0,0
41039,Tropical Storm,0,0,0
41039,Snowstorm,0,0,0
41039,Coastal Storm,0,0,0
41039,Severe Ice Storm,0,0,0
41041,Severe Storm,1,0,0
41041,Fire,3,0,0
41041,Hurricane,0,0,0
41041,Winter Storm,0,0,0
41041,Flood,0,0,0
41041,Tornado,0,0,0
41041,Tropical Storm,0,0,0
41041,Snowstorm,0,0,0
41041,Coastal Storm,0,0,0
41041,Severe Ice Storm,0,0,0
41043,Severe Storm,2,0,0
41043,Fire,3,0,0
41043,Hurricane,0,0,0
41043,Winter Storm,0,0,0
41043,Flood,1,0,0
41043,Tornado,0,0,0
41043,Tropical Storm,0,0,0
41043,Snowstorm,0,0,0
41043,Coastal Storm,0,0,0
41043,Severe Ice Storm,0,0,0
41045,Severe Storm,0,0,0
41045,Fire,1,0,0
41045,Hurricane,0,0,0
41045,Winter Storm,0,0,0
41045,Flood,0,0,0
41045,Tornado,0,0,0
41045,Tropical Storm,0,0,0
41045,Snowstorm,0,0,0
41045,Coastal Storm,0,0,0
41045,Severe Ice Storm,0,0,0
41047,Severe Storm,1,0,0
41047,Fire,4,0,0
41047,Hurricane,0,0,0
41047,Winter Storm,0,0,0
41047,Flood,0,0,0
41047,Tornado,0,0,0
41047,Tropical Storm,0,0,0
41047,Snowstorm,0,0,0
41047,Coastal Storm,0,0,0
41047,Severe Ice Storm,0,0,0
41049,Severe Storm,0,0,0
41049,Fire,2,0,0
41049,Hurricane,0,0,0
41049,Winter Storm,0,0,0
41049,Flood,0,0,0
41049,Tornado,0,0,0
41049,Tropical Storm,0,0,0
41049,Snowstorm,0,0,0
41049,Coastal Storm,0,0,0
41049,Severe Ice Storm,0,0,0
41051,Severe Storm,1,1,8
41051,Fire,1,1,8
41051,Hurricane,0,1,8
41051,Winter Storm,0,1,8
41051,Flood,0,1,8
41051,Tornado,0,1,8
41051,Tropical Storm,0,1,8
41051,Snowstorm,0,1,8
41051,Coastal Storm,0,1,8
41051,Severe Ice Storm,0,1,8
41053,Severe Storm,1,0,0
41053,Fire,0,0,0
41053,Hurricane,0,0,0
41053,Winter Storm,0,0,0
41053,Flood,0,0,0
41053,Tornado,0,0,0
41053,Tropical Storm,0,0,0
41053,Snowstorm,0,0,0
41053,Coastal Storm,0,0,0
41053,Severe Ice Storm,0,0,0
41055,Severe Storm,1,0,0
41055,Fire,0,0,0
41055,Hurricane,0,0,0
41055,Winter Storm,0,0,0
41055,Flood,0,0,0
41055,Tornado,0,0,0
41055,Tropical Storm,0,0,0
41055,Snowstorm,0,0,0
41055,Coastal Storm,0,0,0
41055,Severe Ice Storm,0,0,0
41057,Severe Storm,1,0,0
41057,Fire,3,0,0
41057,Hurricane,0,0,0
41057,Winter Storm,0,0,0
41057,Flood,0,0,0
41057,Tornado,0,0,0
41057,Tropical Storm,0,0,0
41057,Snowstorm,0,0,0
41057,Coastal Storm,0,0,0
41057,Severe Ice Storm,0,0,0
41059,Severe Storm,0,0,0
41059,Fire,1,0,0
41059,Hurricane,0,0,0
41059,Winter Storm,0,0,0
41059,Flood,2,0,0
41059,Tornado,0,0,0
41059,Tropical Storm,0,0,0
41059,Snowstorm,0,0,0
41059,Coastal Storm,0,0,0
41059,Severe Ice Storm,0,0,0
41061,Severe Storm,0,0,0
41061,Fire,0,0,0
41061,Hurricane,0,0,0
41061,Winter Storm,0,0,0
41061,Flood,1,0,0
41061,Tornado,0,0,0
41061,Tropical Storm,0,0,0
41061,Snowstorm,0,0,0
41061,Coastal Storm,0,0,0
41061,Severe Ice Storm,0,0,0
41063,Severe Storm,0,0,0
41063,Fire,0,0,0
41063,Hurricane,0,0,0
41063,Winter Storm,0,0,0
41063,Flood,1,0,0
41063,Tornado,0,0,0
41063,Tropical Storm,0,0,0
41063,Snowstorm,0,0,0
41063,Coastal Storm,0,0,0
41063,Severe Ice Storm,0,0,0
41065,Severe Storm,1,1,1
41065,Fire,5,1,1
41065,Hurricane,0,1,1
41065,Winter Storm,0,1,1
41065,Flood,0,1,1
41065,Tornado,0,1,1
41065,Tropical Storm,0,1,1
41065,Snowstorm,0,1,1
41065,Coastal Storm,0,1,1
41065,Severe Ice Storm,0,1,1
41067,Severe Storm,0,1,8
41067,Fire,5,1,8
41067,Hurricane,0,1,8
41067,Winter Storm,0,1,8
41067,Flood,0,1,8
41067,Tornado,0,1,8
41067,Tropical Storm,0,1,8
41067,Snowstorm,0,1,8
41067,Coastal Storm,0,1,8
41067,Severe Ice Storm,0,1,8
41069,Severe Storm,0,0,0
41069,Fire,2,0,0
41069,Hurricane,0,0,0
41069,Winter Storm,0,0,0
41069,Flood,1,0,0
41069,Tornado,0,0,0
41069,Tropical Storm,0,0,0
41069,Snowstorm,0,0,0
41069,Coastal Storm,0,0,0
41069,Severe Ice Storm,0,0,0
41071,Severe Storm,2,0,0
41071,Fire,2,0,0
41071,Hurricane,0,0,0
41071,Winter Storm,0,0,0
41071,Flood,0,0,0
41071,Tornado,0,0,0
41071,Tropical Storm,0,0,0
41071,Snowstorm,0,0,0
41071,Coastal Storm,0,0,0
41071,Severe Ice Storm,0,0,0
42001,Severe Storm,0,0,0
42001,Fire,0,0,0
42001,Hurricane,0,0,0
42001,Winter Storm,0,0,0
42001,Flood,0,0,0
42001,Tornado,0,0,0
42001,Tropical Storm,0,0,0
42001,Snowstorm,0,0,0
42001,Coastal Storm,0,0,0
42001,Severe Ice Storm,0,0,0
42003,Severe Storm,0,1,17
42003,Fire,0,1,17
42003,Hurricane,0,1,17
42003,Winter Storm,0,1,17
42003,Flood,0,1,17
42003,Tornado,0,1,17
42003,Tropical Storm,0,1,17
42003,Snowstorm,0,1,17
42003,Coastal Storm,0,1,17
42003,Severe Ice Storm,0,1,17
42005,Severe Storm,0,1,2
42005,Fire,0,1,2
42005,Hurricane,0,1,2
42005,Winter Storm,0,1,2
42005,Flood,0,1,2
42005,Tornado,0,1,2
42005,Tropical Storm,0,1,2
42005,Snowstorm,0,1,2
42005,Coastal Storm,0,1,2
42005,Severe Ice Storm,0,1,2
42007,Severe Storm,0,1,3
42007,Fire,0,1,3
42007,Hurricane,0,1,3
42007,Winter Storm,0,1,3
42007,Flood,0,1,3
42007,Tornado,0,1,3
42007,Tropical Storm,0,1,3
42007,Snowstorm,0,1,3
42007,Coastal Storm,0,1,3
42007,Severe Ice Storm,0,1,3
42009,Severe Storm,0,0,0
42009,Fire,0,0,0
42009,Hurricane,1,0,0
42009,Winter Storm,0,0,0
42009,Flood,0,0,0
42009,Tornado,0,0,0
42009,Tropical Storm,0,0,0
42009,Snowstorm,0,0,0
42009,Coastal Storm,0,0,0
42009,Severe Ice Storm,0,0,0
42011,Severe Storm,0,1,6
42011,Fire,0,1,6
42011,Hurricane,0,1,6
42011,Winter Storm,0,1,6
42011,Flood,0,1,6
42011,Tornado,0,1,6
42011,Tropical Storm,0,1,6
42011,Snowstorm,0,1,6
42011,Coastal Storm,0,1,6
42011,Severe Ice Storm,0,1,6
42013,Severe Storm,0,0,0
42013,Fire,0,0,0
42013,Hurricane,0,0,0
42013,Winter Storm,0,0,0
42013,Flood,0,0,0
42013,Tornado,0,0,0
42013,Tropical Storm,0,0,0
42013,Snowstorm,0,0,0
42013,Coastal Storm,0,0,0
42013,Severe Ice Storm,0,0,0
42015,Severe Storm,0,1,1
42015,Fire,0,1,1
42015,Hurricane,0,1,1
42015,Winter Storm,0,1,1
42015,Flood,0,1,1
42015,Tornado,0,1,1
42015,Tropical Storm,0,1,1
42015,Snowstorm,0,1,1
42015,Coastal Storm,0,1,1
42015,Severe Ice Storm,0,1,1
42017,Severe Storm,0,1,2
42017,Fire,0,1,2
42017,Hurricane,1,1,2
42017,Winter Storm,0,1,2
42017,Flood,0,1,2
42017,Tornado,0,1,2
42017,Tropical Storm,0,1,2
42017,Snowstorm,0,1,2
42017,Coastal Storm,0,1,2
42017,Severe Ice Storm,0,1,2
42019,Severe Storm,0,1,2
42019,Fire,0,1,2
42019,Hurricane,0,1,2
42019,Winter Storm,0,1,2
42019,Flood,0,1,2
42019,Tornado,0,1,2
42019,Tropical Storm,0,1,2
42019,Snowstorm,0,1,2
42019,Coastal Storm,0,1,2
42019,Severe Ice Storm,0,1,2
42021,Severe Storm,0,1,1
42021,Fire,0,1,1
42021,Hurricane,0,1,1
42021,Winter Storm,0,1,1
42021,Flood,0,1,1
42021,Tornado,0,1,1
42021,Tropical Storm,1,1,1
42021,Snowstorm,0,1,1
42021,Coastal Storm,0,1,1
42021,Severe Ice Storm,0,1,1
42023,Severe Storm,0,0,0
42023,Fire,0,0,0
42023,Hurricane,0,0,0
42023,Winter Storm,0,0,0
42023,Flood,0,0,0
42023,Tornado,0,0,0
42023,Tropical Storm,1,0,0
42023,Snowstorm,0,0,0
42023,Coastal Storm,0,0,0
42023,Severe Ice Storm,0,0,0
42025,Severe Storm,0,1,2
42025,Fire,0,1,2
42025,Hurricane,0,1,2
42025,Winter Storm,0,1,2
42025,Flood,0,1,2
42025,Tornado,0,1,2
42025,Tropical Storm,0,1,2
42025,Snowstorm,0,1,2
42025,Coastal Storm,0,1,2
42025,Severe Ice Storm,0,1,2
42027,Severe Storm,0,1,1
42027,Fire,0,1,1
42027,Hurricane,0,1,1
42027,Winter Storm,0,1,1
42027,Flood,0,1,1
42027,Tornado,0,1,1
42027,Tropical Storm,0,1,1
42027,Snowstorm,0,1,1
42027,Coastal Storm,0,1,1
42027,Severe Ice Storm,0,1,1
42029,Severe Storm,0,1,2
42029,Fire,0,1,2
42029,Hurricane,1,1,2
42029,Winter Storm,0,1,2
42029,Flood,0,1,2
42029,Tornado,0,1,2
42029,Tropical Storm,0,1,2
42029,Snowstorm,0,1,2
42029,Coastal Storm,0,1,2
42029,Severe Ice Storm,0,1,2
42031,Severe Storm,0,0,0
42031,Fire,0,0,0
42031,Hurricane,0,0,0
42031,Winter Storm,0,0,0
42031,Flood,0,0,0
42031,Tornado,0,0,0
42031,Tropical Storm,0,0,0
42031,Snowstorm,0,0,0
42031,Coastal Storm,0,0,0
42031,Severe Ice Storm,0,0,0
42033,Severe Storm,0,0,0
42033,Fire,0,0,0
42033,Hurricane,0,0,0
42033,Winter Storm,0,0,0
42033,Flood,0,0,0
42033,Tornado,0,0,0
42033,Tropical Storm,1,0,0
42033,Snowstorm,0,0,0
42033,Coastal Storm,0,0,0
42033,Severe Ice Storm,0,0,0
42035,Severe Storm,0,0,0
42035,Fire,0,0,0
42035,Hurricane,0,0,0
42035,Winter Storm,0,0,0
42035,Flood,0,0,0
42035,Tornado,0,0,0
42035,Tropical Storm,0,0,0
42035,Snowstorm,0,0,0
42035,Coastal Storm,0,0,0
42035,Severe Ice Storm,0,0,0
42037,Severe Storm,0,1,2
42037,Fire,0,1,2
42037,Hurricane,0,1,2
42037,Winter Storm,0,1,2
42037,Flood,0,1,2
42037,Tornado,0,1,2
42037,Tropical Storm,0,1,2
42037,Snowstorm,0,1,2
42037,Coastal Storm,0,1,2
42037,Severe Ice Storm,0,1,2
42039,Severe Storm,0,0,0
42039,Fire,0,0,0
42039,Hurricane,0,0,0
42039,Winter Storm,0,0,0
42039,Flood,0,0,0
42039,Tornado,0,0,0
42039,Tropical Storm,0,0,0
42039,Snowstorm,0,0,0
42039,Coastal Storm,0,0,0
42039,Severe Ice Storm,0,0,0
42041,Severe Storm,0,1,2
42041,Fire,0,1,2
42041,Hurricane,0,1,2
42041,Winter Storm,0,1,2
42041,Flood,0,1,2
42041,Tornado,0,1,2
42041,Tropical Storm,0,1,2
42041,Snowstorm,0,1,2
42041,Coastal Storm,0,1,2
42041,Severe Ice Storm,0,1,2
42043,Severe Storm,0,1,1
42043,Fire,0,1,1
42043,Hurricane,1,1,1
42043,Winter Storm,0,1,1
42043,Flood,0,1,1
42043,Tornado,0,1,1
42043,Tropical Storm,0,1,1
42043,Snowstorm,0,1,1
42043,Coastal Storm,0,1,1
42043,Severe Ice Storm,0,1,1
42045,Severe Storm,0,0,0
42045,Fire,0,0,0
42045,Hurricane,1,0,0
42045,Winter Storm,0,0,0
42045,Flood,0,0,0
42045,Tornado,0,0,0
42045,Tropical Storm,0,0,0
42045,Snowstorm,0,0,0
42045,Coastal Storm,0,0,0
42045,Severe Ice Storm,0,0,0
42047,Severe Storm,0,0,0
42047,Fire,0,0,0
42047,Hurricane,0,0,0
42047,Winter Storm,0,0,0
42047,Flood,0,0,0
42047,Tornado,0,0,0
42047,Tropical Storm,1,0,0
42047,Snowstorm,0,0,0
42047,Coastal Storm,0,0,0
42047,Severe Ice Storm,0,0,0
42049,Severe Storm,0,0,0
42049,Fire,0,0,0
42049,Hurricane,0,0,0
42049,Winter Storm,0,0,0
42049,Flood,0,0,0
42049,Tornado,0,0,0
42049,Tropical Storm,0,0,0
42049,Snowstorm,0,0,0
42049,Coastal Storm,0,0,0
42049,Severe Ice Storm,0,0,0
42051,Severe Storm,0,1,1
42051,Fire,0,1,1
42051,Hurricane,0,1,1
42051,Winter Storm,0,1,1
42051,Flood,0,1,1
42051,Tornado,0,1,1
42051,Tropical Storm,0,1,1
42051,Snowstorm,0,1,1
42051,Coastal Storm,0,1,1
42051,Severe Ice Storm,0,1,1
42053,Severe Storm,0,0,0
42053,Fire,0,0,0
42053,Hurricane,0,0,0
42053,Winter Storm,0,0,0
42053,Flood,0,0,0
42053,Tornado,0,0,0
42053,Tropical Storm,0,0,0
42053,Snowstorm,0,0,0
42053,Coastal Storm,0,0,0
42053,Severe Ice Storm,0,0,0
42055,Severe Storm,0,1,1
42055,Fire,0,1,1
42055,Hurricane,0,1,1
42055,Winter Storm,0,1,1
42055,Flood,0,1,1
42055,Tornado,0,1,1
42055,Tropical Storm,0,1,1
42055,Snowstorm,0,1,1
42055,Coastal Storm,0,1,1
42055,Severe Ice Storm,0,1,1
42057,Severe Storm,0,0,0
42057,Fire,0,0,0
42057,Hurricane,1,0,0
42057,Winter Storm,0,0,0
42057,Flood,0,0,0
42057,Tornado,0,0,0
42057,Tropical Storm,0,0,0
42057,Snowstorm,0,0,0
42057,Coastal Storm,0,0,0
42057,Severe Ice Storm,0,0,0
42059,Severe Storm,0,1,1
42059,Fire,0,1,1
42059,Hurricane,0,1,1
42059,Winter Storm,0,1,1
42059,Flood,0,1,1
42059,Tornado,0,1,1
42059,Tropical Storm,0,1,1
42059,Snowstorm,0,1,1
42059,Coastal Storm,0,1,1
42059,Severe Ice Storm,0,1,1
42061,Severe Storm,0,0,0
42061,Fire,0,0,0
42061,Hurricane,1,0,0
42061,Winter Storm,0,0,0
42061,Flood,0,0,0
42061,Tornado,0,0,0
42061,Tropical Storm,0,0,0
42061,Snowstorm,0,0,0
42061,Coastal Storm,0,0,0
42061,Severe Ice Storm,0,0,0
42063,Severe Storm,0,1,2
42063,Fire,0,1,2
42063,Hurricane,0,1,2
42063,Winter Storm,0,1,2
42063,Flood,0,1,2
42063,Tornado,0,1,2
42063,Tropical Storm,1,1,2
42063,Snowstorm,0,1,2
42063,Coastal Storm,0,1,2
42063,Severe Ice Storm,0,1,2
42065,Severe Storm,0,0,0
42065,Fire,0,0,0
42065,Hurricane,0,0,0
42065,Winter Storm,0,0,0
42065,Flood,0,0,0
42065,Tornado,0,0,0
42065,Tropical Storm,0,0,0
42065,Snowstorm,0,0,0
42065,Coastal Storm,0,0,0
42065,Severe Ice Storm,0,0,0
42067,Severe Storm,0,0,0
42067,Fire,0,0,0
42067,Hurricane,0,0,0
42067,Winter Storm,0,0,0
42067,Flood,0,0,0
42067,Tornado,0,0,0
42067,Tropical Storm,0,0,0
42067,Snowstorm,0,0,0
42067,Coastal Storm,0,0,0
42067,Severe Ice Storm,0,0,0
42069,Severe Storm,0,1,7
42069,Fire,0,1,7
42069,Hurricane,0,1,7
42069,Winter Storm,0,1,7
42069,Flood,0,1,7
42069,Tornado,0,1,7
42069,Tropical Storm,0,1,7
42069,Snowstorm,0,1,7
42069,Coastal Storm,0,1,7
42069,Severe Ice Storm,0,1,7
42071,Severe Storm,0,1,4
42071,Fire,0,1,4
42071,Hurricane,0,1,4
42071,Winter Storm,0,1,4
42071,Flood,0,1,4
42071,Tornado,0,1,4
42071,Tropical Storm,0,1,4
42071,Snowstorm,0,1,4
42071,Coastal Storm,0,1,4
42071,Severe Ice Storm,0,1,4
42073,Severe Storm,0,1,1
42073,Fire,0,1,1
42073,Hurricane,0,1,1
42073,Winter Storm,0,1,1
42073,Flood,0,1,1
42073,Tornado,0,1,1
42073,Tropical Storm,0,1,1
42073,Snowstorm,0,1,1
42073,Coastal Storm,0,1,1
42073,Severe Ice Storm,0,1,1
42075,Severe Storm,0,1,1
42075,Fire,0,1,1
42075,Hurricane,0,1,1
42075,Winter Storm,0,1,1
42075,Flood,0,1,1
42075,Tornado,0,1,1
42075,Tropical Storm,0,1,1
42075,Snowstorm,0,1,1
42075,Coastal Storm,0,1,1
42075,Severe Ice Storm,0,1,1
42077,Severe Storm,0,1,3
42077,Fire,0,1,3
42077,Hurricane,0,1,3
42077,Winter Storm,0,1,3
42077,Flood,0,1,3
42077,Tornado,0,1,3
42077,Tropical Storm,0,1,3
42077,Snowstorm,0,1,3
42077,Coastal Storm,0,1,3
42077,Severe Ice Storm,0,1,3
42079,Severe Storm,0,1,6
42079,Fire,0,1,6
42079,Hurricane,1,1,6
42079,Winter Storm,0,1,6
42079,Flood,0,1,6
42079,Tornado,0,1,6
42079,Tropical Storm,0,1,6
42079,Snowstorm,0,1,6
42079,Coastal Storm,0,1,6
42079,Severe Ice Storm,0,1,6
42081,Severe Storm,0,1,1
42081,Fire,0,1,1
42081,Hurricane,0,1,1
42081,Winter Storm,0,1,1
42081,Flood,0,1,1
42081,Tornado,0,1,1
42081,Tropical Storm,1,1,1
42081,Snowstorm,0,1,1
42081,Coastal Storm,0,1,1
42081,Severe Ice Storm,0,1,1
42083,Severe Storm,0,0,0
42083,Fire,0,0,0
42083,Hurricane,0,0,0
42083,Winter Storm,0,0,0
42083,Flood,0,0,0
42083,Tornado,0,0,0
42083,Tropical Storm,0,0,0
42083,Snowstorm,0,0,0
42083,Coastal Storm,0,0,0
42083,Severe Ice Storm,0,0,0
42085,Severe Storm,0,1,1
42085,Fire,0,1,1
42085,Hurricane,0,1,1
42085,Winter Storm,0,1,1
42085,Flood,0,1,1
42085,Tornado,0,1,1
42085,Tropical Storm,0,1,1
42085,Snowstorm,0,1,1
42085,Coastal Storm,0,1,1
42085,Severe Ice Storm,0,1,1
42087,Severe Storm,0,0,0
42087,Fire,0,0,0
42087,Hurricane,0,0,0
42087,Winter Storm,0,0,0
42087,Flood,0,0,0
42087,Tornado,0,0,0
42087,Tropical Storm,0,0,0
42087,Snowstorm,0,0,0
42087,Coastal Storm,0,0,0
42087,Severe Ice Storm,0,0,0
42089,Severe Storm,0,1,1
42089,Fire,0,1,1
42089,Hurricane,0,1,1
42089,Winter Storm,0,1,1
42089,Flood,0,1,1
42089,Tornado,0,1,1
42089,Tropical Storm,0,1,1
42089,Snowstorm,0,1,1
42089,Coastal Storm,0,1,1
42089,Severe Ice Storm,0,1,1
42091,Severe Storm,0,1,4
42091,Fire,0,1,4
42091,Hurricane,1,1,4
42091,Winter Storm,0,1,4
42091,Flood,0,1,4
42091,Tornado,0,1,4
42091,Tropical Storm,0,1,4
42091,Snowstorm,0,1,4
42091,Coastal Storm,0,1,4
42091,Severe Ice Storm,0,1,4
42093,Severe Storm,0,0,0
42093,Fire,0,0,0
42093,Hurricane,0,0,0
42093,Winter Storm,0,0,0
42093,Flood,0,0,0
42093,Tornado,0,0,0
42093,Tropical Storm,0,0,0
42093,Snowstorm,0,0,0
42093,Coastal Storm,0,0,0
42093,Severe Ice Storm,0,0,0
42095,Severe Storm,0,1,1
42095,Fire,0,1,1
42095,Hurricane,1,1,1
42095,Winter Storm,0,1,1
42095,Flood,0,1,1
42095,Tornado,0,1,1
42095,Tropical Storm,0,1,1
42095,Snowstorm,0,1,1
42095,Coastal Storm,0,1,1
42095,Severe Ice Storm,0,1,1
42097,Severe Storm,0,0,0
42097,Fire,0,0,0
42097,Hurricane,0,0,0
42097,Winter Storm,0,0,0
42097,Flood,0,0,0
42097,Tornado,0,0,0
42097,Tropical Storm,0,0,0
42097,Snowstorm,0,0,0
42097,Coastal Storm,0,0,0
42097,Severe Ice Storm,0,0,0
42099,Severe Storm,0,0,0
42099,Fire,0,0,0
42099,Hurricane,0,0,0
42099,Winter Storm,0,0,0
42099,Flood,0,0,0
42099,Tornado,0,0,0
42099,Tropical Storm,0,0,0
42099,Snowstorm,0,0,0
42099,Coastal Storm,0,0,0
42099,Severe Ice Storm,0,0,0
42101,Severe Storm,0,1,11
42101,Fire,0,1,11
42101,Hurricane,1,1,11
42101,Winter Storm,0,1,11
42101,Flood,0,1,11
42101,Tornado,0,1,11
42101,Tropical Storm,0,1,11
42101,Snowstorm,0,1,11
42101,Coastal Storm,0,1,11
42101,Severe Ice Storm,0,1,11
42103,Severe Storm,0,1,1
42103,Fire,0,1,1
42103,Hurricane,0,1,1
42103,Winter Storm,0,1,1
42103,Flood,0,1,1
42103,Tornado,0,1,1
42103,Tropical Storm,0,1,1
42103,Snowstorm,0,1,1
42103,Coastal Storm,0,1,1
42103,Severe Ice Storm,0,1,1
42105,Severe Storm,0,0,0
42105,Fire,0,0,0
42105,Hurricane,0,0,0
42105,Winter Storm,0,0,0
42105,Flood,0,0,0
42105,Tornado,0,0,0
42105,Tropical Storm,1,0,0
42105,Snowstorm,0,0,0
42105,Coastal Storm,0,0,0
42105,Severe Ice Storm,0,0,0
42107,Severe Storm,0,1,5
42107,Fire,0,1,5
42107,Hurricane,1,1,5
42107,Winter Storm,0,1,5
42107,Flood,0,1,5
42107,Tornado,0,1,5
42107,Tropical Storm,0,1,5
42107,Snowstorm,0,1,5
42107,Coastal Storm,0,1,5
42107,Severe Ice Storm,0,1,5
42109,Severe Storm,0,0,0
42109,Fire,0,0,0
42109,Hurricane,0,0,0
42109,Winter Storm,0,0,0
42109,Flood,0,0,0
42109,Tornado,0,0,0
42109,Tropical Storm,0,0,0
42109,Snowstorm,0,0,0
42109,Coastal Storm,0,0,0
42109,Severe Ice Storm,0,0,0
42111,Severe Storm,0,0,0
42111,Fire,0,0,0
42111,Hurricane,0,0,0
42111,Winter Storm,0,0,0
42111,Flood,0,0,0
42111,Tornado,0,0,0
42111,Tropical Storm,0,0,0
42111,Snowstorm,0,0,0
42111,Coastal Storm,0,0,0
42111,Severe Ice Storm,0,0,0
42113,Severe Storm,0,0,0
42113,Fire,0,0,0
42113,Hurricane,0,0,0
42113,Winter Storm,0,0,0
42113,Flood,0,0,0
42113,Tornado,0,0,0
42113,Tropical Storm,1,0,0
42113,Snowstorm,0,0,0
42113,Coastal Storm,0,0,0
42113,Severe Ice Storm,0,0,0
42115,Severe Storm,0,0,0
42115,Fire,0,0,0
42115,Hurricane,0,0,0
42115,Winter Storm,0,0,0
42115,Flood,0,0,0
42115,Tornado,0,0,0
42115,Tropical Storm,1,0,0
42115,Snowstorm,0,0,0
42115,Coastal Storm,0,0,0
42115,Severe Ice Storm,0,0,0
42117,Severe Storm,0,0,0
42117,Fire,0,0,0
42117,Hurricane,0,0,0
42117,Winter Storm,0,0,0
42117,Flood,0,0,0
42117,Tornado,0,0,0
42117,Tropical Storm,1,0,0
42117,Snowstorm,0,0,0
42117,Coastal Storm,0,0,0
42117,Severe Ice Storm,0,0,0
42119,Severe Storm,0,1,1
42119,Fire,0,1,1
42119,Hurricane,0,1,1
42119,Winter Storm,0,1,1
42119,Flood,0,1,1
42119,Tornado,0,1,1
42119,Tropical Storm,1,1,1
42119,Snowstorm,0,1,1
42119,Coastal Storm,0,1,1
42119,Severe Ice Storm,0,1,1
42121,Severe Storm,0,1,1
42121,Fire,0,1,1
42121,Hurricane,0,1,1
42121,Winter Storm,0,1,1
42121,Flood,0,1,1
42121,Tornado,0,1,1
42121,Tropical Storm,0,1,1
42121,Snowstorm,0,1,1
42121,Coastal Storm,0,1,1
42121,Severe Ice Storm,0,1,1
42123,Severe Storm,0,0,0
42123,Fire,0,0,0
42123,Hurricane,0,0,0
42123,Winter Storm,0,0,0
42123,Flood,0,0,0
42123,Tornado,0,0,0
42123,Tropical Storm,0,0,0
42123,Snowstorm,0,0,0
42123,Coastal Storm,0,0,0
42123,Severe Ice Storm,0,0,0
42125,Severe Storm,0,1,1
42125,Fire,0,1,1
42125,Hurricane,0,1,1
42125,Winter Storm,0,1,1
42125,Flood,0,1,1
42125,Tornado,0,1,1
42125,Tropical Storm,0,1,1
42125,Snowstorm,0,1,1
42125,Coastal Storm,0,1,1
42125,Severe Ice Storm,0,1,1
42127,Severe Storm,0,1,1
42127,Fire,0,1,1
42127,Hurricane,0,1,1
42127,Winter Storm,0,1,1
42127,Flood,0,1,1
42127,Tornado,0,1,1
42127,Tropical Storm,1,1,1
42127,Snowstorm,0,1,1
42127,Coastal Storm,0,1,1
42127,Severe Ice Storm,0,1,1
42129,Severe Storm,0,1,2
42129,Fire,0,1,2
42129,Hurricane,0,1,2
42129,Winter Storm,0,1,2
42129,Flood,0,1,2
42129,Tornado,0,1,2
42129,Tropical Storm,0,1,2
42129,Snowstorm,0,1,2
42129,Coastal Storm,0,1,2
42129,Severe Ice Storm,0,1,2
42131,Severe Storm,0,0,0
42131,Fire,0,0,0
42131,Hurricane,0,0,0
42131,Winter Storm,0,0,0
42131,Flood,0,0,0
42131,Tornado,0,0,0
42131,Tropical Storm,1,0,0
42131,Snowstorm,0,0,0
42131,Coastal Storm,0,0,0
42131,Severe Ice Storm,0,0,0
42133,Severe Storm,0,1,3
42133,Fire,0,1,3
42133,Hurricane,1,1,3
42133,Winter Storm,0,1,3
42133,Flood,0,1,3
42133,Tornado,0,1,3
42133,Tropical Storm,0,1,3
42133,Snowstorm,0,1,3
42133,Coastal Storm,0,1,3
42133,Severe Ice Storm,0,1,3
44001,Severe Storm,0,0,0
44001,Fire,0,0,0
44001,Hurricane,1,0,0
44001,Winter Storm,0,0,0
44001,Flood,0,0,0
44001,Tornado,0,0,0
44001,Tropical Storm,0,0,0
44001,Snowstorm,1,0,0
44001,Coastal Storm,0,0,0
44001,Severe Ice Storm,0,0,0
44003,Severe Storm,2,0,0
44003,Fire,0,0,0
44003,Hurricane,1,0,0
44003,Winter Storm,0,0,0
44003,Flood,0,0,0
44003,Tornado,0,0,0
44003,Tropical Storm,0,0,0
44003,Snowstorm,1,0,0
44003,Coastal Storm,0,0,0
44003,Severe Ice Storm,0,0,0
44005,Severe Storm,1,0,0
44005,Fire,0,0,0
44005,Hurricane,1,0,0
44005,Winter Storm,0,0,0
44005,Flood,0,0,0
44005,Tornado,0,0,0
44005,Tropical Storm,0,0,0
44005,Snowstorm,1,0,0
44005,Coastal Storm,0,0,0
44005,Severe Ice Storm,0,0,0
44007,Severe Storm,3,0,0
44007,Fire,0,0,0
44007,Hurricane,1,0,0
44007,Winter Storm,0,0,0
44007,Flood,0,0,0
44007,Tornado,0,0,0
44007,Tropical Storm,0,0,0
44007,Snowstorm,1,0,0
44007,Coastal Storm,0,0,0
44007,Severe Ice Storm,0,0,0
44009,Severe Storm,2,0,0
44009,Fire,1,0,0
44009,Hurricane,1,0,0
44009,Winter Storm,0,0,0
44009,Flood,0,0,0
44009,Tornado,0,0,0
44009,Tropical Storm,0,0,0
44009,Snowstorm,1,0,0
44009,Coastal Storm,0,0,0
44009,Severe Ice Storm,0,0,0
45001,Severe Storm,0,0,0
45001,Fire,0,0,0
45001,Hurricane,5,0,0
45001,Winter Storm,0,0,0
45001,Flood,0,0,0
45001,Tornado,0,0,0
45001,Tropical Storm,2,0,0
45001,Snowstorm,0,0,0
45001,Coastal Storm,0,0,0
45001,Severe Ice Storm,0,0,0
45003,Severe Storm,1,1,1
45003,Fire,0,1,1
45003,Hurricane,5,1,1
45003,Winter Storm,0,1,1
45003,Flood,0,1,1
45003,Tornado,0,1,1
45003,Tropical Storm,2,1,1
45003,Snowstorm,0,1,1
45003,Coastal Storm,0,1,1
45003,Severe Ice Storm,0,1,1
45005,Severe Storm,0,0,0
45005,Fire,0,0,0
45005,Hurricane,6,0,0
45005,Winter Storm,0,0,0
45005,Flood,0,0,0
45005,Tornado,0,0,0
45005,Tropical Storm,2,0,0
45005,Snowstorm,0,0,0
45005,Coastal Storm,0,0,0
45005,Severe Ice Storm,0,0,0
45007,Severe Storm,1,0,0
45007,Fire,0,0,0
45007,Hurricane,5,0,0
45007,Winter Storm,0,0,0
45007,Flood,0,0,0
45007,Tornado,0,0,0
45007,Tropical Storm,2,0,0
45007,Snowstorm,0,0,0
45007,Coastal Storm,0,0,0
45007,Severe Ice Storm,0,0,0
45009,Severe Storm,1,0,0
45009,Fire,0,0,0
45009,Hurricane,5,0,0
45009,Winter Storm,0,0,0
45009,Flood,0,0,0
45009,Tornado,0,0,0
45009,Tropical Storm,3,0,0
45009,Snowstorm,0,0,0
45009,Coastal Storm,0,0,0
45009,Severe Ice Storm,0,0,0
45011,Severe Storm,2,0,0
45011,Fire,0,0,0
45011,Hurricane,5,0,0
45011,Winter Storm,0,0,0
45011,Flood,0,0,0
45011,Tornado,0,0,0
45011,Tropical Storm,3,0,0
45011,Snowstorm,0,0,0
45011,Coastal Storm,0,0,0
45011,Severe Ice Storm,0,0,0
45013,Severe Storm,0,0,0
45013,Fire,0,0,0
45013,Hurricane,6,0,0
45013,Winter Storm,0,0,0
45013,Flood,0,0,0
45013,Tornado,0,0,0
45013,Tropical Storm,3,0,0
45013,Snowstorm,0,0,0
45013,Coastal Storm,0,0,0
45013,Severe Ice Storm,0,0,0
45015,Severe Storm,1,1,1
45015,Fire,0,1,1
45015,Hurricane,6,1,1
45015,Winter Storm,0,1,1
45015,Flood,0,1,1
45015,Tornado,0,1,1
45015,Tropical Storm,3,1,1
45015,Snowstorm,0,1,1
45015,Coastal Storm,0,1,1
45015,Severe Ice Storm,0,1,1
45017,Severe Storm,0,0,0
45017,Fire,0,0,0
45017,Hurricane,5,0,0
45017,Winter Storm,0,0,0
45017,Flood,0,0,0
45017,Tornado,0,0,0
45017,Tropical Storm,2,0,0
45017,Snowstorm,0,0,0
45017,Coastal Storm,0,0,0
45017,Severe Ice Storm,0,0,0
45019,Severe Storm,0,0,0
45019,Fire,0,0,0
45019,Hurricane,5,0,0
45019,Winter Storm,0,0,0
45019,Flood,0,0,0
45019,Tornado,0,0,0
45019,Tropical Storm,2,0,0
45019,Snowstorm,0,0,0
45019,Coastal Storm,0,0,0
45019,Severe Ice Storm,0,0,0
45021,Severe Storm,0,1,1
45021,Fire,0,1,1
45021,Hurricane,5,1,1
45021,Winter Storm,0,1,1
45021,Flood,0,1,1
45021,Tornado,0,1,1
45021,Tropical Storm,2,1,1
45021,Snowstorm,0,1,1
45021,Coastal Storm,0,1,1
45021,Severe Ice Storm,0,1,1
45023,Severe Storm,1,0,0
45023,Fire,0,0,0
45023,Hurricane,5,0,0
45023,Winter Storm,0,0,0
45023,Flood,0,0,0
45023,Tornado,0,0,0
45023,Tropical Storm,2,0,0
45023,Snowstorm,0,0,0
45023,Coastal Storm,0,0,0
45023,Severe Ice Storm,0,0,0
45025,Severe Storm,0,0,0
45025,Fire,0,0,0
45025,Hurricane,4,0,0
45025,Winter Storm,0,0,0
45025,Flood,0,0,0
45025,Tornado,0,0,0
45025,Tropical Storm,2,0,0
45025,Snowstorm,0,0,0
45025,Coastal Storm,0,0,0
45025,Severe Ice Storm,0,0,0
45027,Severe Storm,0,0,0
45027,Fire,0,0,0
45027,Hurricane,4,0,0
45027,Winter Storm,0,0,0
45027,Flood,0,0,0
45027,Tornado,0,0,0
45027,Tropical Storm,2,0,0
45027,Snowstorm,0,0,0
45027,Coastal Storm,0,0,0
45027,Severe Ice Storm,0,0,0
45029,Severe Storm,1,1,1
45029,Fire,0,1,1
45029,Hurricane,6,1,1
45029,Winter Storm,0,1,1
45029,Flood,0,1,1
45029,Tornado,0,1,1
45029,Tropical Storm,3,1,1
45029,Snowstorm,0,1,1
45029,Coastal Storm,0,1,1
45029,Severe Ice Storm,0,1,1
45031,Severe Storm,0,0,0
45031,Fire,0,0,0
45031,Hurricane,4,0,0
45031,Winter Storm,0,0,0
45031,Flood,0,0,0
45031,Tornado,0,0,0
45031,Tropical Storm,2,0,0
45031,Snowstorm,0,0,0
45031,Coastal Storm,0,0,0
45031,Severe Ice Storm,0,0,0
45033,Severe Storm,0,0,0
45033,Fire,0,0,0
45033,Hurricane,5,0,0
45033,Winter Storm,0,0,0
45033,Flood,0,0,0
45033,Tornado,0,0,0
45033,Tropical Storm,3,0,0
45033,Snowstorm,0,0,0
45033,Coastal Storm,0,0,0
45033,Severe Ice Storm,0,0,0
45035,Severe Storm,0,1,1
45035,Fire,0,1,1
45035,Hurricane,5,1,1
45035,Winter Storm,0,1,1
45035,Flood,0,1,1
45035,Tornado,0,1,1
45035,Tropical Storm,3,1,1
45035,Snowstorm,0,1,1
45035,Coastal Storm,0,1,1
45035,Severe Ice Storm,0,1,1
45037,Severe Storm,0,1,1
45037,Fire,0,1,1
45037,Hurricane,5,1,1
45037,Winter Storm,0,1,1
45037,Flood,0,1,1
45037,Tornado,0,1,1
45037,Tropical Storm,2,1,1
45037,Snowstorm,0,1,1
45037,Coastal Storm,0,1,1
45037,Severe Ice Storm,0,1,1
45039,Severe Storm,0,0,0
45039,Fire,0,0,0
45039,Hurricane,5,0,0
45039,Winter Storm,0,0,0
45039,Flood,0,0,0
45039,Tornado,0,0,0
45039,Tropical Storm,2,0,0
45039,Snowstorm,0,0,0
45039,Coastal Storm,0,0,0
45039,Severe Ice Storm,0,0,0
45041,Severe Storm,0,0,0
45041,Fire,0,0,0
45041,Hurricane,4,0,0
45041,Winter Storm,0,0,0
45041,Flood,0,0,0
45041,Tornado,0,0,0
45041,Tropical Storm,3,0,0
45041,Snowstorm,0,0,0
45041,Coastal Storm,0,0,0
45041,Severe Ice Storm,0,0,0
45043,Severe Storm,1,0,0
45043,Fire,0,0,0
45043,Hurricane,5,0,0
45043,Winter Storm,0,0,0
45043,Flood,0,0,0
45043,Tornado,0,0,0
45043,Tropical Storm,3,0,0
45043,Snowstorm,0,0,0
45043,Coastal Storm,0,0,0
45043,Severe Ice Storm,0,0,0
45045,Severe Storm,1,1,1
45045,Fire,0,1,1
45045,Hurricane,5,1,1
45045,Winter Storm,0,1,1
45045,Flood,0,1,1
45045,Tornado,0,1,1
45045,Tropical Storm,2,1,1
45045,Snowstorm,0,1,1
45045,Coastal Storm,0,1,1
45045,Severe Ice Storm,0,1,1
45047,Severe Storm,0,0,0
45047,Fire,0,0,0
45047,Hurricane,5,0,0
45047,Winter Storm,0,0,0
45047,Flood,0,0,0
45047,Tornado,0,0,0
45047,Tropical Storm,2,0,0
45047,Snowstorm,0,0,0
45047,Coastal Storm,0,0,0
45047,Severe Ice Storm,0,0,0
45049,Severe Storm,2,0,0
45049,Fire,0,0,0
45049,Hurricane,5,0,0
45049,Winter Storm,0,0,0
45049,Flood,0,0,0
45049,Tornado,0,0,0
45049,Tropical Storm,3,0,0
45049,Snowstorm,0,0,0
45049,Coastal Storm,0,0,0
45049,Severe Ice Storm,0,0,0
45051,Severe Storm,0,0,0
45051,Fire,0,0,0
45051,Hurricane,5,0,0
45051,Winter Storm,0,0,0
45051,Flood,0,0,0
45051,Tornado,0,0,0
45051,Tropical Storm,3,0,0
45051,Snowstorm,0,0,0
45051,Coastal Storm,0,0,0
45051,Severe Ice Storm,0,0,0
45053,Severe Storm,0,0,0
45053,Fire,0,0,0
45053,Hurricane,6,0,0
45053,Winter Storm,0,0,0
45053,Flood,0,0,0
45053,Tornado,0,0,0
45053,Tropical Storm,3,0,0
45053,Snowstorm,0,0,0
45053,Coastal Storm,0,0,0
45053,Severe Ice Storm,0,0,0
45055,Severe Storm,0,1,1
45055,Fire,0,1,1
45055,Hurricane,5,1,1
45055,Winter Storm,0,1,1
45055,Flood,0,1,1
45055,Tornado,0,1,1
45055,Tropical Storm,2,1,1
45055,Snowstorm,0,1,1
45055,Coastal Storm,0,1,1
45055,Severe Ice Storm,0,1,1
45057,Severe Storm,0,0,0
45057,Fire,0,0,0
45057,Hurricane,5,0,0
45057,Winter Storm,0,0,0
45057,Flood,0,0,0
45057,Tornado,0,0,0
45057,Tropical Storm,2,0,0
45057,Snowstorm,0,0,0
45057,Coastal Storm,0,0,0
45057,Severe Ice Storm,0,0,0
45059,Severe Storm,0,0,0
45059,Fire,0,0,0
45059,Hurricane,5,0,0
45059,Winter Storm,0,0,0
45059,Flood,0,0,0
45059,Tornado,0,0,0
45059,Tropical Storm,2,0,0
45059,Snowstorm,0,0,0
45059,Coastal Storm,0,0,0
45059,Severe Ice Storm,0,0,0
45061,Severe Storm,0,1,1
45061,Fire,0,1,1
45061,Hurricane,4,1,1
45061,Winter Storm,0,1,1
45061,Flood,0,1,1
45061,Tornado,0,1,1
45061,Tropical Storm,2,1,1
45061,Snowstorm,0,1,1
45061,Coastal Storm,0,1,1
45061,Severe Ice Storm,0,1,1
45063,Severe Storm,0,0,0
45063,Fire,0,0,0
45063,Hurricane,5,0,0
45063,Winter Storm,0,0,0
45063,Flood,0,0,0
45063,Tornado,0,0,0
45063,Tropical Storm,2,0,0
45063,Snowstorm,0,0,0
45063,Coastal Storm,0,0,0
45063,Severe Ice Storm,0,0,0
45065,Severe Storm,0,0,0
45065,Fire,0,0,0
45065,Hurricane,5,0,0
45065,Winter Storm,0,0,0
45065,Flood,0,0,0
45065,Tornado,0,0,0
45065,Tropical Storm,2,0,0
45065,Snowstorm,0,0,0
45065,Coastal Storm,0,0,0
45065,Severe Ice Storm,0,0,0
45067,Severe Storm,0,0,0
45067,Fire,0,0,0
45067,Hurricane,5,0,0
45067,Winter Storm,0,0,0
45067,Flood,0,0,0
45067,Tornado,0,0,0
45067,Tropical Storm,2,0,0
45067,Snowstorm,0,0,0
45067,Coastal Storm,0,0,0
45067,Severe Ice Storm,0,0,0
45069,Severe Storm,1,0,0
45069,Fire,0,0,0
45069,Hurricane,4,0,0
45069,Winter Storm,0,0,0
45069,Flood,0,0,0
45069,Tornado,0,0,0
45069,Tropical Storm,2,0,0
45069,Snowstorm,0,0,0
45069,Coastal Storm,0,0,0
45069,Severe Ice Storm,0,0,0
45071,Severe Storm,1,0,0
45071,Fire,0,0,0
45071,Hurricane,5,0,0
45071,Winter Storm,0,0,0
45071,Flood,0,0,0
45071,Tornado,0,0,0
45071,Tropical Storm,2,0,0
45071,Snowstorm,0,0,0
45071,Coastal Storm,0,0,0
45071,Severe Ice Storm,0,0,0
45073,Severe Storm,2,0,0
45073,Fire,0,0,0
45073,Hurricane,5,0,0
45073,Winter Storm,0,0,0
45073,Flood,0,0,0
45073,Tornado,0,0,0
45073,Tropical Storm,2,0,0
45073,Snowstorm,0,0,0
45073,Coastal Storm,0,0,0
45073,Severe Ice Storm,0,0,0
45075,Severe Storm,1,0,0
45075,Fire,0,0,0
45075,Hurricane,5,0,0
45075,Winter Storm,0,0,0
45075,Flood,0,0,0
45075,Tornado,0,0,0
45075,Tropical Storm,3,0,0
45075,Snowstorm,0,0,0
45075,Coastal Storm,0,0,0
45075,Severe Ice Storm,0,0,0
45077,Severe Storm,2,0,0
45077,Fire,0,0,0
45077,Hurricane,5,0,0
45077,Winter Storm,0,0,0
45077,Flood,0,0,0
45077,Tornado,0,0,0
45077,Tropical Storm,2,0,0
45077,Snowstorm,0,0,0
45077,Coastal Storm,0,0,0
45077,Severe Ice Storm,0,0,0
45079,Severe Storm,0,0,0
45079,Fire,0,0,0
45079,Hurricane,5,0,0
45079,Winter Storm,0,0,0
45079,Flood,0,0,0
45079,Tornado,0,0,0
45079,Tropical Storm,2,0,0
45079,Snowstorm,0,0,0
45079,Coastal Storm,0,0,0
45079,Severe Ice Storm,0,0,0
45081,Severe Storm,0,0,0
45081,Fire,0,0,0
45081,Hurricane,5,0,0
45081,Winter Storm,0,0,0
45081,Flood,0,0,0
45081,Tornado,0,0,0
45081,Tropical Storm,2,0,0
45081,Snowstorm,0,0,0
45081,Coastal Storm,0,0,0
45081,Severe Ice Storm,0,0,0
45083,Severe Storm,1,0,0
45083,Fire,0,0,0
45083,Hurricane,5,0,0
45083,Winter Storm,0,0,0
45083,Flood,0,0,0
45083,Tornado,0,0,0
45083,Tropical Storm,2,0,0
45083,Snowstorm,0,0,0
45083,Coastal Storm,0,0,0
45083,Severe Ice Storm,0,0,0
45085,Severe Storm,0,0,0
45085,Fire,0,0,0
45085,Hurricane,4,0,0
45085,Winter Storm,0,0,0
45085,Flood,0,0,0
45085,Tornado,0,0,0
45085,Tropical Storm,2,0,0
45085,Snowstorm,0,0,0
45085,Coastal Storm,0,0,0
45085,Severe Ice Storm,0,0,0
45087,Severe Storm,0,0,0
45087,Fire,0,0,0
45087,Hurricane,5,0,0
45087,Winter Storm,0,0,0
45087,Flood,0,0,0
45087,Tornado,0,0,0
45087,Tropical Storm,3,0,0
45087,Snowstorm,0,0,0
45087,Coastal Storm,0,0,0
45087,Severe Ice Storm,0,0,0
45089,Severe Storm,0,0,0
45089,Fire,0,0,0
45089,Hurricane,6,0,0
45089,Winter Storm,0,0,0
45089,Flood,0,0,0
45089,Tornado,0,0,0
45089,Tropical Storm,2,0,0
45089,Snowstorm,0,0,0
45089,Coastal Storm,0,0,0
45089,Severe Ice Storm,0,0,0
45091,Severe Storm,0,1,1
45091,Fire,0,1,1
45091,Hurricane,5,1,1
45091,Winter Storm,0,1,1
45091,Flood,0,1,1
45091,Tornado,0,1,1
45091,Tropical Storm,2,1,1
45091,Snowstorm,0,1,1
45091,Coastal Storm,0,1,1
45091,Severe Ice Storm,0,1,1
46003,Severe Storm,2,0,0
46003,Fire,0,0,0
46003,Hurricane,0,0,0
46003,Winter Storm,0,0,0
46003,Flood,3,0,0
46003,Tornado,0,0,0
46003,Tropical Storm,0,0,0
46003,Snowstorm,0,0,0
46003,Coastal Storm,0,0,0
46003,Severe Ice Storm,0,0,0
46005,Severe Storm,1,0,0
46005,Fire,0,0,0
46005,Hurricane,0,0,0
46005,Winter Storm,0,0,0
46005,Flood,1,0,0
46005,Tornado,0,0,0
46005,Tropical Storm,0,0,0
46005,Snowstorm,0,0,0
46005,Coastal Storm,0,0,0
46005,Severe Ice Storm,0,0,0
46007,Severe Storm,0,0,0
46007,Fire,0,0,0
46007,Hurricane,0,0,0
46007,Winter Storm,1,0,0
46007,Flood,3,0,0
46007,Tornado,0,0,0
46007,Tropical Storm,0,0,0
46007,Snowstorm,0,0,0
46007,Coastal Storm,0,0,0
46007,Severe Ice Storm,0,0,0
46009,Severe Storm,1,0,0
46009,Fire,0,0,0
46009,Hurricane,0,0,0
46009,Winter Storm,0,0,0
46009,Flood,2,0,0
46009,Tornado,0,0,0
46009,Tropical Storm,0,0,0
46009,Snowstorm,0,0,0
46009,Coastal Storm,0,0,0
46009,Severe Ice Storm,0,0,0
46011,Severe Storm,2,1,1
46011,Fire,0,1,1
46011,Hurricane,0,1,1
46011,Winter Storm,1,1,1
46011,Flood,1,1,1
46011,Tornado,0,1,1
46011,Tropical Storm,0,1,1
46011,Snowstorm,0,1,1
46011,Coastal Storm,0,1,1
46011,Severe Ice Storm,0,1,1
46013,Severe Storm,0,0,0
46013,Fire,0,0,0
46013,Hurricane,0,0,0
46013,Winter Storm,0,0,0
46013,Flood,2,0,0
46013,Tornado,0,0,0
46013,Tropical Storm,0,0,0
46013,Snowstorm,0,0,0
46013,Coastal Storm,0,0,0
46013,Severe Ice Storm,0,0,0
46015,Severe Storm,1,0,0
46015,Fire,0,0,0
46015,Hurricane,0,0,0
46015,Winter Storm,0,0,0
46015,Flood,3,0,0
46015,Tornado,0,0,0
46015,Tropical Storm,0,0,0
46015,Snowstorm,0,0,0
46015,Coastal Storm,0,0,0
46015,Severe Ice Storm,0,0,0
46017,Severe Storm,0,0,0
46017,Fire,0,0,0
46017,Hurricane,0,0,0
46017,Winter Storm,0,0,0
46017,Flood,2,0,0
46017,Tornado,0,0,0
46017,Tropical Storm,0,0,0
46017,Snowstorm,0,0,0
46017,Coastal Storm,0,0,0
46017,Severe Ice Storm,0,0,0
46019,Severe Storm,2,0,0
46019,Fire,0,0,0
46019,Hurricane,0,0,0
46019,Winter Storm,0,0,0
46019,Flood,1,0,0
46019,Tornado,0,0,0
46019,Tropical Storm,0,0,0
46019,Snowstorm,0,0,0
46019,Coastal Storm,0,0,0
46019,Severe Ice Storm,0,0,0
46021,Severe Storm,0,0,0
46021,Fire,0,0,0
46021,Hurricane,0,0,0
46021,Winter Storm,0,0,0
46021,Flood,2,0,0
46021,Tornado,0,0,0
46021,Tropical Storm,0,0,0
46021,Snowstorm,0,0,0
46021,Coastal Storm,0,0,0
46021,Severe Ice Storm,0,0,0
46023,Severe Storm,1,0,0
46023,Fire,0,0,0
46023,Hurricane,0,0,0
46023,Winter Storm,0,0,0
46023,Flood,2,0,0
46023,Tornado,0,0,0
46023,Tropical Storm,0,0,0
46023,Snowstorm,0,0,0
46023,Coastal Storm,0,0,0
46023,Severe Ice Storm,0,0,0
46025,Severe Storm,1,0,0
46025,Fire,0,0,0
46025,Hurricane,0,0,0
46025,Winter Storm,1,0,0
46025,Flood,2,0,0
46025,Tornado,0,0,0
46025,Tropical Storm,0,0,0
46025,Snowstorm,0,0,0
46025,Coastal Storm,0,0,0
46025,Severe Ice Storm,0,0,0
46027,Severe Storm,1,0,0
46027,Fire,0,0,0
46027,Hurricane,0,0,0
46027,Winter Storm,0,0,0
46027,Flood,2,0,0
46027,Tornado,0,0,0
46027,Tropical Storm,0,0,0
46027,Snowstorm,0,0,0
46027,Coastal Storm,0,0,0
46027,Severe Ice Storm,0,0,0
46029,Severe Storm,2,0,0
46029,Fire,0,0,0
46029,Hurricane,0,0,0
46029,Winter Storm,0,0,0
46029,Flood,2,0,0
46029,Tornado,0,0,0
46029,Tropical Storm,0,0,0
46029,Snowstorm,0,0,0
46029,Coastal Storm,0,0,0
46029,Severe Ice Storm,0,0,0
46031,Severe Storm,0,0,0
46031,Fire,0,0,0
46031,Hurricane,0,0,0
46031,Winter Storm,0,0,0
46031,Flood,0,0,0
46031,Tornado,0,0,0
46031,Tropical Storm,0,0,0
46031,Snowstorm,0,0,0
46031,Coastal Storm,0,0,0
46031,Severe Ice Storm,0,0,0
46033,Severe Storm,0,0,0
46033,Fire,0,0,0
46033,Hurricane,0,0,0
46033,Winter Storm,0,0,0
46033,Flood,1,0,0
46033,Tornado,0,0,0
46033,Tropical Storm,0,0,0
46033,Snowstorm,0,0,0
46033,Coastal Storm,0,0,0
46033,Severe Ice Storm,0,0,0
46035,Severe Storm,1,0,0
46035,Fire,0,0,0
46035,Hurricane,0,0,0
46035,Winter Storm,0,0,0
46035,Flood,2,0,0
46035,Tornado,0,0,0
46035,Tropical Storm,0,0,0
46035,Snowstorm,0,0,0
46035,Coastal Storm,0,0,0
46035,Severe Ice Storm,0,0,0
46037,Severe Storm,2,0,0
46037,Fire,0,0,0
46037,Hurricane,0,0,0
46037,Winter Storm,1,0,0
46037,Flood,2,0,0
46037,Tornado,0,0,0
46037,Tropical Storm,0,0,0
46037,Snowstorm,0,0,0
46037,Coastal Storm,0,0,0
46037,Severe Ice Storm,0,0,0
46039,Severe Storm,1,1,1
46039,Fire,0,1,1
46039,Hurricane,0,1,1
46039,Winter Storm,1,1,1
46039,Flood,2,1,1
46039,Tornado,0,1,1
46039,Tropical Storm,0,1,1
46039,Snowstorm,0,1,1
46039,Coastal Storm,0,1,1
46039,Severe Ice Storm,0,1,1
46041,Severe Storm,0,0,0
46041,Fire,0,0,0
46041,Hurricane,0,0,0
46041,Winter Storm,0,0,0
46041,Flood,1,0,0
46041,Tornado,0,0,0
46041,Tropical Storm,0,0,0
46041,Snowstorm,0,0,0
46041,Coastal Storm,0,0,0
46041,Severe Ice Storm,0,0,0
46043,Severe Storm,1,0,0
46043,Fire,0,0,0
46043,Hurricane,0,0,0
46043,Winter Storm,0,0,0
46043,Flood,2,0,0
46043,Tornado,0,0,0
46043,Tropical Storm,0,0,0
46043,Snowstorm,0,0,0
46043,Coastal Storm,0,0,0
46043,Severe Ice Storm,0,0,0
46045,Severe Storm,0,0,0
46045,Fire,0,0,0
46045,Hurricane,0,0,0
46045,Winter Storm,0,0,0
46045,Flood,1,0,0
46045,Tornado,0,0,0
46045,Tropical Storm,0,0,0
46045,Snowstorm,0,0,0
46045,Coastal Storm,0,0,0
46045,Severe Ice Storm,0,0,0
46047,Severe Storm,0,0,0
46047,Fire,0,0,0
46047,Hurricane,0,0,0
46047,Winter Storm,0,0,0
46047,Flood,2,0,0
46047,Tornado,0,0,0
46047,Tropical Storm,0,0,0
46047,Snowstorm,0,0,0
46047,Coastal Storm,0,0,0
46047,Severe Ice Storm,0,0,0
46049,Severe Storm,0,0,0
46049,Fire,0,0,0
46049,Hurricane,0,0,0
46049,Winter Storm,0,0,0
46049,Flood,2,0,0
46049,Tornado,0,0,0
46049,Tropical Storm,0,0,0
46049,Snowstorm,0,0,0
46049,Coastal Storm,0,0,0
46049,Severe Ice Storm,0,0,0
46051,Severe Storm,1,0,0
46051,Fire,0,0,0
46051,Hurricane,0,0,0
46051,Winter Storm,0,0,0
46051,Flood,2,0,0
46051,Tornado,0,0,0
46051,Tropical Storm,0,0,0
46051,Snowstorm,0,0,0
46051,Coastal Storm,0,0,0
46051,Severe Ice Storm,0,0,0
46053,Severe Storm,2,0,0
46053,Fire,0,0,0
46053,Hurricane,0,0,0
46053,Winter Storm,0,0,0
46053,Flood,3,0,0
46053,Tornado,0,0,0
46053,Tropical Storm,0,0,0
46053,Snowstorm,0,0,0
46053,Coastal Storm,0,0,0
46053,Severe Ice Storm,0,0,0
46055,Severe Storm,1,0,0
46055,Fire,0,0,0
46055,Hurricane,0,0,0
46055,Winter Storm,0,0,0
46055,Flood,1,0,0
46055,Tornado,0,0,0
46055,Tropical Storm,0,0,0
46055,Snowstorm,0,0,0
46055,Coastal Storm,0,0,0
46055,Severe Ice Storm,0,0,0
46057,Severe Storm,1,0,0
46057,Fire,0,0,0
46057,Hurricane,0,0,0
46057,Winter Storm,1,0,0
46057,Flood,2,0,0
46057,Tornado,0,0,0
46057,Tropical Storm,0,0,0
46057,Snowstorm,0,0,0
46057,Coastal Storm,0,0,0
46057,Severe Ice Storm,0,0,0
46059,Severe Storm,0,0,0
46059,Fire,0,0,0
46059,Hurricane,0,0,0
46059,Winter Storm,0,0,0
46059,Flood,3,0,0
46059,Tornado,0,0,0
46059,Tropical Storm,0,0,0
46059,Snowstorm,0,0,0
46059,Coastal Storm,0,0,0
46059,Severe Ice Storm,0,0,0
46061,Severe Storm,2,0,0
46061,Fire,0,0,0
46061,Hurricane,0,0,0
46061,Winter Storm,0,0,0
46061,Flood,3,0,0
46061,Tornado,0,0,0
46061,Tropical Storm,0,0,0
46061,Snowstorm,0,0,0
46061,Coastal Storm,0,0,0
46061,Severe Ice Storm,0,0,0
46063,Severe Storm,0,0,0
46063,Fire,0,0,0
46063,Hurricane,0,0,0
46063,Winter Storm,0,0,0
46063,Flood,0,0,0
46063,Tornado,0,0,0
46063,Tropical Storm,0,0,0
46063,Snowstorm,0,0,0
46063,Coastal Storm,0,0,0
46063,Severe Ice Storm,0,0,0
46065,Severe Storm,0,0,0
46065,Fire,0,0,0
46065,Hurricane,0,0,0
46065,Winter Storm,0,0,0
46065,Flood,1,0,0
46065,Tornado,0,0,0
46065,Tropical Storm,0,0,0
46065,Snowstorm,0,0,0
46065,Coastal Storm,0,0,0
46065,Severe Ice Storm,0,0,0
46067,Severe Storm,2,0,0
46067,Fire,0,0,0
46067,Hurricane,0,0,0
46067,Winter Storm,0,0,0
46067,Flood,2,0,0
46067,Tornado,0,0,0
46067,Tropical Storm,0,0,0
46067,Snowstorm,0,0,0
46067,Coastal Storm,0,0,0
46067,Severe Ice Storm,0,0,0
46069,Severe Storm,0,0,0
46069,Fire,0,0,0
46069,Hurricane,0,0,0
46069,Winter Storm,0,0,0
46069,Flood,1,0,0
46069,Tornado,0,0,0
46069,Tropical Storm,0,0,0
46069,Snowstorm,0,0,0
46069,Coastal Storm,0,0,0
46069,Severe Ice Storm,0,0,0
46071,Severe Storm,1,0,0
46071,Fire,0,0,0
46071,Hurricane,0,0,0
46071,Winter Storm,1,0,0
46071,Flood,3,0,0
46071,Tornado,0,0,0
46071,Tropical Storm,0,0,0
46071,Snowstorm,0,0,0
46071,Coastal Storm,0,0,0
46071,Severe Ice Storm,0,0,0
46073,Severe Storm,0,0,0
46073,Fire,0,0,0
46073,Hurricane,0,0,0
46073,Winter Storm,0,0,0
46073,Flood,1,0,0
46073,Tornado,0,0,0
46073,Tropical Storm,0,0,0
46073,Snowstorm,0,0,0
46073,Coastal Storm,0,0,0
46073,Severe Ice Storm,0,0,0
46075,Severe Storm,1,0,0
46075,Fire,0,0,0
46075,Hurricane,0,0,0
46075,Winter Storm,1,0,0
46075,Flood,2,0,0
46075,Tornado,0,0,0
46075,Tropical Storm,0,0,0
46075,Snowstorm,0,0,0
46075,Coastal Storm,0,0,0
46075,Severe Ice Storm,0,0,0
46077,Severe Storm,3,0,0
46077,Fire,0,0,0
46077,Hurricane,0,0,0
46077,Winter Storm,1,0,0
46077,Flood,1,0,0
46077,Tornado,0,0,0
46077,Tropical Storm,0,0,0
46077,Snowstorm,0,0,0
46077,Coastal Storm,0,0,0
46077,Severe Ice Storm,0,0,0
46079,Severe Storm,2,0,0
46079,Fire,0,0,0
46079,Hurricane,0,0,0
46079,Winter Storm,0,0,0
46079,Flood,2,0,0
46079,Tornado,0,0,0
46079,Tropical Storm,0,0,0
46079,Snowstorm,0,0,0
46079,Coastal Storm,0,0,0
46079,Severe Ice Storm,0,0,0
46081,Severe Storm,1,0,0
46081,Fire,0,0,0
46081,Hurricane,0,0,0
46081,Winter Storm,0,0,0
46081,Flood,0,0,0
46081,Tornado,0,0,0
46081,Tropical Storm,0,0,0
46081,Snowstorm,0,0,0
46081,Coastal Storm,0,0,0
46081,Severe Ice Storm,0,0,0
46083,Severe Storm,1,0,0
46083,Fire,0,0,0
46083,Hurricane,0,0,0
46083,Winter Storm,0,0,0
46083,Flood,2,0,0
46083,Tornado,0,0,0
46083,Tropical Storm,0,0,0
46083,Snowstorm,0,0,0
46083,Coastal Storm,0,0,0
46083,Severe Ice Storm,0,0,0
46085,Severe Storm,0,0,0
46085,Fire,0,0,0
46085,Hurricane,0,0,0
46085,Winter Storm,0,0,0
46085,Flood,2,0,0
46085,Tornado,0,0,0
46085,Tropical Storm,0,0,0
46085,Snowstorm,0,0,0
46085,Coastal Storm,0,0,0
46085,Severe Ice Storm,0,0,0
46087,Severe Storm,2,0,0
46087,Fire,0,0,0
46087,Hurricane,0,0,0
46087,Winter Storm,0,0,0
46087,Flood,2,0,0
46087,Tornado,0,0,0
46087,Tropical Storm,0,0,0
46087,Snowstorm,0,0,0
46087,Coastal Storm,0,0,0
46087,Severe Ice Storm,0,0,0
46089,Severe Storm,1,0,0
46089,Fire,0,0,0
46089,Hurricane,0,0,0
46089,Winter Storm,0,0,0
46089,Flood,1,0,0
46089,Tornado,0,0,0
46089,Tropical Storm,0,0,0
46089,Snowstorm,0,0,0
46089,Coastal Storm,0,0,0
46089,Severe Ice Storm,0,0,0
46091,Severe Storm,0,0,0
46091,Fire,0,0,0
46091,Hurricane,0,0,0
46091,Winter Storm,0,0,0
46091,Flood,2,0,0
46091,Tornado,0,0,0
46091,Tropical Storm,0,0,0
46091,Snowstorm,0,0,0
46091,Coastal Storm,0,0,0
46091,Severe Ice Storm,0,0,0
46093,Severe Storm,1,0,0
46093,Fire,0,0,0
46093,Hurricane,0,0,0
46093,Winter Storm,0,0,0
46093,Flood,1,0,0
46093,Tornado,0,0,0
46093,Tropical Storm,0,0,0
46093,Snowstorm,0,0,0
46093,Coastal Storm,0,0,0
46093,Severe Ice Storm,0,0,0
46095,Severe Storm,0,0,0
46095,Fire,0,0,0
46095,Hurricane,0,0,0
46095,Winter Storm,1,0,0
46095,Flood,2,0,0
46095,Tornado,0,0,0
46095,Tropical Storm,0,0,0
46095,Snowstorm,0,0,0
46095,Coastal Storm,0,0,0
46095,Severe Ice Storm,0,0,0
46097,Severe Storm,2,0,0
46097,Fire,0,0,0
46097,Hurricane,0,0,0
46097,Winter Storm,0,0,0
46097,Flood,2,0,0
46097,Tornado,0,0,0
46097,Tropical Storm,0,0,0
46097,Snowstorm,0,0,0
46097,Coastal Storm,0,0,0
46097,Severe Ice Storm,0,0,0
46099,Severe Storm,2,1,1
46099,Fire,0,1,1
46099,Hurricane,0,1,1
46099,Winter Storm,0,1,1
46099,Flood,2,1,1
46099,Tornado,0,1,1
46099,Tropical Storm,0,1,1
46099,Snowstorm,0,1,1
46099,Coastal Storm,0,1,1
46099,Severe Ice Storm,0,1,1
46101,Severe Storm,2,0,0
46101,Fire,0,0,0
46101,Hurricane,0,0,0
46101,Winter Storm,0,0,0
46101,Flood,2,0,0
46101,Tornado,0,0,0
46101,Tropical Storm,0,0,0
46101,Snowstorm,0,0,0
46101,Coastal Storm,0,0,0
46101,Severe Ice Storm,0,0,0
46103,Severe Storm,0,0,0
46103,Fire,2,0,0
46103,Hurricane,0,0,0
46103,Winter Storm,0,0,0
46103,Flood,2,0,0
46103,Tornado,0,0,0
46103,Tropical Storm,0,0,0
46103,Snowstorm,0,0,0
46103,Coastal Storm,0,0,0
46103,Severe Ice Storm,0,0,0
46105,Severe Storm,0,0,0
46105,Fire,0,0,0
46105,Hurricane,0,0,0
46105,Winter Storm,0,0,0
46105,Flood,1,0,0
46105,Tornado,0,0,0
46105,Tropical Storm,0,0,0
46105,Snowstorm,0,0,0
46105,Coastal Storm,0,0,0
46105,Severe Ice Storm,0,0,0
46107,Severe Storm,0,0,0
46107,Fire,0,0,0
46107,Hurricane,0,0,0
46107,Winter Storm,1,0,0
46107,Flood,2,0,0
46107,Tornado,0,0,0
46107,Tropical Storm,0,0,0
46107,Snowstorm,0,0,0
46107,Coastal Storm,0,0,0
46107,Severe Ice Storm,0,0,0
46109,Severe Storm,1,0,0
46109,Fire,0,0,0
46109,Hurricane,0,0,0
46109,Winter Storm,1,0,0
46109,Flood,2,0,0
46109,Tornado,0,0,0
46109,Tropical Storm,0,0,0
46109,Snowstorm,0,0,0
46109,Coastal Storm,0,0,0
46109,Severe Ice Storm,0,0,0
46111,Severe Storm,1,0,0
46111,Fire,0,0,0
46111,Hurricane,0,0,0
46111,Winter Storm,0,0,0
46111,Flood,3,0,0
46111,Tornado,0,0,0
46111,Tropical Storm,0,0,0
46111,Snowstorm,0,0,0
46111,Coastal Storm,0,0,0
46111,Severe Ice Storm,0,0,0
46113,Severe Storm,0,0,0
46113,Fire,0,0,0
46113,Hurricane,0,0,0
46113,Winter Storm,1,0,0
46113,Flood,1,0,0
46113,Tornado,0,0,0
46113,Tropical Storm,0,0,0
46113,Snowstorm,0,0,0
46113,Coastal Storm,0,0,0
46113,Severe Ice Storm,0,0,0
46115,Severe Storm,1,0,0
46115,Fire,0,0,0
46115,Hurricane,0,0,0
46115,Winter Storm,0,0,0
46115,Flood,1,0,0
46115,Tornado,0,0,0
46115,Tropical Storm,0,0,0
46115,Snowstorm,0,0,0
46115,Coastal Storm,0,0,0
46115,Severe Ice Storm,0,0,0
46117,Severe Storm,0,0,0
46117,Fire,0,0,0
46117,Hurricane,0,0,0
46117,Winter Storm,1,0,0
46117,Flood,0,0,0
46117,Tornado,0,0,0
46117,Tropical Storm,0,0,0
46117,Snowstorm,0,0,0
46117,Coastal Storm,0,0,0
46117,Severe Ice Storm,0,0,0
46119,Severe Storm,0,0,0
46119,Fire,0,0,0
46119,Hurricane,0,0,0
46119,Winter Storm,0,0,0
46119,Flood,1,0,0
46119,Tornado,0,0,0
46119,Tropical Storm,0,0,0
46119,Snowstorm,0,0,0
46119,Coastal Storm,0,0,0
46119,Severe Ice Storm,0,0,0
46121,Severe Storm,0,0,0
46121,Fire,0,0,0
46121,Hurricane,0,0,0
46121,Winter Storm,1,0,0
46121,Flood,2,0,0
46121,Tornado,0,0,0
46121,Tropical Storm,0,0,0
46121,Snowstorm,0,0,0
46121,Coastal Storm,0,0,0
46121,Severe Ice Storm,0,0,0
46123,Severe Storm,1,0,0
46123,Fire,0,0,0
46123,Hurricane,0,0,0
46123,Winter Storm,1,0,0
46123,Flood,3,0,0
46123,Tornado,0,0,0
46123,Tropical Storm,0,0,0
46123,Snowstorm,0,0,0
46123,Coastal Storm,0,0,0
46123,Severe Ice Storm,0,0,0
46125,Severe Storm,2,0,0
46125,Fire,0,0,0
46125,Hurricane,0,0,0
46125,Winter Storm,0,0,0
46125,Flood,3,0,0
46125,Tornado,0,0,0
46125,Tropical Storm,0,0,0
46125,Snowstorm,0,0,0
46125,Coastal Storm,0,0,0
46125,Severe Ice Storm,0,0,0
46127,Severe Storm,1,0,0
46127,Fire,0,0,0
46127,Hurricane,0,0,0
46127,Winter Storm,0,0,0
46127,Flood,3,0,0
46127,Tornado,0,0,0
46127,Tropical Storm,0,0,0
46127,Snowstorm,0,0,0
46127,Coastal Storm,0,0,0
46127,Severe Ice Storm,0,0,0
46129,Severe Storm,0,0,0
46129,Fire,0,0,0
46129,Hurricane,0,0,0
46129,Winter Storm,0,0,0
46129,Flood,2,0,0
46129,Tornado,0,0,0
46129,Tropical Storm,0,0,0
46129,Snowstorm,0,0,0
46129,Coastal Storm,0,0,0
46129,Severe Ice Storm,0,0,0
46135,Severe Storm,1,0,0
46135,Fire,0,0,0
46135,Hurricane,0,0,0
46135,Winter Storm,0,0,0
46135,Flood,2,0,0
46135,Tornado,0,0,0
46135,Tropical Storm,0,0,0
46135,Snowstorm,0,0,0
46135,Coastal Storm,0,0,0
46135,Severe Ice Storm,0,0,0
46137,Severe Storm,0,0,0
46137,Fire,0,0,0
46137,Hurricane,0,0,0
46137,Winter Storm,1,0,0
46137,Flood,2,0,0
46137,Tornado,0,0,0
46137,Tropical Storm,0,0,0
46137,Snowstorm,0,0,0
46137,Coastal Storm,0,0,0
46137,Severe Ice Storm,0,0,0
47001,Severe Storm,0,0,0
47001,Fire,0,0,0
47001,Hurricane,0,0,0
47001,Winter Storm,0,0,0
47001,Flood,1,0,0
47001,Tornado,0,0,0
47001,Tropical Storm,0,0,0
47001,Snowstorm,0,0,0
47001,Coastal Storm,0,0,0
47001,Severe Ice Storm,0,0,0
47003,Severe Storm,0,0,0
47003,Fire,0,0,0
47003,Hurricane,0,0,0
47003,Winter Storm,0,0,0
47003,Flood,1,0,0
47003,Tornado,0,0,0
47003,Tropical Storm,0,0,0
47003,Snowstorm,0,0,0
47003,Coastal Storm,0,0,0
47003,Severe Ice Storm,1,0,0
47005,Severe Storm,3,0,0
47005,Fire,0,0,0
47005,Hurricane,0,0,0
47005,Winter Storm,0,0,0
47005,Flood,0,0,0
47005,Tornado,1,0,0
47005,Tropical Storm,0,0,0
47005,Snowstorm,0,0,0
47005,Coastal Storm,0,0,0
47005,Severe Ice Storm,0,0,0
47007,Severe Storm,2,0,0
47007,Fire,0,0,0
47007,Hurricane,0,0,0
47007,Winter Storm,0,0,0
47007,Flood,1,0,0
47007,Tornado,0,0,0
47007,Tropical Storm,0,0,0
47007,Snowstorm,0,0,0
47007,Coastal Storm,0,0,0
47007,Severe Ice Storm,0,0,0
47009,Severe Storm,0,0,0
47009,Fire,0,0,0
47009,Hurricane,0,0,0
47009,Winter Storm,0,0,0
47009,Flood,1,0,0
47009,Tornado,0,0,0
47009,Tropical Storm,0,0,0
47009,Snowstorm,0,0,0
47009,Coastal Storm,0,0,0
47009,Severe Ice Storm,0,0,0
47011,Severe Storm,1,0,0
47011,Fire,0,0,0
47011,Hurricane,0,0,0
47011,Winter Storm,0,0,0
47011,Flood,0,0,0
47011,Tornado,0,0,0
47011,Tropical Storm,0,0,0
47011,Snowstorm,0,0,0
47011,Coastal Storm,0,0,0
47011,Severe Ice Storm,0,0,0
47013,Severe Storm,2,0,0
47013,Fire,0,0,0
47013,Hurricane,0,0,0
47013,Winter Storm,0,0,0
47013,Flood,1,0,0
47013,Tornado,1,0,0
47013,Tropical Storm,0,0,0
47013,Snowstorm,0,0,0
47013,Coastal Storm,0,0,0
47013,Severe Ice Storm,0,0,0
47015,Severe Storm,2,0,0
47015,Fire,0,0,0
47015,Hurricane,0,0,0
47015,Winter Storm,0,0,0
47015,Flood,0,0,0
47015,Tornado,1,0,0
47015,Tropical Storm,0,0,0
47015,Snowstorm,0,0,0
47015,Coastal Storm,0,0,0
47015,Severe Ice Storm,1,0,0
47017,Severe Storm,2,0,0
47017,Fire,0,0,0
47017,Hurricane,0,0,0
47017,Winter Storm,0,0,0
47017,Flood,0,0,0
47017,Tornado,1,0,0
47017,Tropical Storm,0,0,0
47017,Snowstorm,0,0,0
47017,Coastal Storm,0,0,0
47017,Severe Ice Storm,0,0,0
47019,Severe Storm,0,0,0
47019,Fire,0,0,0
47019,Hurricane,0,0,0
47019,Winter Storm,0,0,0
47019,Flood,1,0,0
47019,Tornado,0,0,0
47019,Tropical Storm,2,0,0
47019,Snowstorm,0,0,0
47019,Coastal Storm,0,0,0
47019,Severe Ice Storm,0,0,0
47021,Severe Storm,3,0,0
47021,Fire,0,0,0
47021,Hurricane,0,0,0
47021,Winter Storm,0,0,0
47021,Flood,1,0,0
47021,Tornado,3,0,0
47021,Tropical Storm,0,0,0
47021,Snowstorm,0,0,0
47021,Coastal Storm,0,0,0
47021,Severe Ice Storm,0,0,0
47023,Severe Storm,0,0,0
47023,Fire,0,0,0
47023,Hurricane,0,0,0
47023,Winter Storm,0,0,0
47023,Flood,0,0,0
47023,Tornado,0,0,0
47023,Tropical Storm,0,0,0
47023,Snowstorm,0,0,0
47023,Coastal Storm,0,0,0
47023,Severe Ice Storm,0,0,0
47025,Severe Storm,0,0,0
47025,Fire,0,0,0
47025,Hurricane,0,0,0
47025,Winter Storm,0,0,0
47025,Flood,1,0,0
47025,Tornado,1,0,0
47025,Tropical Storm,1,0,0
47025,Snowstorm,0,0,0
47025,Coastal Storm,0,0,0
47025,Severe Ice Storm,0,0,0
47027,Severe Storm,1,0,0
47027,Fire,0,0,0
47027,Hurricane,0,0,0
47027,Winter Storm,0,0,0
47027,Flood,1,0,0
47027,Tornado,1,0,0
47027,Tropical Storm,0,0,0
47027,Snowstorm,0,0,0
47027,Coastal Storm,0,0,0
47027,Severe Ice Storm,0,0,0
47029,Severe Storm,0,0,0
47029,Fire,0,0,0
47029,Hurricane,0,0,0
47029,Winter Storm,1,0,0
47029,Flood,1,0,0
47029,Tornado,0,0,0
47029,Tropical Storm,2,0,0
47029,Snowstorm,0,0,0
47029,Coastal Storm,0,0,0
47029,Severe Ice Storm,0,0,0
47031,Severe Storm,1,1,1
47031,Fire,0,1,1
47031,Hurricane,0,1,1
47031,Winter Storm,1,1,1
47031,Flood,1,1,1
47031,Tornado,0,1,1
47031,Tropical Storm,0,1,1
47031,Snowstorm,0,1,1
47031,Coastal Storm,0,1,1
47031,Severe Ice Storm,1,1,1
47033,Severe Storm,2,0,0
47033,Fire,0,0,0
47033,Hurricane,0,0,0
47033,Winter Storm,0,0,0
47033,Flood,0,0,0
47033,Tornado,0,0,0
47033,Tropical Storm,0,0,0
47033,Snowstorm,0,0,0
47033,Coastal Storm,0,0,0
47033,Severe Ice Storm,0,0,0
47035,Severe Storm,1,0,0
47035,Fire,0,0,0
47035,Hurricane,0,0,0
47035,Winter Storm,0,0,0
47035,Flood,0,0,0
47035,Tornado,0,0,0
47035,Tropical Storm,0,0,0
47035,Snowstorm,0,0,0
47035,Coastal Storm,0,0,0
47035,Severe Ice Storm,0,0,0
47037,Severe Storm,3,0,0
47037,Fire,0,0,0
47037,Hurricane,0,0,0
47037,Winter Storm,1,0,0
47037,Flood,0,0,0
47037,Tornado,3,0,0
47037,Tropical Storm,0,0,0
47037,Snowstorm,0,0,0
47037,Coastal Storm,0,0,0
47037,Severe Ice Storm,0,0,0
47039,Severe Storm,3,0,0
47039,Fire,0,0,0
47039,Hurricane,0,0,0
47039,Winter Storm,0,0,0
47039,Flood,1,0,0
47039,Tornado,3,0,0
47039,Tropical Storm,0,0,0
47039,Snowstorm,0,0,0
47039,Coastal Storm,0,0,0
47039,Severe Ice Storm,0,0,0
47041,Severe Storm,0,0,0
47041,Fire,0,0,0
47041,Hurricane,0,0,0
47041,Winter Storm,0,0,0
47041,Flood,1,0,0
47041,Tornado,0,0,0
47041,Tropical Storm,0,0,0
47041,Snowstorm,0,0,0
47041,Coastal Storm,0,0,0
47041,Severe Ice Storm,1,0,0
47043,Severe Storm,3,0,0
47043,Fire,0,0,0
47043,Hurricane,0,0,0
47043,Winter Storm,0,0,0
47043,Flood,2,0,0
47043,Tornado,2,0,0
47043,Tropical Storm,0,0,0
47043,Snowstorm,0,0,0
47043,Coastal Storm,0,0,0
47043,Severe Ice Storm,0,0,0
47045,Severe Storm,1,0,0
47045,Fire,0,0,0
47045,Hurricane,0,0,0
47045,Winter Storm,0,0,0
47045,Flood,1,0,0
47045,Tornado,2,0,0
47045,Tropical Storm,0,0,0
47045,Snowstorm,0,0,0
47045,Coastal Storm,0,0,0
47045,Severe Ice Storm,0,0,0
47047,Severe Storm,3,0,0
47047,Fire,0,0,0
47047,Hurricane,0,0,0
47047,Winter Storm,0,0,0
47047,Flood,0,0,0
47047,Tornado,0,0,0
47047,Tropical Storm,0,0,0
47047,Snowstorm,0,0,0
47047,Coastal Storm,0,0,0
47047,Severe Ice Storm,0,0,0
47049,Severe Storm,1,0,0
47049,Fire,0,0,0
47049,Hurricane,0,0,0
47049,Winter Storm,0,0,0
47049,Flood,1,0,0
47049,Tornado,1,0,0
47049,Tropical Storm,0,0,0
47049,Snowstorm,0,0,0
47049,Coastal Storm,0,0,0
47049,Severe Ice Storm,1,0,0
47051,Severe Storm,0,0,0
47051,Fire,0,0,0
47051,Hurricane,0,0,0
47051,Winter Storm,0,0,0
47051,Flood,0,0,0
47051,Tornado,0,0,0
47051,Tropical Storm,0,0,0
47051,Snowstorm,0,0,0
47051,Coastal Storm,0,0,0
47051,Severe Ice Storm,0,0,0
47053,Severe Storm,2,0,0
47053,Fire,0,0,0
47053,Hurricane,0,0,0
47053,Winter Storm,0,0,0
47053,Flood,1,0,0
47053,Tornado,2,0,0
47053,Tropical Storm,0,0,0
47053,Snowstorm,0,0,0
47053,Coastal Storm,0,0,0
47053,Severe Ice Storm,0,0,0
47055,Severe Storm,3,0,0
47055,Fire,0,0,0
47055,Hurricane,0,0,0
47055,Winter Storm,0,0,0
47055,Flood,1,0,0
47055,Tornado,0,0,0
47055,Tropical Storm,0,0,0
47055,Snowstorm,0,0,0
47055,Coastal Storm,0,0,0
47055,Severe Ice Storm,0,0,0
47057,Severe Storm,0,0,0
47057,Fire,0,0,0
47057,Hurricane,0,0,0
47057,Winter Storm,0,0,0
47057,Flood,1,0,0
47057,Tornado,1,0,0
47057,Tropical Storm,1,0,0
47057,Snowstorm,0,0,0
47057,Coastal Storm,0,0,0
47057,Severe Ice Storm,0,0,0
47059,Severe Storm,0,0,0
47059,Fire,0,0,0
47059,Hurricane,0,0,0
47059,Winter Storm,1,0,0
47059,Flood,1,0,0
47059,Tornado,0,0,0
47059,Tropical Storm,2,0,0
47059,Snowstorm,0,0,0
47059,Coastal Storm,0,0,0
47059,Severe Ice Storm,0,0,0
47061,Severe Storm,1,0,0
47061,Fire,0,0,0
47061,Hurricane,0,0,0
47061,Winter Storm,0,0,0
47061,Flood,0,0,0
47061,Tornado,0,0,0
47061,Tropical Storm,0,0,0
47061,Snowstorm,0,0,0
47061,Coastal Storm,0,0,0
47061,Severe Ice Storm,0,0,0
47063,Severe Storm,0,0,0
47063,Fire,0,0,0
47063,Hurricane,0,0,0
47063,Winter Storm,0,0,0
47063,Flood,1,0,0
47063,Tornado,0,0,0
47063,Tropical Storm,2,0,0
47063,Snowstorm,0,0,0
47063,Coastal Storm,0,0,0
47063,Severe Ice Storm,0,0,0
47065,Severe Storm,3,1,1
47065,Fire,0,1,1
47065,Hurricane,0,1,1
47065,Winter Storm,0,1,1
47065,Flood,1,1,1
47065,Tornado,0,1,1
47065,Tropical Storm,0,1,1
47065,Snowstorm,0,1,1
47065,Coastal Storm,0,1,1
47065,Severe Ice Storm,0,1,1
47067,Severe Storm,0,0,0
47067,Fire,0,0,0
47067,Hurricane,0,0,0
47067,Winter Storm,0,0,0
47067,Flood,1,0,0
47067,Tornado,0,0,0
47067,Tropical Storm,1,0,0
47067,Snowstorm,0,0,0
47067,Coastal Storm,0,0,0
47067,Severe Ice Storm,0,0,0
47069,Severe Storm,1,0,0
47069,Fire,0,0,0
47069,Hurricane,0,0,0
47069,Winter Storm,0,0,0
47069,Flood,0,0,0
47069,Tornado,1,0,0
47069,Tropical Storm,0,0,0
47069,Snowstorm,0,0,0
47069,Coastal Storm,0,0,0
47069,Severe Ice Storm,0,0,0
47071,Severe Storm,4,0,0
47071,Fire,0,0,0
47071,Hurricane,0,0,0
47071,Winter Storm,0,0,0
47071,Flood,1,0,0
47071,Tornado,0,0,0
47071,Tropical Storm,0,0,0
47071,Snowstorm,0,0,0
47071,Coastal Storm,0,0,0
47071,Severe Ice Storm,0,0,0
47073,Severe Storm,0,0,0
47073,Fire,0,0,0
47073,Hurricane,0,0,0
47073,Winter Storm,0,0,0
47073,Flood,1,0,0
47073,Tornado,0,0,0
47073,Tropical Storm,2,0,0
47073,Snowstorm,0,0,0
47073,Coastal Storm,0,0,0
47073,Severe Ice Storm,0,0,0
47075,Severe Storm,3,0,0
47075,Fire,0,0,0
47075,Hurricane,0,0,0
47075,Winter Storm,0,0,0
47075,Flood,0,0,0
47075,Tornado,0,0,0
47075,Tropical Storm,0,0,0
47075,Snowstorm,0,0,0
47075,Coastal Storm,0,0,0
47075,Severe Ice Storm,0,0,0
47077,Severe Storm,3,0,0
47077,Fire,0,0,0
47077,Hurricane,0,0,0
47077,Winter Storm,1,0,0
47077,Flood,0,0,0
47077,Tornado,2,0,0
47077,Tropical Storm,0,0,0
47077,Snowstorm,0,0,0
47077,Coastal Storm,0,0,0
47077,Severe Ice Storm,0,0,0
47079,Severe Storm,3,0,0
47079,Fire,0,0,0
47079,Hurricane,0,0,0
47079,Winter Storm,0,0,0
47079,Flood,0,0,0
47079,Tornado,1,0,0
47079,Tropical Storm,0,0,0
47079,Snowstorm,0,0,0
47079,Coastal Storm,0,0,0
47079,Severe Ice Storm,0,0,0
47081,Severe Storm,2,0,0
47081,Fire,0,0,0
47081,Hurricane,0,0,0
47081,Winter Storm,0,0,0
47081,Flood,2,0,0
47081,Tornado,1,0,0
47081,Tropical Storm,0,0,0
47081,Snowstorm,0,0,0
47081,Coastal Storm,0,0,0
47081,Severe Ice Storm,0,0,0
47083,Severe Storm,3,0,0
47083,Fire,0,0,0
47083,Hurricane,0,0,0
47083,Winter Storm,0,0,0
47083,Flood,2,0,0
47083,Tornado,0,0,0
47083,Tropical Storm,0,0,0
47083,Snowstorm,0,0,0
47083,Coastal Storm,0,0,0
47083,Severe Ice Storm,0,0,0
47085,Severe Storm,3,0,0
47085,Fire,0,0,0
47085,Hurricane,0,0,0
47085,Winter Storm,0,0,0
47085,Flood,2,0,0
47085,Tornado,0,0,0
47085,Tropical Storm,0,0,0
47085,Snowstorm,0,0,0
47085,Coastal Storm,0,0,0
47085,Severe Ice Storm,0,0,0
47087,Severe Storm,2,0,0
47087,Fire,0,0,0
47087,Hurricane,0,0,0
47087,Winter Storm,0,0,0
47087,Flood,1,0,0
47087,Tornado,1,0,0
47087,Tropical Storm,0,0,0
47087,Snowstorm,0,0,0
47087,Coastal Storm,0,0,0
47087,Severe Ice Storm,1,0,0
47089,Severe Storm,1,0,0
47089,Fire,0,0,0
47089,Hurricane,0,0,0
47089,Winter Storm,0,0,0
47089,Flood,1,0,0
47089,Tornado,0,0,0
47089,Tropical Storm,1,0,0
47089,Snowstorm,0,0,0
47089,Coastal Storm,0,0,0
47089,Severe Ice Storm,0,0,0
47091,Severe Storm,1,0,0
47091,Fire,0,0,0
47091,Hurricane,0,0,0
47091,Winter Storm,0,0,0
47091,Flood,1,0,0
47091,Tornado,0,0,0
47091,Tropical Storm,2,0,0
47091,Snowstorm,0,0,0
47091,Coastal Storm,0,0,0
47091,Severe Ice Storm,0,0,0
47093,Severe Storm,1,0,0
47093,Fire,0,0,0
47093,Hurricane,0,0,0
47093,Winter Storm,1,0,0
47093,Flood,1,0,0
47093,Tornado,0,0,0
47093,Tropical Storm,0,0,0
47093,Snowstorm,0,0,0
47093,Coastal Storm,0,0,0
47093,Severe Ice Storm,0,0,0
47095,Severe Storm,2,0,0
47095,Fire,0,0,0
47095,Hurricane,0,0,0
47095,Winter Storm,0,0,0
47095,Flood,1,0,0
47095,Tornado,2,0,0
47095,Tropical Storm,0,0,0
47095,Snowstorm,0,0,0
47095,Coastal Storm,0,0,0
47095,Severe Ice Storm,0,0,0
47097,Severe Storm,2,0,0
47097,Fire,0,0,0
47097,Hurricane,0,0,0
47097,Winter Storm,0,0,0
47097,Flood,1,0,0
47097,Tornado,0,0,0
47097,Tropical Storm,0,0,0
47097,Snowstorm,0,0,0
47097,Coastal Storm,0,0,0
47097,Severe Ice Storm,0,0,0
47099,Severe Storm,2,0,0
47099,Fire,0,0,0
47099,Hurricane,0,0,0
47099,Winter Storm,0,0,0
47099,Flood,1,0,0
47099,Tornado,0,0,0
47099,Tropical Storm,0,0,0
47099,Snowstorm,0,0,0
47099,Coastal Storm,0,0,0
47099,Severe Ice Storm,0,0,0
47101,Severe Storm,3,0,0
47101,Fire,0,0,0
47101,Hurricane,0,0,0
47101,Winter Storm,0,0,0
47101,Flood,1,0,0
47101,Tornado,0,0,0
47101,Tropical Storm,0,0,0
47101,Snowstorm,0,0,0
47101,Coastal Storm,0,0,0
47101,Severe Ice Storm,0,0,0
47103,Severe Storm,0,0,0
47103,Fire,0,0,0
47103,Hurricane,0,0,0
47103,Winter Storm,0,0,0
47103,Flood,1,0,0
47103,Tornado,0,0,0
47103,Tropical Storm,0,0,0
47103,Snowstorm,0,0,0
47103,Coastal Storm,0,0,0
47103,Severe Ice Storm,0,0,0
47105,Severe Storm,1,0,0
47105,Fire,0,0,0
47105,Hurricane,0,0,0
47105,Winter Storm,0,0,0
47105,Flood,1,0,0
47105,Tornado,0,0,0
47105,Tropical Storm,0,0,0
47105,Snowstorm,0,0,0
47105,Coastal Storm,0,0,0
47105,Severe Ice Storm,0,0,0
47107,Severe Storm,0,0,0
47107,Fire,0,0,0
47107,Hurricane,0,0,0
47107,Winter Storm,0,0,0
47107,Flood,0,0,0
47107,Tornado,0,0,0
47107,Tropical Storm,0,0,0
47107,Snowstorm,0,0,0
47107,Coastal Storm,0,0,0
47107,Severe Ice Storm,0,0,0
47109,Severe Storm,2,0,0
47109,Fire,0,0,0
47109,Hurricane,0,0,0
47109,Winter Storm,0,0,0
47109,Flood,1,0,0
47109,Tornado,1,0,0
47109,Tropical Storm,0,0,0
47109,Snowstorm,0,0,0
47109,Coastal Storm,0,0,0
47109,Severe Ice Storm,0,0,0
47111,Severe Storm,3,0,0
47111,Fire,0,0,0
47111,Hurricane,0,0,0
47111,Winter Storm,0,0,0
47111,Flood,0,0,0
47111,Tornado,0,0,0
47111,Tropical Storm,0,0,0
47111,Snowstorm,0,0,0
47111,Coastal Storm,0,0,0
47111,Severe Ice Storm,0,0,0
47113,Severe Storm,2,0,0
47113,Fire,0,0,0
47113,Hurricane,0,0,0
47113,Winter Storm,0,0,0
47113,Flood,0,0,0
47113,Tornado,1,0,0
47113,Tropical Storm,0,0,0
47113,Snowstorm,0,0,0
47113,Coastal Storm,0,0,0
47113,Severe Ice Storm,0,0,0
47115,Severe Storm,2,0,0
47115,Fire,0,0,0
47115,Hurricane,0,0,0
47115,Winter Storm,0,0,0
47115,Flood,1,0,0
47115,Tornado,1,0,0
47115,Tropical Storm,0,0,0
47115,Snowstorm,0,0,0
47115,Coastal Storm,0,0,0
47115,Severe Ice Storm,0,0,0
47117,Severe Storm,0,0,0
47117,Fire,0,0,0
47117,Hurricane,0,0,0
47117,Winter Storm,0,0,0
47117,Flood,1,0,0
47117,Tornado,0,0,0
47117,Tropical Storm,0,0,0
47117,Snowstorm,0,0,0
47117,Coastal Storm,0,0,0
47117,Severe Ice Storm,0,0,0
47119,Severe Storm,2,0,0
47119,Fire,0,0,0
47119,Hurricane,0,0,0
47119,Winter Storm,1,0,0
47119,Flood,0,0,0
47119,Tornado,1,0,0
47119,Tropical Storm,0,0,0
47119,Snowstorm,0,0,0
47119,Coastal Storm,0,0,0
47119,Severe Ice Storm,0,0,0
47121,Severe Storm,2,0,0
47121,Fire,0,0,0
47121,Hurricane,0,0,0
47121,Winter Storm,0,0,0
47121,Flood,0,0,0
47121,Tornado,0,0,0
47121,Tropical Storm,0,0,0
47121,Snowstorm,0,0,0
47121,Coastal Storm,0,0,0
47121,Severe Ice Storm,0,0,0
47123,Severe Storm,2,0,0
47123,Fire,0,0,0
47123,Hurricane,0,0,0
47123,Winter Storm,0,0,0
47123,Flood,0,0,0
47123,Tornado,0,0,0
47123,Tropical Storm,0,0,0
47123,Snowstorm,0,0,0
47123,Coastal Storm,0,0,0
47123,Severe Ice Storm,0,0,0
47125,Severe Storm,4,1,2
47125,Fire,0,1,2
47125,Hurricane,0,1,2
47125,Winter Storm,0,1,2
47125,Flood,0,1,2
47125,Tornado,0,1,2
47125,Tropical Storm,0,1,2
47125,Snowstorm,0,1,2
47125,Coastal Storm,0,1,2
47125,Severe Ice Storm,0,1,2
47127,Severe Storm,1,0,0
47127,Fire,0,0,0
47127,Hurricane,0,0,0
47127,Winter Storm,0,0,0
47127,Flood,1,0,0
47127,Tornado,1,0,0
47127,Tropical Storm,0,0,0
47127,Snowstorm,0,0,0
47127,Coastal Storm,0,0,0
47127,Severe Ice Storm,1,0,0
47129,Severe Storm,1,0,0
47129,Fire,0,0,0
47129,Hurricane,0,0,0
47129,Winter Storm,0,0,0
47129,Flood,1,0,0
47129,Tornado,0,0,0
47129,Tropical Storm,0,0,0
47129,Snowstorm,0,0,0
47129,Coastal Storm,0,0,0
47129,Severe Ice Storm,0,0,0
47131,Severe Storm,2,0,0
47131,Fire,0,0,0
47131,Hurricane,0,0,0
47131,Winter Storm,0,0,0
47131,Flood,1,0,0
47131,Tornado,2,0,0
47131,Tropical Storm,0,0,0
47131,Snowstorm,0,0,0
47131,Coastal Storm,0,0,0
47131,Severe Ice Storm,0,0,0
47133,Severe Storm,0,0,0
47133,Fire,0,0,0
47133,Hurricane,0,0,0
47133,Winter Storm,0,0,0
47133,Flood,1,0,0
47133,Tornado,1,0,0
47133,Tropical Storm,0,0,0
47133,Snowstorm,0,0,0
47133,Coastal Storm,0,0,0
47133,Severe Ice Storm,1,0,0
47135,Severe Storm,3,0,0
47135,Fire,0,0,0
47135,Hurricane,0,0,0
47135,Winter Storm,1,0,0
47135,Flood,1,0,0
47135,Tornado,0,0,0
47135,Tropical Storm,0,0,0
47135,Snowstorm,0,0,0
47135,Coastal Storm,0,0,0
47135,Severe Ice Storm,0,0,0
47137,Severe Storm,1,0,0
47137,Fire,0,0,0
47137,Hurricane,0,0,0
47137,Winter Storm,0,0,0
47137,Flood,0,0,0
47137,Tornado,0,0,0
47137,Tropical Storm,0,0,0
47137,Snowstorm,0,0,0
47137,Coastal Storm,0,0,0
47137,Severe Ice Storm,1,0,0
47139,Severe Storm,3,0,0
47139,Fire,0,0,0
47139,Hurricane,0,0,0
47139,Winter Storm,0,0,0
47139,Flood,0,0,0
47139,Tornado,0,0,0
47139,Tropical Storm,0,0,0
47139,Snowstorm,0,0,0
47139,Coastal Storm,0,0,0
47139,Severe Ice Storm,0,0,0
47141,Severe Storm,0,0,0
47141,Fire,0,0,0
47141,Hurricane,0,0,0
47141,Winter Storm,1,0,0
47141,Flood,0,0,0
47141,Tornado,1,0,0
47141,Tropical Storm,0,0,0
47141,Snowstorm,0,0,0
47141,Coastal Storm,0,0,0
47141,Severe Ice Storm,1,0,0
47143,Severe Storm,2,0,0
47143,Fire,0,0,0
47143,Hurricane,0,0,0
47143,Winter Storm,0,0,0
47143,Flood,1,0,0
47143,Tornado,0,0,0
47143,Tropical Storm,0,0,0
47143,Snowstorm,0,0,0
47143,Coastal Storm,0,0,0
47143,Severe Ice Storm,0,0,0
47145,Severe Storm,1,0,0
47145,Fire,0,0,0
47145,Hurricane,0,0,0
47145,Winter Storm,0,0,0
47145,Flood,1,0,0
47145,Tornado,0,0,0
47145,Tropical Storm,0,0,0
47145,Snowstorm,0,0,0
47145,Coastal Storm,0,0,0
47145,Severe Ice Storm,0,0,0
47147,Severe Storm,2,0,0
47147,Fire,0,0,0
47147,Hurricane,0,0,0
47147,Winter Storm,0,0,0
47147,Flood,1,0,0
47147,Tornado,0,0,0
47147,Tropical Storm,0,0,0
47147,Snowstorm,0,0,0
47147,Coastal Storm,0,0,0
47147,Severe Ice Storm,0,0,0
47149,Severe Storm,1,0,0
47149,Fire,0,0,0
47149,Hurricane,0,0,0
47149,Winter Storm,0,0,0
47149,Flood,0,0,0
47149,Tornado,0,0,0
47149,Tropical Storm,0,0,0
47149,Snowstorm,0,0,0
47149,Coastal Storm,0,0,0
47149,Severe Ice Storm,0,0,0
47151,Severe Storm,1,0,0
47151,Fire,0,0,0
47151,Hurricane,0,0,0
47151,Winter Storm,0,0,0
47151,Flood,1,0,0
47151,Tornado,1,0,0
47151,Tropical Storm,0,0,0
47151,Snowstorm,0,0,0
47151,Coastal Storm,0,0,0
47151,Severe Ice Storm,1,0,0
47153,Severe Storm,0,0,0
47153,Fire,0,0,0
47153,Hurricane,0,0,0
47153,Winter Storm,0,0,0
47153,Flood,1,0,0
47153,Tornado,0,0,0
47153,Tropical Storm,0,0,0
47153,Snowstorm,0,0,0
47153,Coastal Storm,0,0,0
47153,Severe Ice Storm,0,0,0
47155,Severe Storm,0,0,0
47155,Fire,0,0,0
47155,Hurricane,0,0,0
47155,Winter Storm,0,0,0
47155,Flood,1,0,0
47155,Tornado,0,0,0
47155,Tropical Storm,1,0,0
47155,Snowstorm,0,0,0
47155,Coastal Storm,0,0,0
47155,Severe Ice Storm,0,0,0
47157,Severe Storm,3,1,3
47157,Fire,0,1,3
47157,Hurricane,0,1,3
47157,Winter Storm,1,1,3
47157,Flood,0,1,3
47157,Tornado,0,1,3
47157,Tropical Storm,0,1,3
47157,Snowstorm,0,1,3
47157,Coastal Storm,0,1,3
47157,Severe Ice Storm,1,1,3
47159,Severe Storm,1,0,0
47159,Fire,0,0,0
47159,Hurricane,0,0,0
47159,Winter Storm,0,0,0
47159,Flood,1,0,0
47159,Tornado,2,0,0
47159,Tropical Storm,0,0,0
47159,Snowstorm,0,0,0
47159,Coastal Storm,0,0,0
47159,Severe Ice Storm,1,0,0
47161,Severe Storm,2,0,0
47161,Fire,0,0,0
47161,Hurricane,0,0,0
47161,Winter Storm,0,0,0
47161,Flood,0,0,0
47161,Tornado,2,0,0
47161,Tropical Storm,0,0,0
47161,Snowstorm,0,0,0
47161,Coastal Storm,0,0,0
47161,Severe Ice Storm,0,0,0
47163,Severe Storm,0,0,0
47163,Fire,0,0,0
47163,Hurricane,0,0,0
47163,Winter Storm,0,0,0
47163,Flood,0,0,0
47163,Tornado,0,0,0
47163,Tropical Storm,1,0,0
47163,Snowstorm,0,0,0
47163,Coastal Storm,0,0,0
47163,Severe Ice Storm,0,0,0
47165,Severe Storm,3,1,1
47165,Fire,0,1,1
47165,Hurricane,0,1,1
47165,Winter Storm,0,1,1
47165,Flood,0,1,1
47165,Tornado,1,1,1
47165,Tropical Storm,0,1,1
47165,Snowstorm,0,1,1
47165,Coastal Storm,0,1,1
47165,Severe Ice Storm,0,1,1
47167,Severe Storm,5,0,0
47167,Fire,0,0,0
47167,Hurricane,0,0,0
47167,Winter Storm,0,0,0
47167,Flood,1,0,0
47167,Tornado,0,0,0
47167,Tropical Storm,0,0,0
47167,Snowstorm,0,0,0
47167,Coastal Storm,0,0,0
47167,Severe Ice Storm,0,0,0
47169,Severe Storm,0,0,0
47169,Fire,0,0,0
47169,Hurricane,0,0,0
47169,Winter Storm,0,0,0
47169,Flood,0,0,0
47169,Tornado,0,0,0
47169,Tropical Storm,0,0,0
47169,Snowstorm,0,0,0
47169,Coastal Storm,0,0,0
47169,Severe Ice Storm,0,0,0
47171,Severe Storm,1,0,0
47171,Fire,0,0,0
47171,Hurricane,0,0,0
47171,Winter Storm,0,0,0
47171,Flood,1,0,0
47171,Tornado,0,0,0
47171,Tropical Storm,2,0,0
47171,Snowstorm,0,0,0
47171,Coastal Storm,0,0,0
47171,Severe Ice Storm,0,0,0
47173,Severe Storm,0,0,0
47173,Fire,0,0,0
47173,Hurricane,0,0,0
47173,Winter Storm,0,0,0
47173,Flood,1,0,0
47173,Tornado,0,0,0
47173,Tropical Storm,0,0,0
47173,Snowstorm,0,0,0
47173,Coastal Storm,0,0,0
47173,Severe Ice Storm,0,0,0
47175,Severe Storm,1,0,0
47175,Fire,0,0,0
47175,Hurricane,0,0,0
47175,Winter Storm,0,0,0
47175,Flood,1,0,0
47175,Tornado,0,0,0
47175,Tropical Storm,0,0,0
47175,Snowstorm,0,0,0
47175,Coastal Storm,0,0,0
47175,Severe Ice Storm,0,0,0
47177,Severe Storm,1,0,0
47177,Fire,0,0,0
47177,Hurricane,0,0,0
47177,Winter Storm,0,0,0
47177,Flood,1,0,0
47177,Tornado,0,0,0
47177,Tropical Storm,0,0,0
47177,Snowstorm,0,0,0
47177,Coastal Storm,0,0,0
47177,Severe Ice Storm,0,0,0
47179,Severe Storm,1,0,0
47179,Fire,0,0,0
47179,Hurricane,0,0,0
47179,Winter Storm,1,0,0
47179,Flood,0,0,0
47179,Tornado,0,0,0
47179,Tropical Storm,2,0,0
47179,Snowstorm,0,0,0
47179,Coastal Storm,0,0,0
47179,Severe Ice Storm,0,0,0
47181,Severe Storm,3,0,0
47181,Fire,0,0,0
47181,Hurricane,0,0,0
47181,Winter Storm,0,0,0
47181,Flood,1,0,0
47181,Tornado,1,0,0
47181,Tropical Storm,0,0,0
47181,Snowstorm,0,0,0
47181,Coastal Storm,0,0,0
47181,Severe Ice Storm,0,0,0
47183,Severe Storm,3,0,0
47183,Fire,0,0,0
47183,Hurricane,0,0,0
47183,Winter Storm,0,0,0
47183,Flood,0,0,0
47183,Tornado,2,0,0
47183,Tropical Storm,0,0,0
47183,Snowstorm,0,0,0
47183,Coastal Storm,0,0,0
47183,Severe Ice Storm,0,0,0
47185,Severe Storm,1,0,0
47185,Fire,0,0,0
47185,Hurricane,0,0,0
47185,Winter Storm,0,0,0
47185,Flood,0,0,0
47185,Tornado,0,0,0
47185,Tropical Storm,0,0,0
47185,Snowstorm,0,0,0
47185,Coastal Storm,0,0,0
47185,Severe Ice Storm,0,0,0
47187,Severe Storm,0,0,0
47187,Fire,0,0,0
47187,Hurricane,0,0,0
47187,Winter Storm,0,0,0
47187,Flood,0,0,0
47187,Tornado,1,0,0
47187,Tropical Storm,0,0,0
47187,Snowstorm,0,0,0
47187,Coastal Storm,0,0,0
47187,Severe Ice Storm,0,0,0
47189,Severe Storm,0,0,0
47189,Fire,0,0,0
47189,Hurricane,0,0,0
47189,Winter Storm,0,0,0
47189,Flood,0,0,0
47189,Tornado,3,0,0
47189,Tropical Storm,0,0,0
47189,Snowstorm,0,0,0
47189,Coastal Storm,0,0,0
47189,Severe Ice Storm,0,0,0
48001,Severe Storm,0,0,0
48001,Fire,0,0,0
48001,Hurricane,2,0,0
48001,Winter Storm,1,0,0
48001,Flood,1,0,0
48001,Tornado,0,0,0
48001,Tropical Storm,0,0,0
48001,Snowstorm,0,0,0
48001,Coastal Storm,0,0,0
48001,Severe Ice Storm,2,0,0
48003,Severe Storm,0,0,0
48003,Fire,0,0,0
48003,Hurricane,0,0,0
48003,Winter Storm,0,0,0
48003,Flood,0,0,0
48003,Tornado,0,0,0
48003,Tropical Storm,0,0,0
48003,Snowstorm,0,0,0
48003,Coastal Storm,0,0,0
48003,Severe Ice Storm,2,0,0
48005,Severe Storm,0,0,0
48005,Fire,0,0,0
48005,Hurricane,2,0,0
48005,Winter Storm,0,0,0
48005,Flood,0,0,0
48005,Tornado,0,0,0
48005,Tropical Storm,0,0,0
48005,Snowstorm,0,0,0
48005,Coastal Storm,0,0,0
48005,Severe Ice Storm,2,0,0
48007,Severe Storm,0,0,0
48007,Fire,0,0,0
48007,Hurricane,3,0,0
48007,Winter Storm,0,0,0
48007,Flood,0,0,0
48007,Tornado,0,0,0
48007,Tropical Storm,0,0,0
48007,Snowstorm,0,0,0
48007,Coastal Storm,0,0,0
48007,Severe Ice Storm,2,0,0
48009,Severe Storm,0,0,0
48009,Fire,0,0,0
48009,Hurricane,0,0,0
48009,Winter Storm,0,0,0
48009,Flood,1,0,0
48009,Tornado,0,0,0
48009,Tropical Storm,0,0,0
48009,Snowstorm,0,0,0
48009,Coastal Storm,0,0,0
48009,Severe Ice Storm,2,0,0
48011,Severe Storm,0,1,1
48011,Fire,0,1,1
48011,Hurricane,0,1,1
48011,Winter Storm,0,1,1
48011,Flood,0,1,1
48011,Tornado,0,1,1
48011,Tropical Storm,0,1,1
48011,Snowstorm,0,1,1
48011,Coastal Storm,0,1,1
48011,Severe Ice Storm,2,1,1
48013,Severe Storm,0,0,0
48013,Fire,0,0,0
48013,Hurricane,0,0,0
48013,Winter Storm,0,0,0
48013,Flood,0,0,0
48013,Tornado,0,0,0
48013,Tropical Storm,0,0,0
48013,Snowstorm,0,0,0
48013,Coastal Storm,0,0,0
48013,Severe Ice Storm,2,0,0
48015,Severe Storm,0,0,0
48015,Fire,0,0,0
48015,Hurricane,1,0,0
48015,Winter Storm,0,0,0
48015,Flood,1,0,0
48015,Tornado,0,0,0
48015,Tropical Storm,0,0,0
48015,Snowstorm,0,0,0
48015,Coastal Storm,0,0,0
48015,Severe Ice Storm,2,0,0
48017,Severe Storm,0,0,0
48017,Fire,0,0,0
48017,Hurricane,0,0,0
48017,Winter Storm,0,0,0
48017,Flood,1,0,0
48017,Tornado,0,0,0
48017,Tropical Storm,0,0,0
48017,Snowstorm,0,0,0
48017,Coastal Storm,0,0,0
48017,Severe Ice Storm,2,0,0
48019,Severe Storm,0,0,0
48019,Fire,0,0,0
48019,Hurricane,0,0,0
48019,Winter Storm,0,0,0
48019,Flood,0,0,0
48019,Tornado,0,0,0
48019,Tropical Storm,0,0,0
48019,Snowstorm,0,0,0
48019,Coastal Storm,0,0,0
48019,Severe Ice Storm,2,0,0
48021,Severe Storm,0,1,2
48021,Fire,0,1,2
48021,Hurricane,0,1,2
48021,Winter Storm,1,1,2
48021,Flood,0,1,2
48021,Tornado,0,1,2
48021,Tropical Storm,0,1,2
48021,Snowstorm,0,1,2
48021,Coastal Storm,0,1,2
48021,Severe Ice Storm,2,1,2
48023,Severe Storm,0,0,0
48023,Fire,0,0,0
48023,Hurricane,0,0,0
48023,Winter Storm,0,0,0
48023,Flood,2,0,0
48023,Tornado,0,0,0
48023,Tropical Storm,0,0,0
48023,Snowstorm,0,0,0
48023,Coastal Storm,0,0,0
48023,Severe Ice Storm,2,0,0
48025,Severe Storm,0,0,0
48025,Fire,0,0,0
48025,Hurricane,1,0,0
48025,Winter Storm,0,0,0
48025,Flood,0,0,0
48025,Tornado,0,0,0
48025,Tropical Storm,0,0,0
48025,Snowstorm,0,0,0
48025,Coastal Storm,0,0,0
48025,Severe Ice Storm,2,0,0
48027,Severe Storm,0,1,5
48027,Fire,0,1,5
48027,Hurricane,0,1,5
48027,Winter Storm,0,1,5
48027,Flood,1,1,5
48027,Tornado,0,1,5
48027,Tropical Storm,0,1,5
48027,Snowstorm,0,1,5
48027,Coastal Storm,0,1,5
48027,Severe Ice Storm,2,1,5
48029,Severe Storm,0,1,23
48029,Fire,0,1,23
48029,Hurricane,2,1,23
48029,Winter Storm,0,1,23
48029,Flood,0,1,23
48029,Tornado,0,1,23
48029,Tropical Storm,0,1,23
48029,Snowstorm,0,1,23
48029,Coastal Storm,0,1,23
48029,Severe Ice Storm,2,1,23
48031,Severe Storm,0,0,0
48031,Fire,0,0,0
48031,Hurricane,0,0,0
48031,Winter Storm,1,0,0
48031,Flood,1,0,0
48031,Tornado,0,0,0
48031,Tropical Storm,0,0,0
48031,Snowstorm,0,0,0
48031,Coastal Storm,0,0,0
48031,Severe Ice Storm,2,0,0
48033,Severe Storm,0,0,0
48033,Fire,0,0,0
48033,Hurricane,0,0,0
48033,Winter Storm,0,0,0
48033,Flood,0,0,0
48033,Tornado,0,0,0
48033,Tropical Storm,0,0,0
48033,Snowstorm,0,0,0
48033,Coastal Storm,0,0,0
48033,Severe Ice Storm,2,0,0
48035,Severe Storm,0,0,0
48035,Fire,1,0,0
48035,Hurricane,0,0,0
48035,Winter Storm,0,0,0
48035,Flood,1,0,0
48035,Tornado,0,0,0
48035,Tropical Storm,0,0,0
48035,Snowstorm,0,0,0
48035,Coastal Storm,0,0,0
48035,Severe Ice Storm,2,0,0
48037,Severe Storm,0,1,1
48037,Fire,0,1,1
48037,Hurricane,2,1,1
48037,Winter Storm,0,1,1
48037,Flood,1,1,1
48037,Tornado,0,1,1
48037,Tropical Storm,0,1,1
48037,Snowstorm,0,1,1
48037,Coastal Storm,0,1,1
48037,Severe Ice Storm,2,1,1
48039,Severe Storm,0,0,0
48039,Fire,0,0,0
48039,Hurricane,3,0,0
48039,Winter Storm,0,0,0
48039,Flood,0,0,0
48039,Tornado,0,0,0
48039,Tropical Storm,0,0,0
48039,Snowstorm,0,0,0
48039,Coastal Storm,0,0,0
48039,Severe Ice Storm,2,0,0
48041,Severe Storm,0,0,0
48041,Fire,0,0,0
48041,Hurricane,1,0,0
48041,Winter Storm,0,0,0
48041,Flood,0,0,0
48041,Tornado,0,0,0
48041,Tropical Storm,0,0,0
48041,Snowstorm,0,0,0
48041,Coastal Storm,0,0,0
48041,Severe Ice Storm,2,0,0
48043,Severe Storm,0,0,0
48043,Fire,0,0,0
48043,Hurricane,0,0,0
48043,Winter Storm,0,0,0
48043,Flood,0,0,0
48043,Tornado,0,0,0
48043,Tropical Storm,0,0,0
48043,Snowstorm,0,0,0
48043,Coastal Storm,0,0,0
48043,Severe Ice Storm,2,0,0
48045,Severe Storm,0,1,2
48045,Fire,0,1,2
48045,Hurricane,0,1,2
48045,Winter Storm,0,1,2
48045,Flood,0,1,2
48045,Tornado,0,1,2
48045,Tropical Storm,0,1,2
48045,Snowstorm,0,1,2
48045,Coastal Storm,0,1,2
48045,Severe Ice Storm,2,1,2
48047,Severe Storm,0,0,0
48047,Fire,0,0,0
48047,Hurricane,1,0,0
48047,Winter Storm,0,0,0
48047,Flood,0,0,0
48047,Tornado,0,0,0
48047,Tropical Storm,0,0,0
48047,Snowstorm,0,0,0
48047,Coastal Storm,0,0,0
48047,Severe Ice Storm,2,0,0
48049,Severe Storm,0,0,0
48049,Fire,0,0,0
48049,Hurricane,0,0,0
48049,Winter Storm,0,0,0
48049,Flood,2,0,0
48049,Tornado,0,0,0
48049,Tropical Storm,0,0,0
48049,Snowstorm,0,0,0
48049,Coastal Storm,0,0,0
48049,Severe Ice Storm,2,0,0
48051,Severe Storm,0,0,0
48051,Fire,0,0,0
48051,Hurricane,1,0,0
48051,Winter Storm,1,0,0
48051,Flood,0,0,0
48051,Tornado,0,0,0
48051,Tropical Storm,0,0,0
48051,Snowstorm,0,0,0
48051,Coastal Storm,0,0,0
48051,Severe Ice Storm,2,0,0
48053,Severe Storm,0,0,0
48053,Fire,0,0,0
48053,Hurricane,0,0,0
48053,Winter Storm,1,0,0
48053,Flood,1,0,0
48053,Tornado,0,0,0
48053,Tropical Storm,0,0,0
48053,Snowstorm,0,0,0
48053,Coastal Storm,0,0,0
48053,Severe Ice Storm,2,0,0
48055,Severe Storm,0,1,3
48055,Fire,0,1,3
48055,Hurricane,0,1,3
48055,Winter Storm,0,1,3
48055,Flood,1,1,3
48055,Tornado,0,1,3
48055,Tropical Storm,0,1,3
48055,Snowstorm,0,1,3
48055,Coastal Storm,0,1,3
48055,Severe Ice Storm,2,1,3
48057,Severe Storm,0,0,0
48057,Fire,0,0,0
48057,Hurricane,3,0,0
48057,Winter Storm,0,0,0
48057,Flood,1,0,0
48057,Tornado,0,0,0
48057,Tropical Storm,0,0,0
48057,Snowstorm,0,0,0
48057,Coastal Storm,0,0,0
48057,Severe Ice Storm,2,0,0
48059,Severe Storm,0,1,2
48059,Fire,0,1,2
48059,Hurricane,0,1,2
48059,Winter Storm,0,1,2
48059,Flood,1,1,2
48059,Tornado,0,1,2
48059,Tropical Storm,0,1,2
48059,Snowstorm,0,1,2
48059,Coastal Storm,0,1,2
48059,Severe Ice Storm,2,1,2
48061,Severe Storm,0,1,2
48061,Fire,0,1,2
48061,Hurricane,3,1,2
48061,Winter Storm,0,1,2
48061,Flood,1,1,2
48061,Tornado,0,1,2
48061,Tropical Storm,0,1,2
48061,Snowstorm,0,1,2
48061,Coastal Storm,0,1,2
48061,Severe Ice Storm,2,1,2
48063,Severe Storm,0,0,0
48063,Fire,0,0,0
48063,Hurricane,2,0,0
48063,Winter Storm,0,0,0
48063,Flood,0,0,0
48063,Tornado,0,0,0
48063,Tropical Storm,0,0,0
48063,Snowstorm,0,0,0
48063,Coastal Storm,0,0,0
48063,Severe Ice Storm,2,0,0
48065,Severe Storm,0,1,1
48065,Fire,1,1,1
48065,Hurricane,0,1,1
48065,Winter Storm,0,1,1
48065,Flood,0,1,1
48065,Tornado,0,1,1
48065,Tropical Storm,0,1,1
48065,Snowstorm,0,1,1
48065,Coastal Storm,0,1,1
48065,Severe Ice Storm,2,1,1
48067,Severe Storm,0,1,1
48067,Fire,0,1,1
48067,Hurricane,2,1,1
48067,Winter Storm,0,1,1
48067,Flood,1,1,1
48067,Tornado,0,1,1
48067,Tropical Storm,0,1,1
48067,Snowstorm,0,1,1
48067,Coastal Storm,0,1,1
48067,Severe Ice Storm,2,1,1
48069,Severe Storm,0,0,0
48069,Fire,0,0,0
48069,Hurricane,0,0,0
48069,Winter Storm,0,0,0
48069,Flood,0,0,0
48069,Tornado,0,0,0
48069,Tropical Storm,0,0,0
48069,Snowstorm,0,0,0
48069,Coastal Storm,0,0,0
48069,Severe Ice Storm,2,0,0
48071,Severe Storm,0,0,0
48071,Fire,0,0,0
48071,Hurricane,2,0,0
48071,Winter Storm,0,0,0
48071,Flood,1,0,0
48071,Tornado,0,0,0
48071,Tropical Storm,0,0,0
48071,Snowstorm,0,0,0
48071,Coastal Storm,0,0,0
48071,Severe Ice Storm,2,0,0
48073,Severe Storm,0,0,0
48073,Fire,0,0,0
48073,Hurricane,2,0,0
48073,Winter Storm,0,0,0
48073,Flood,1,0,0
48073,Tornado,0,0,0
48073,Tropical Storm,0,0,0
48073,Snowstorm,0,0,0
48073,Coastal Storm,0,0,0
48073,Severe Ice Storm,2,0,0
48075,Severe Storm,0,1,3
48075,Fire,0,1,3
48075,Hurricane,0,1,3
48075,Winter Storm,0,1,3
48075,Flood,0,1,3
48075,Tornado,0,1,3
48075,Tropical Storm,0,1,3
48075,Snowstorm,0,1,3
48075,Coastal Storm,0,1,3
48075,Severe Ice Storm,2,1,3
48077,Severe Storm,0,0,0
48077,Fire,0,0,0
48077,Hurricane,0,0,0
48077,Winter Storm,0,0,0
48077,Flood,1,0,0
48077,Tornado,0,0,0
48077,Tropical Storm,0,0,0
48077,Snowstorm,0,0,0
48077,Coastal Storm,0,0,0
48077,Severe Ice Storm,2,0,0
48079,Severe Storm,0,0,0
48079,Fire,0,0,0
48079,Hurricane,0,0,0
48079,Winter Storm,0,0,0
48079,Flood,1,0,0
48079,Tornado,0,0,0
48079,Tropical Storm,0,0,0
48079,Snowstorm,0,0,0
48079,Coastal Storm,0,0,0
48079,Severe Ice Storm,2,0,0
48081,Severe Storm,0,0,0
48081,Fire,0,0,0
48081,Hurricane,0,0,0
48081,Winter Storm,0,0,0
48081,Flood,1,0,0
48081,Tornado,0,0,0
48081,Tropical Storm,0,0,0
48081,Snowstorm,0,0,0
48081,Coastal Storm,0,0,0
48081,Severe Ice Storm,2,0,0
48083,Severe Storm,0,0,0
48083,Fire,0,0,0
48083,Hurricane,0,0,0
48083,Winter Storm,0,0,0
48083,Flood,1,0,0
48083,Tornado,0,0,0
48083,Tropical Storm,0,0,0
48083,Snowstorm,0,0,0
48083,Coastal Storm,0,0,0
48083,Severe Ice Storm,2,0,0
48085,Severe Storm,0,1,12
48085,Fire,0,1,12
48085,Hurricane,0,1,12
48085,Winter Storm,0,1,12
48085,Flood,1,1,12
48085,Tornado,0,1,12
48085,Tropical Storm,0,1,12
48085,Snowstorm,0,1,12
48085,Coastal Storm,0,1,12
48085,Severe Ice Storm,2,1,12
48087,Severe Storm,0,0,0
48087,Fire,0,0,0
48087,Hurricane,0,0,0
48087,Winter Storm,0,0,0
48087,Flood,0,0,0
48087,Tornado,0,0,0
48087,Tropical Storm,0,0,0
48087,Snowstorm,0,0,0
48087,Coastal Storm,0,0,0
48087,Severe Ice Storm,2,0,0
48089,Severe Storm,0,0,0
48089,Fire,0,0,0
48089,Hurricane,1,0,0
48089,Winter Storm,0,0,0
48089,Flood,0,0,0
48089,Tornado,0,0,0
48089,Tropical Storm,0,0,0
48089,Snowstorm,0,0,0
48089,Coastal Storm,0,0,0
48089,Severe Ice Storm,2,0,0
48091,Severe Storm,0,1,2
48091,Fire,0,1,2
48091,Hurricane,0,1,2
48091,Winter Storm,1,1,2
48091,Flood,0,1,2
48091,Tornado,0,1,2
48091,Tropical Storm,0,1,2
48091,Snowstorm,0,1,2
48091,Coastal Storm,0,1,2
48091,Severe Ice Storm,2,1,2
48093,Severe Storm,0,0,0
48093,Fire,0,0,0
48093,Hurricane,0,0,0
48093,Winter Storm,0,0,0
48093,Flood,1,0,0
48093,Tornado,0,0,0
48093,Tropical Storm,0,0,0
48093,Snowstorm,0,0,0
48093,Coastal Storm,0,0,0
48093,Severe Ice Storm,2,0,0
48095,Severe Storm,0,0,0
48095,Fire,0,0,0
48095,Hurricane,0,0,0
48095,Winter Storm,0,0,0
48095,Flood,1,0,0
48095,Tornado,0,0,0
48095,Tropical Storm,0,0,0
48095,Snowstorm,0,0,0
48095,Coastal Storm,0,0,0
48095,Severe Ice Storm,2,0,0
48097,Severe Storm,0,0,0
48097,Fire,0,0,0
48097,Hurricane,0,0,0
48097,Winter Storm,0,0,0
48097,Flood,1,0,0
48097,Tornado,0,0,0
48097,Tropical Storm,0,0,0
48097,Snowstorm,0,0,0
48097,Coastal Storm,0,0,0
48097,Severe Ice Storm,2,0,0
48099,Severe Storm,0,0,0
48099,Fire,0,0,0
48099,Hurricane,0,0,0
48099,Winter Storm,0,0,0
48099,Flood,2,0,0
48099,Tornado,0,0,0
48099,Tropical Storm,0,0,0
48099,Snowstorm,0,0,0
48099,Coastal Storm,0,0,0
48099,Severe Ice Storm,2,0,0
48101,Severe Storm,0,1,3
48101,Fire,0,1,3
48101,Hurricane,0,1,3
48101,Winter Storm,0,1,3
48101,Flood,0,1,3
48101,Tornado,0,1,3
48101,Tropical Storm,0,1,3
48101,Snowstorm,0,1,3
48101,Coastal Storm,0,1,3
48101,Severe Ice Storm,2,1,3
48103,Severe Storm,0,0,0
48103,Fire,0,0,0
48103,Hurricane,0,0,0
48103,Winter Storm,0,0,0
48103,Flood,0,0,0
48103,Tornado,0,0,0
48103,Tropical Storm,0,0,0
48103,Snowstorm,0,0,0
48103,Coastal Storm,0,0,0
48103,Severe Ice Storm,2,0,0
48105,Severe Storm,0,0,0
48105,Fire,0,0,0
48105,Hurricane,0,0,0
48105,Winter Storm,0,0,0
48105,Flood,0,0,0
48105,Tornado,0,0,0
48105,Tropical Storm,0,0,0
48105,Snowstorm,0,0,0
48105,Coastal Storm,0,0,0
48105,Severe Ice Storm,2,0,0
48107,Severe Storm,0,0,0
48107,Fire,0,0,0
48107,Hurricane,0,0,0
48107,Winter Storm,0,0,0
48107,Flood,0,0,0
48107,Tornado,0,0,0
48107,Tropical Storm,0,0,0
48107,Snowstorm,0,0,0
48107,Coastal Storm,0,0,0
48107,Severe Ice Storm,2,0,0
48109,Severe Storm,0,0,0
48109,Fire,0,0,0
48109,Hurricane,0,0,0
48109,Winter Storm,0,0,0
48109,Flood,0,0,0
48109,Tornado,0,0,0
48109,Tropical Storm,0,0,0
48109,Snowstorm,0,0,0
48109,Coastal Storm,0,0,0
48109,Severe Ice Storm,2,0,0
48111,Severe Storm,0,0,0
48111,Fire,0,0,0
48111,Hurricane,0,0,0
48111,Winter Storm,0,0,0
48111,Flood,0,0,0
48111,Tornado,0,0,0
48111,Tropical Storm,0,0,0
48111,Snowstorm,0,0,0
48111,Coastal Storm,0,0,0
48111,Severe Ice Storm,2,0,0
48113,Severe Storm,0,1,24
48113,Fire,0,1,24
48113,Hurricane,1,1,24
48113,Winter Storm,0,1,24
48113,Flood,1,1,24
48113,Tornado,0,1,24
48113,Tropical Storm,0,1,24
48113,Snowstorm,0,1,24
48113,Coastal Storm,0,1,24
48113,Severe Ice Storm,2,1,24
48115,Severe Storm,0,0,0
48115,Fire,0,0,0
48115,Hurricane,0,0,0
48115,Winter Storm,0,0,0
48115,Flood,0,0,0
48115,Tornado,0,0,0
48115,Tropical Storm,0,0,0
48115,Snowstorm,0,0,0
48115,Coastal Storm,0,0,0
48115,Severe Ice Storm,2,0,0
48117,Severe Storm,0,0,0
48117,Fire,0,0,0
48117,Hurricane,0,0,0
48117,Winter Storm,0,0,0
48117,Flood,0,0,0
48117,Tornado,0,0,0
48117,Tropical Storm,0,0,0
48117,Snowstorm,0,0,0
48117,Coastal Storm,0,0,0
48117,Severe Ice Storm,2,0,0
48119,Severe Storm,0,0,0
48119,Fire,0,0,0
48119,Hurricane,0,0,0
48119,Winter Storm,0,0,0
48119,Flood,1,0,0
48119,Tornado,0,0,0
48119,Tropical Storm,0,0,0
48119,Snowstorm,0,0,0
48119,Coastal Storm,0,0,0
48119,Severe Ice Storm,2,0,0
48121,Severe Storm,0,1,7
48121,Fire,0,1,7
48121,Hurricane,0,1,7
48121,Winter Storm,0,1,7
48121,Flood,1,1,7
48121,Tornado,0,1,7
48121,Tropical Storm,0,1,7
48121,Snowstorm,0,1,7
48121,Coastal Storm,0,1,7
48121,Severe Ice Storm,2,1,7
48123,Severe Storm,0,0,0
48123,Fire,0,0,0
48123,Hurricane,1,0,0
48123,Winter Storm,0,0,0
48123,Flood,0,0,0
48123,Tornado,0,0,0
48123,Tropical Storm,0,0,0
48123,Snowstorm,0,0,0
48123,Coastal Storm,0,0,0
48123,Severe Ice Storm,2,0,0
48125,Severe Storm,0,1,1
48125,Fire,0,1,1
48125,Hurricane,0,1,1
48125,Winter Storm,0,1,1
48125,Flood,0,1,1
48125,Tornado,0,1,1
48125,Tropical Storm,0,1,1
48125,Snowstorm,0,1,1
48125,Coastal Storm,0,1,1
48125,Severe Ice Storm,2,1,1
48127,Severe Storm,0,0,0
48127,Fire,0,0,0
48127,Hurricane,1,0,0
48127,Winter Storm,0,0,0
48127,Flood,1,0,0
48127,Tornado,0,0,0
48127,Tropical Storm,0,0,0
48127,Snowstorm,0,0,0
48127,Coastal Storm,0,0,0
48127,Severe Ice Storm,2,0,0
48129,Severe Storm,0,1,1
48129,Fire,0,1,1
48129,Hurricane,0,1,1
48129,Winter Storm,0,1,1
48129,Flood,0,1,1
48129,Tornado,0,1,1
48129,Tropical Storm,0,1,1
48129,Snowstorm,0,1,1
48129,Coastal Storm,0,1,1
48129,Severe Ice Storm,2,1,1
48131,Severe Storm,0,0,0
48131,Fire,0,0,0
48131,Hurricane,1,0,0
48131,Winter Storm,0,0,0
48131,Flood,0,0,0
48131,Tornado,0,0,0
48131,Tropical Storm,0,0,0
48131,Snowstorm,0,0,0
48131,Coastal Storm,0,0,0
48131,Severe Ice Storm,2,0,0
48133,Severe Storm,0,0,0
48133,Fire,2,0,0
48133,Hurricane,0,0,0
48133,Winter Storm,0,0,0
48133,Flood,1,0,0
48133,Tornado,0,0,0
48133,Tropical Storm,0,0,0
48133,Snowstorm,0,0,0
48133,Coastal Storm,0,0,0
48133,Severe Ice Storm,2,0,0
48135,Severe Storm,0,0,0
48135,Fire,0,0,0
48135,Hurricane,0,0,0
48135,Winter Storm,0,0,0
48135,Flood,0,0,0
48135,Tornado,0,0,0
48135,Tropical Storm,0,0,0
48135,Snowstorm,0,0,0
48135,Coastal Storm,0,0,0
48135,Severe Ice Storm,2,0,0
48137,Severe Storm,0,0,0
48137,Fire,0,0,0
48137,Hurricane,0,0,0
48137,Winter Storm,0,0,0
48137,Flood,1,0,0
48137,Tornado,0,0,0
48137,Tropical Storm,0,0,0
48137,Snowstorm,0,0,0
48137,Coastal Storm,0,0,0
48137,Severe Ice Storm,2,0,0
48139,Severe Storm,0,1,15
48139,Fire,0,1,15
48139,Hurricane,1,1,15
48139,Winter Storm,0,1,15
48139,Flood,1,1,15
48139,Tornado,0,1,15
48139,Tropical Storm,0,1,15
48139,Snowstorm,0,1,15
48139,Coastal Storm,0,1,15
48139,Severe Ice Storm,2,1,15
48141,Severe Storm,0,1,1
48141,Fire,0,1,1
48141,Hurricane,0,1,1
48141,Winter Storm,0,1,1
48141,Flood,0,1,1
48141,Tornado,0,1,1
48141,Tropical Storm,0,1,1
48141,Snowstorm,0,1,1
48141,Coastal Storm,0,1,1
48141,Severe Ice Storm,2,1,1
48143,Severe Storm,0,0,0
48143,Fire,0,0,0
48143,Hurricane,0,0,0
48143,Winter Storm,0,0,0
48143,Flood,0,0,0
48143,Tornado,0,0,0
48143,Tropical Storm,0,0,0
48143,Snowstorm,0,0,0
48143,Coastal Storm,0,0,0
48143,Severe Ice Storm,2,0,0
48145,Severe Storm,0,1,1
48145,Fire,0,1,1
48145,Hurricane,0,1,1
48145,Winter Storm,1,1,1
48145,Flood,1,1,1
48145,Tornado,0,1,1
48145,Tropical Storm,0,1,1
48145,Snowstorm,0,1,1
48145,Coastal Storm,0,1,1
48145,Severe Ice Storm,2,1,1
48147,Severe Storm,0,0,0
48147,Fire,0,0,0
48147,Hurricane,0,0,0
48147,Winter Storm,0,0,0
48147,Flood,2,0,0
48147,Tornado,0,0,0
48147,Tropical Storm,0,0,0
48147,Snowstorm,0,0,0
48147,Coastal Storm,0,0,0
48147,Severe Ice Storm,2,0,0
48149,Severe Storm,0,0,0
48149,Fire,0,0,0
48149,Hurricane,1,0,0
48149,Winter Storm,0,0,0
48149,Flood,0,0,0
48149,Tornado,0,0,0
48149,Tropical Storm,0,0,0
48149,Snowstorm,0,0,0
48149,Coastal Storm,0,0,0
48149,Severe Ice Storm,2,0,0
48151,Severe Storm,0,0,0
48151,Fire,0,0,0
48151,Hurricane,0,0,0
48151,Winter Storm,0,0,0
48151,Flood,0,0,0
48151,Tornado,0,0,0
48151,Tropical Storm,0,0,0
48151,Snowstorm,0,0,0
48151,Coastal Storm,0,0,0
48151,Severe Ice Storm,2,0,0
48153,Severe Storm,0,0,0
48153,Fire,0,0,0
48153,Hurricane,0,0,0
48153,Winter Storm,0,0,0
48153,Flood,0,0,0
48153,Tornado,0,0,0
48153,Tropical Storm,0,0,0
48153,Snowstorm,0,0,0
48153,Coastal Storm,0,0,0
48153,Severe Ice Storm,2,0,0
48155,Severe Storm,0,1,1
48155,Fire,0,1,1
48155,Hurricane,0,1,1
48155,Winter Storm,0,1,1
48155,Flood,0,1,1
48155,Tornado,0,1,1
48155,Tropical Storm,0,1,1
48155,Snowstorm,0,1,1
48155,Coastal Storm,0,1,1
48155,Severe Ice Storm,2,1,1
48157,Severe Storm,0,1,1
48157,Fire,0,1,1
48157,Hurricane,3,1,1
48157,Winter Storm,0,1,1
48157,Flood,0,1,1
48157,Tornado,0,1,1
48157,Tropical Storm,0,1,1
48157,Snowstorm,0,1,1
48157,Coastal Storm,0,1,1
48157,Severe Ice Storm,2,1,1
48159,Severe Storm,0,0,0
48159,Fire,0,0,0
48159,Hurricane,1,0,0
48159,Winter Storm,1,0,0
48159,Flood,1,0,0
48159,Tornado,0,0,0
48159,Tropical Storm,0,0,0
48159,Snowstorm,0,0,0
48159,Coastal Storm,0,0,0
48159,Severe Ice Storm,2,0,0
48161,Severe Storm,0,0,0
48161,Fire,0,0,0
48161,Hurricane,1,0,0
48161,Winter Storm,0,0,0
48161,Flood,1,0,0
48161,Tornado,0,0,0
48161,Tropical Storm,0,0,0
48161,Snowstorm,0,0,0
48161,Coastal Storm,0,0,0
48161,Severe Ice Storm,2,0,0
48163,Severe Storm,0,0,0
48163,Fire,0,0,0
48163,Hurricane,0,0,0
48163,Winter Storm,0,0,0
48163,Flood,0,0,0
48163,Tornado,0,0,0
48163,Tropical Storm,0,0,0
48163,Snowstorm,0,0,0
48163,Coastal Storm,0,0,0
48163,Severe Ice Storm,2,0,0
48165,Severe Storm,0,0,0
48165,Fire,0,0,0
48165,Hurricane,0,0,0
48165,Winter Storm,0,0,0
48165,Flood,0,0,0
48165,Tornado,0,0,0
48165,Tropical Storm,0,0,0
48165,Snowstorm,0,0,0
48165,Coastal Storm,0,0,0
48165,Severe Ice Storm,2,0,0
48167,Severe Storm,0,0,0
48167,Fire,0,0,0
48167,Hurricane,4,0,0
48167,Winter Storm,0,0,0
48167,Flood,0,0,0
48167,Tornado,0,0,0
48167,Tropical Storm,0,0,0
48167,Snowstorm,0,0,0
48167,Coastal Storm,0,0,0
48167,Severe Ice Storm,2,0,0
48169,Severe Storm,0,0,0
48169,Fire,0,0,0
48169,Hurricane,0,0,0
48169,Winter Storm,0,0,0
48169,Flood,0,0,0
48169,Tornado,0,0,0
48169,Tropical Storm,0,0,0
48169,Snowstorm,0,0,0
48169,Coastal Storm,0,0,0
48169,Severe Ice Storm,2,0,0
48171,Severe Storm,0,0,0
48171,Fire,0,0,0
48171,Hurricane,0,0,0
48171,Winter Storm,1,0,0
48171,Flood,0,0,0
48171,Tornado,0,0,0
48171,Tropical Storm,0,0,0
48171,Snowstorm,0,0,0
48171,Coastal Storm,0,0,0
48171,Severe Ice Storm,2,0,0
48173,Severe Storm,0,0,0
48173,Fire,0,0,0
48173,Hurricane,0,0,0
48173,Winter Storm,0,0,0
48173,Flood,0,0,0
48173,Tornado,0,0,0
48173,Tropical Storm,0,0,0
48173,Snowstorm,0,0,0
48173,Coastal Storm,0,0,0
48173,Severe Ice Storm,2,0,0
48175,Severe Storm,0,1,1
48175,Fire,0,1,1
48175,Hurricane,2,1,1
48175,Winter Storm,0,1,1
48175,Flood,0,1,1
48175,Tornado,0,1,1
48175,Tropical Storm,0,1,1
48175,Snowstorm,0,1,1
48175,Coastal Storm,0,1,1
48175,Severe Ice Storm,2,1,1
48177,Severe Storm,0,0,0
48177,Fire,0,0,0
48177,Hurricane,0,0,0
48177,Winter Storm,0,0,0
48177,Flood,1,0,0
48177,Tornado,0,0,0
48177,Tropical Storm,0,0,0
48177,Snowstorm,0,0,0
48177,Coastal Storm,0,0,0
48177,Severe Ice Storm,2,0,0
48179,Severe Storm,0,1,1
48179,Fire,0,1,1
48179,Hurricane,0,1,1
48179,Winter Storm,0,1,1
48179,Flood,0,1,1
48179,Tornado,0,1,1
48179,Tropical Storm,0,1,1
48179,Snowstorm,0,1,1
48179,Coastal Storm,0,1,1
48179,Severe Ice Storm,2,1,1
48181,Severe Storm,0,1,1
48181,Fire,0,1,1
48181,Hurricane,0,1,1
48181,Winter Storm,0,1,1
48181,Flood,0,1,1
48181,Tornado,0,1,1
48181,Tropical Storm,0,1,1
48181,Snowstorm,0,1,1
48181,Coastal Storm,0,1,1
48181,Severe Ice Storm,2,1,1
48183,Severe Storm,0,0,0
48183,Fire,0,0,0
48183,Hurricane,2,0,0
48183,Winter Storm,0,0,0
48183,Flood,0,0,0
48183,Tornado,0,0,0
48183,Tropical Storm,0,0,0
48183,Snowstorm,0,0,0
48183,Coastal Storm,0,0,0
48183,Severe Ice Storm,2,0,0
48185,Severe Storm,0,0,0
48185,Fire,0,0,0
48185,Hurricane,2,0,0
48185,Winter Storm,0,0,0
48185,Flood,2,0,0
48185,Tornado,0,0,0
48185,Tropical Storm,0,0,0
48185,Snowstorm,0,0,0
48185,Coastal Storm,0,0,0
48185,Severe Ice Storm,2,0,0
48187,Severe Storm,0,1,2
48187,Fire,0,1,2
48187,Hurricane,0,1,2
48187,Winter Storm,0,1,2
48187,Flood,1,1,2
48187,Tornado,0,1,2
48187,Tropical Storm,0,1,2
48187,Snowstorm,0,1,2
48187,Coastal Storm,0,1,2
48187,Severe Ice Storm,2,1,2
48189,Severe Storm,0,0,0
48189,Fire,0,0,0
48189,Hurricane,0,0,0
48189,Winter Storm,0,0,0
48189,Flood,0,0,0
48189,Tornado,0,0,0
48189,Tropical Storm,0,0,0
48189,Snowstorm,0,0,0
48189,Coastal Storm,0,0,0
48189,Severe Ice Storm,2,0,0
48191,Severe Storm,0,1,3
48191,Fire,0,1,3
48191,Hurricane,0,1,3
48191,Winter Storm,0,1,3
48191,Flood,0,1,3
48191,Tornado,0,1,3
48191,Tropical Storm,0,1,3
48191,Snowstorm,0,1,3
48191,Coastal Storm,0,1,3
48191,Severe Ice Storm,2,1,3
48193,Severe Storm,0,0,0
48193,Fire,0,0,0
48193,Hurricane,0,0,0
48193,Winter Storm,0,0,0
48193,Flood,1,0,0
48193,Tornado,0,0,0
48193,Tropical Storm,0,0,0
48193,Snowstorm,0,0,0
48193,Coastal Storm,0,0,0
48193,Severe Ice Storm,2,0,0
48195,Severe Storm,0,0,0
48195,Fire,0,0,0
48195,Hurricane,0,0,0
48195,Winter Storm,0,0,0
48195,Flood,0,0,0
48195,Tornado,0,0,0
48195,Tropical Storm,0,0,0
48195,Snowstorm,0,0,0
48195,Coastal Storm,0,0,0
48195,Severe Ice Storm,2,0,0
48197,Severe Storm,0,0,0
48197,Fire,1,0,0
48197,Hurricane,0,0,0
48197,Winter Storm,0,0,0
48197,Flood,0,0,0
48197,Tornado,0,0,0
48197,Tropical Storm,0,0,0
48197,Snowstorm,0,0,0
48197,Coastal Storm,0,0,0
48197,Severe Ice Storm,2,0,0
48199,Severe Storm,0,0,0
48199,Fire,0,0,0
48199,Hurricane,2,0,0
48199,Winter Storm,0,0,0
48199,Flood,1,0,0
48199,Tornado,0,0,0
48199,Tropical Storm,0,0,0
48199,Snowstorm,0,0,0
48199,Coastal Storm,0,0,0
48199,Severe Ice Storm,2,0,0
48201,Severe Storm,0,1,4
48201,Fire,0,1,4
48201,Hurricane,3,1,4
48201,Winter Storm,0,1,4
48201,Flood,2,1,4
48201,Tornado,0,1,4
48201,Tropical Storm,0,1,4
48201,Snowstorm,0,1,4
48201,Coastal Storm,0,1,4
48201,Severe Ice Storm,2,1,4
48203,Severe Storm,0,0,0
48203,Fire,0,0,0
48203,Hurricane,2,0,0
48203,Winter Storm,0,0,0
48203,Flood,0,0,0
48203,Tornado,0,0,0
48203,Tropical Storm,0,0,0
48203,Snowstorm,0,0,0
48203,Coastal Storm,0,0,0
48203,Severe Ice Storm,2,0,0
48205,Severe Storm,0,0,0
48205,Fire,0,0,0
48205,Hurricane,0,0,0
48205,Winter Storm,0,0,0
48205,Flood,0,0,0
48205,Tornado,0,0,0
48205,Tropical Storm,0,0,0
48205,Snowstorm,0,0,0
48205,Coastal Storm,0,0,0
48205,Severe Ice Storm,2,0,0
48207,Severe Storm,0,1,1
48207,Fire,0,1,1
48207,Hurricane,0,1,1
48207,Winter Storm,0,1,1
48207,Flood,1,1,1
48207,Tornado,0,1,1
48207,Tropical Storm,0,1,1
48207,Snowstorm,0,1,1
48207,Coastal Storm,0,1,1
48207,Severe Ice Storm,2,1,1
48209,Severe Storm,0,1,2
48209,Fire,0,1,2
48209,Hurricane,0,1,2
48209,Winter Storm,1,1,2
48209,Flood,1,1,2
48209,Tornado,0,1,2
48209,Tropical Storm,0,1,2
48209,Snowstorm,0,1,2
48209,Coastal Storm,0,1,2
48209,Severe Ice Storm,2,1,2
48211,Severe Storm,0,0,0
48211,Fire,1,0,0
48211,Hurricane,0,0,0
48211,Winter Storm,0,0,0
48211,Flood,0,0,0
48211,Tornado,0,0,0
48211,Tropical Storm,0,0,0
48211,Snowstorm,0,0,0
48211,Coastal Storm,0,0,0
48211,Severe Ice Storm,2,0,0
48213,Severe Storm,0,0,0
48213,Fire,0,0,0
48213,Hurricane,0,0,0
48213,Winter Storm,1,0,0
48213,Flood,1,0,0
48213,Tornado,0,0,0
48213,Tropical Storm,0,0,0
48213,Snowstorm,0,0,0
48213,Coastal Storm,0,0,0
48213,Severe Ice Storm,2,0,0
48215,Severe Storm,0,1,1
48215,Fire,0,1,1
48215,Hurricane,2,1,1
48215,Winter Storm,0,1,1
48215,Flood,1,1,1
48215,Tornado,0,1,1
48215,Tropical Storm,0,1,1
48215,Snowstorm,0,1,1
48215,Coastal Storm,0,1,1
48215,Severe Ice Storm,2,1,1
48217,Severe Storm,0,1,2
48217,Fire,0,1,2
48217,Hurricane,0,1,2
48217,Winter Storm,0,1,2
48217,Flood,2,1,2
48217,Tornado,0,1,2
48217,Tropical Storm,0,1,2
48217,Snowstorm,0,1,2
48217,Coastal Storm,0,1,2
48217,Severe Ice Storm,2,1,2
48219,Severe Storm,0,0,0
48219,Fire,0,0,0
48219,Hurricane,0,0,0
48219,Winter Storm,0,0,0
48219,Flood,1,0,0
48219,Tornado,0,0,0
48219,Tropical Storm,0,0,0
48219,Snowstorm,0,0,0
48219,Coastal Storm,0,0,0
48219,Severe Ice Storm,2,0,0
48221,Severe Storm,0,0,0
48221,Fire,2,0,0
48221,Hurricane,0,0,0
48221,Winter Storm,0,0,0
48221,Flood,0,0,0
48221,Tornado,0,0,0
48221,Tropical Storm,0,0,0
48221,Snowstorm,0,0,0
48221,Coastal Storm,0,0,0
48221,Severe Ice Storm,2,0,0
48223,Severe Storm,0,1,1
48223,Fire,0,1,1
48223,Hurricane,0,1,1
48223,Winter Storm,1,1,1
48223,Flood,2,1,1
48223,Tornado,0,1,1
48223,Tropical Storm,0,1,1
48223,Snowstorm,0,1,1
48223,Coastal Storm,0,1,1
48223,Severe Ice Storm,2,1,1
48225,Severe Storm,0,0,0
48225,Fire,0,0,0
48225,Hurricane,2,0,0
48225,Winter Storm,0,0,0
48225,Flood,2,0,0
48225,Tornado,0,0,0
48225,Tropical Storm,0,0,0
48225,Snowstorm,0,0,0
48225,Coastal Storm,0,0,0
48225,Severe Ice Storm,2,0,0
48227,Severe Storm,0,0,0
48227,Fire,0,0,0
48227,Hurricane,0,0,0
48227,Winter Storm,0,0,0
48227,Flood,0,0,0
48227,Tornado,0,0,0
48227,Tropical Storm,0,0,0
48227,Snowstorm,0,0,0
48227,Coastal Storm,0,0,0
48227,Severe Ice Storm,2,0,0
48229,Severe Storm,0,0,0
48229,Fire,0,0,0
48229,Hurricane,0,0,0
48229,Winter Storm,0,0,0
48229,Flood,0,0,0
48229,Tornado,0,0,0
48229,Tropical Storm,0,0,0
48229,Snowstorm,0,0,0
48229,Coastal Storm,0,0,0
48229,Severe Ice Storm,2,0,0
48231,Severe Storm,0,0,0
48231,Fire,0,0,0
48231,Hurricane,0,0,0
48231,Winter Storm,0,0,0
48231,Flood,0,0,0
48231,Tornado,0,0,0
48231,Tropical Storm,0,0,0
48231,Snowstorm,0,0,0
48231,Coastal Storm,0,0,0
48231,Severe Ice Storm,2,0,0
48233,Severe Storm,0,0,0
48233,Fire,1,0,0
48233,Hurricane,0,0,0
48233,Winter Storm,0,0,0
48233,Flood,0,0,0
48233,Tornado,0,0,0
48233,Tropical Storm,0,0,0
48233,Snowstorm,0,0,0
48233,Coastal Storm,0,0,0
48233,Severe Ice Storm,2,0,0
48235,Severe Storm,0,0,0
48235,Fire,0,0,0
48235,Hurricane,0,0,0
48235,Winter Storm,0,0,0
48235,Flood,0,0,0
48235,Tornado,0,0,0
48235,Tropical Storm,0,0,0
48235,Snowstorm,0,0,0
48235,Coastal Storm,0,0,0
48235,Severe Ice Storm,2,0,0
48237,Severe Storm,0,0,0
48237,Fire,0,0,0
48237,Hurricane,0,0,0
48237,Winter Storm,0,0,0
48237,Flood,0,0,0
48237,Tornado,0,0,0
48237,Tropical Storm,0,0,0
48237,Snowstorm,0,0,0
48237,Coastal Storm,0,0,0
48237,Severe Ice Storm,2,0,0
48239,Severe Storm,0,0,0
48239,Fire,0,0,0
48239,Hurricane,3,0,0
48239,Winter Storm,0,0,0
48239,Flood,0,0,0
48239,Tornado,0,0,0
48239,Tropical Storm,0,0,0
48239,Snowstorm,0,0,0
48239,Coastal Storm,0,0,0
48239,Severe Ice Storm,2,0,0
48241,Severe Storm,0,0,0
48241,Fire,0,0,0
48241,Hurricane,3,0,0
48241,Winter Storm,0,0,0
48241,Flood,1,0,0
48241,Tornado,0,0,0
48241,Tropical Storm,0,0,0
48241,Snowstorm,0,0,0
48241,Coastal Storm,0,0,0
48241,Severe Ice Storm,2,0,0
48243,Severe Storm,0,0,0
48243,Fire,0,0,0
48243,Hurricane,0,0,0
48243,Winter Storm,0,0,0
48243,Flood,0,0,0
48243,Tornado,0,0,0
48243,Tropical Storm,0,0,0
48243,Snowstorm,0,0,0
48243,Coastal Storm,0,0,0
48243,Severe Ice Storm,2,0,0
48245,Severe Storm,0,0,0
48245,Fire,0,0,0
48245,Hurricane,3,0,0
48245,Winter Storm,0,0,0
48245,Flood,1,0,0
48245,Tornado,0,0,0
48245,Tropical Storm,0,0,0
48245,Snowstorm,0,0,0
48245,Coastal Storm,0,0,0
48245,Severe Ice Storm,2,0,0
48247,Severe Storm,0,0,0
48247,Fire,0,0,0
48247,Hurricane,1,0,0
48247,Winter Storm,0,0,0
48247,Flood,0,0,0
48247,Tornado,0,0,0
48247,Tropical Storm,0,0,0
48247,Snowstorm,0,0,0
48247,Coastal Storm,0,0,0
48247,Severe Ice Storm,2,0,0
48249,Severe Storm,0,0,0
48249,Fire,0,0,0
48249,Hurricane,1,0,0
48249,Winter Storm,0,0,0
48249,Flood,0,0,0
48249,Tornado,0,0,0
48249,Tropical Storm,0,0,0
48249,Snowstorm,0,0,0
48249,Coastal Storm,0,0,0
48249,Severe Ice Storm,2,0,0
48251,Severe Storm,0,1,8
48251,Fire,0,1,8
48251,Hurricane,0,1,8
48251,Winter Storm,0,1,8
48251,Flood,0,1,8
48251,Tornado,0,1,8
48251,Tropical Storm,0,1,8
48251,Snowstorm,0,1,8
48251,Coastal Storm,0,1,8
48251,Severe Ice Storm,2,1,8
48253,Severe Storm,0,1,3
48253,Fire,0,1,3
48253,Hurricane,0,1,3
48253,Winter Storm,0,1,3
48253,Flood,2,1,3
48253,Tornado,0,1,3
48253,Tropical Storm,0,1,3
48253,Snowstorm,0,1,3
48253,Coastal Storm,0,1,3
48253,Severe Ice Storm,2,1,3
48255,Severe Storm,0,0,0
48255,Fire,0,0,0
48255,Hurricane,0,0,0
48255,Winter Storm,0,0,0
48255,Flood,0,0,0
48255,Tornado,0,0,0
48255,Tropical Storm,0,0,0
48255,Snowstorm,0,0,0
48255,Coastal Storm,0,0,0
48255,Severe Ice Storm,2,0,0
48257,Severe Storm,0,0,0
48257,Fire,0,0,0
48257,Hurricane,0,0,0
48257,Winter Storm,0,0,0
48257,Flood,1,0,0
48257,Tornado,0,0,0
48257,Tropical Storm,0,0,0
48257,Snowstorm,0,0,0
48257,Coastal Storm,0,0,0
48257,Severe Ice Storm,2,0,0
48259,Severe Storm,0,0,0
48259,Fire,0,0,0
48259,Hurricane,0,0,0
48259,Winter Storm,1,0,0
48259,Flood,0,0,0
48259,Tornado,0,0,0
48259,Tropical Storm,0,0,0
48259,Snowstorm,0,0,0
48259,Coastal Storm,0,0,0
48259,Severe Ice Storm,2,0,0
48261,Severe Storm,0,0,0
48261,Fire,0,0,0
48261,Hurricane,3,0,0
48261,Winter Storm,0,0,0
48261,Flood,0,0,0
48261,Tornado,0,0,0
48261,Tropical Storm,0,0,0
48261,Snowstorm,0,0,0
48261,Coastal Storm,0,0,0
48261,Severe Ice Storm,2,0,0
48263,Severe Storm,0,0,0
48263,Fire,0,0,0
48263,Hurricane,0,0,0
48263,Winter Storm,0,0,0
48263,Flood,0,0,0
48263,Tornado,0,0,0
48263,Tropical Storm,0,0,0
48263,Snowstorm,0,0,0
48263,Coastal Storm,0,0,0
48263,Severe Ice Storm,2,0,0
48265,Severe Storm,0,0,0
48265,Fire,0,0,0
48265,Hurricane,0,0,0
48265,Winter Storm,1,0,0
48265,Flood,0,0,0
48265,Tornado,0,0,0
48265,Tropical Storm,0,0,0
48265,Snowstorm,0,0,0
48265,Coastal Storm,0,0,0
48265,Severe Ice Storm,2,0,0
48267,Severe Storm,0,0,0
48267,Fire,0,0,0
48267,Hurricane,0,0,0
48267,Winter Storm,1,0,0
48267,Flood,1,0,0
48267,Tornado,0,0,0
48267,Tropical Storm,0,0,0
48267,Snowstorm,0,0,0
48267,Coastal Storm,0,0,0
48267,Severe Ice Storm,2,0,0
48269,Severe Storm,0,0,0
48269,Fire,0,0,0
48269,Hurricane,0,0,0
48269,Winter Storm,0,0,0
48269,Flood,0,0,0
48269,Tornado,0,0,0
48269,Tropical Storm,0,0,0
48269,Snowstorm,0,0,0
48269,Coastal Storm,0,0,0
48269,Severe Ice Storm,2,0,0
48271,Severe Storm,0,0,0
48271,Fire,0,0,0
48271,Hurricane,0,0,0
48271,Winter Storm,0,0,0
48271,Flood,1,0,0
48271,Tornado,0,0,0
48271,Tropical Storm,0,0,0
48271,Snowstorm,0,0,0
48271,Coastal Storm,0,0,0
48271,Severe Ice Storm,2,0,0
48273,Severe Storm,0,0,0
48273,Fire,0,0,0
48273,Hurricane,3,0,0
48273,Winter Storm,0,0,0
48273,Flood,0,0,0
48273,Tornado,0,0,0
48273,Tropical Storm,0,0,0
48273,Snowstorm,0,0,0
48273,Coastal Storm,0,0,0
48273,Severe Ice Storm,2,0,0
48275,Severe Storm,0,0,0
48275,Fire,0,0,0
48275,Hurricane,0,0,0
48275,Winter Storm,0,0,0
48275,Flood,1,0,0
48275,Tornado,0,0,0
48275,Tropical Storm,0,0,0
48275,Snowstorm,0,0,0
48275,Coastal Storm,0,0,0
48275,Severe Ice Storm,2,0,0
48277,Severe Storm,0,1,1
48277,Fire,0,1,1
48277,Hurricane,0,1,1
48277,Winter Storm,0,1,1
48277,Flood,1,1,1
48277,Tornado,0,1,1
48277,Tropical Storm,0,1,1
48277,Snowstorm,0,1,1
48277,Coastal Storm,0,1,1
48277,Severe Ice Storm,2,1,1
48279,Severe Storm,0,0,0
48279,Fire,0,0,0
48279,Hurricane,0,0,0
48279,Winter Storm,0,0,0
48279,Flood,0,0,0
48279,Tornado,0,0,0
48279,Tropical Storm,0,0,0
48279,Snowstorm,0,0,0
48279,Coastal Storm,0,0,0
48279,Severe Ice Storm,2,0,0
48281,Severe Storm,0,0,0
48281,Fire,0,0,0
48281,Hurricane,0,0,0
48281,Winter Storm,0,0,0
48281,Flood,1,0,0
48281,Tornado,0,0,0
48281,Tropical Storm,0,0,0
48281,Snowstorm,0,0,0
48281,Coastal Storm,0,0,0
48281,Severe Ice Storm,2,0,0
48283,Severe Storm,0,0,0
48283,Fire,0,0,0
48283,Hurricane,1,0,0
48283,Winter Storm,0,0,0
48283,Flood,0,0,0
48283,Tornado,0,0,0
48283,Tropical Storm,0,0,0
48283,Snowstorm,0,0,0
48283,Coastal Storm,0,0,0
48283,Severe Ice Storm,2,0,0
48285,Severe Storm,0,0,0
48285,Fire,0,0,0
48285,Hurricane,1,0,0
48285,Winter Storm,0,0,0
48285,Flood,0,0,0
48285,Tornado,0,0,0
48285,Tropical Storm,0,0,0
48285,Snowstorm,0,0,0
48285,Coastal Storm,0,0,0
48285,Severe Ice Storm,2,0,0
48287,Severe Storm,0,0,0
48287,Fire,0,0,0
48287,Hurricane,1,0,0
48287,Winter Storm,1,0,0
48287,Flood,1,0,0
48287,Tornado,0,0,0
48287,Tropical Storm,0,0,0
48287,Snowstorm,0,0,0
48287,Coastal Storm,0,0,0
48287,Severe Ice Storm,2,0,0
48289,Severe Storm,0,0,0
48289,Fire,0,0,0
48289,Hurricane,2,0,0
48289,Winter Storm,1,0,0
48289,Flood,1,0,0
48289,Tornado,0,0,0
48289,Tropical Storm,0,0,0
48289,Snowstorm,0,0,0
48289,Coastal Storm,0,0,0
48289,Severe Ice Storm,2,0,0
48291,Severe Storm,0,0,0
48291,Fire,0,0,0
48291,Hurricane,2,0,0
48291,Winter Storm,0,0,0
48291,Flood,2,0,0
48291,Tornado,0,0,0
48291,Tropical Storm,0,0,0
48291,Snowstorm,0,0,0
48291,Coastal Storm,0,0,0
48291,Severe Ice Storm,2,0,0
48293,Severe Storm,0,1,1
48293,Fire,0,1,1
48293,Hurricane,0,1,1
48293,Winter Storm,1,1,1
48293,Flood,1,1,1
48293,Tornado,0,1,1
48293,Tropical Storm,0,1,1
48293,Snowstorm,0,1,1
48293,Coastal Storm,0,1,1
48293,Severe Ice Storm,2,1,1
48295,Severe Storm,0,0,0
48295,Fire,0,0,0
48295,Hurricane,0,0,0
48295,Winter Storm,0,0,0
48295,Flood,0,0,0
48295,Tornado,0,0,0
48295,Tropical Storm,0,0,0
48295,Snowstorm,0,0,0
48295,Coastal Storm,0,0,0
48295,Severe Ice Storm,2,0,0
48297,Severe Storm,0,0,0
48297,Fire,0,0,0
48297,Hurricane,1,0,0
48297,Winter Storm,0,0,0
48297,Flood,0,0,0
48297,Tornado,0,0,0
48297,Tropical Storm,0,0,0
48297,Snowstorm,0,0,0
48297,Coastal Storm,0,0,0
48297,Severe Ice Storm,2,0,0
48299,Severe Storm,0,0,0
48299,Fire,0,0,0
48299,Hurricane,0,0,0
48299,Winter Storm,0,0,0
48299,Flood,1,0,0
48299,Tornado,0,0,0
48299,Tropical Storm,0,0,0
48299,Snowstorm,0,0,0
48299,Coastal Storm,0,0,0
48299,Severe Ice Storm,2,0,0
48301,Severe Storm,0,0,0
48301,Fire,0,0,0
48301,Hurricane,0,0,0
48301,Winter Storm,0,0,0
48301,Flood,0,0,0
48301,Tornado,0,0,0
48301,Tropical Storm,0,0,0
48301,Snowstorm,0,0,0
48301,Coastal Storm,0,0,0
48301,Severe Ice Storm,2,0,0
48303,Severe Storm,0,0,0
48303,Fire,0,0,0
48303,Hurricane,0,0,0
48303,Winter Storm,0,0,0
48303,Flood,0,0,0
48303,Tornado,0,0,0
48303,Tropical Storm,0,0,0
48303,Snowstorm,0,0,0
48303,Coastal Storm,0,0,0
48303,Severe Ice Storm,2,0,0
48305,Severe Storm,0,0,0
48305,Fire,0,0,0
48305,Hurricane,0,0,0
48305,Winter Storm,0,0,0
48305,Flood,1,0,0
48305,Tornado,0,0,0
48305,Tropical Storm,0,0,0
48305,Snowstorm,0,0,0
48305,Coastal Storm,0,0,0
48305,Severe Ice Storm,2,0,0
48307,Severe Storm,0,0,0
48307,Fire,0,0,0
48307,Hurricane,0,0,0
48307,Winter Storm,0,0,0
48307,Flood,2,0,0
48307,Tornado,0,0,0
48307,Tropical Storm,0,0,0
48307,Snowstorm,0,0,0
48307,Coastal Storm,0,0,0
48307,Severe Ice Storm,2,0,0
48309,Severe Storm,0,1,1
48309,Fire,0,1,1
48309,Hurricane,0,1,1
48309,Winter Storm,0,1,1
48309,Flood,0,1,1
48309,Tornado,0,1,1
48309,Tropical Storm,0,1,1
48309,Snowstorm,0,1,1
48309,Coastal Storm,0,1,1
48309,Severe Ice Storm,2,1,1
48311,Severe Storm,0,0,0
48311,Fire,0,0,0
48311,Hurricane,1,0,0
48311,Winter Storm,0,0,0
48311,Flood,0,0,0
48311,Tornado,0,0,0
48311,Tropical Storm,0,0,0
48311,Snowstorm,0,0,0
48311,Coastal Storm,0,0,0
48311,Severe Ice Storm,2,0,0
48313,Severe Storm,0,0,0
48313,Fire,0,0,0
48313,Hurricane,2,0,0
48313,Winter Storm,0,0,0
48313,Flood,2,0,0
48313,Tornado,0,0,0
48313,Tropical Storm,0,0,0
48313,Snowstorm,0,0,0
48313,Coastal Storm,0,0,0
48313,Severe Ice Storm,2,0,0
48315,Severe Storm,0,0,0
48315,Fire,0,0,0
48315,Hurricane,2,0,0
48315,Winter Storm,0,0,0
48315,Flood,0,0,0
48315,Tornado,0,0,0
48315,Tropical Storm,0,0,0
48315,Snowstorm,0,0,0
48315,Coastal Storm,0,0,0
48315,Severe Ice Storm,2,0,0
48317,Severe Storm,0,0,0
48317,Fire,0,0,0
48317,Hurricane,0,0,0
48317,Winter Storm,0,0,0
48317,Flood,0,0,0
48317,Tornado,0,0,0
48317,Tropical Storm,0,0,0
48317,Snowstorm,0,0,0
48317,Coastal Storm,0,0,0
48317,Severe Ice Storm,2,0,0
48319,Severe Storm,0,0,0
48319,Fire,0,0,0
48319,Hurricane,0,0,0
48319,Winter Storm,0,0,0
48319,Flood,1,0,0
48319,Tornado,0,0,0
48319,Tropical Storm,0,0,0
48319,Snowstorm,0,0,0
48319,Coastal Storm,0,0,0
48319,Severe Ice Storm,2,0,0
48321,Severe Storm,0,0,0
48321,Fire,0,0,0
48321,Hurricane,3,0,0
48321,Winter Storm,0,0,0
48321,Flood,0,0,0
48321,Tornado,0,0,0
48321,Tropical Storm,0,0,0
48321,Snowstorm,0,0,0
48321,Coastal Storm,0,0,0
48321,Severe Ice Storm,2,0,0
48323,Severe Storm,0,0,0
48323,Fire,0,0,0
48323,Hurricane,0,0,0
48323,Winter Storm,0,0,0
48323,Flood,0,0,0
48323,Tornado,0,0,0
48323,Tropical Storm,0,0,0
48323,Snowstorm,0,0,0
48323,Coastal Storm,0,0,0
48323,Severe Ice Storm,2,0,0
48325,Severe Storm,0,1,3
48325,Fire,0,1,3
48325,Hurricane,0,1,3
48325,Winter Storm,0,1,3
48325,Flood,0,1,3
48325,Tornado,0,1,3
48325,Tropical Storm,0,1,3
48325,Snowstorm,0,1,3
48325,Coastal Storm,0,1,3
48325,Severe Ice Storm,2,1,3
48327,Severe Storm,0,0,0
48327,Fire,0,0,0
48327,Hurricane,0,0,0
48327,Winter Storm,0,0,0
48327,Flood,1,0,0
48327,Tornado,0,0,0
48327,Tropical Storm,0,0,0
48327,Snowstorm,0,0,0
48327,Coastal Storm,0,0,0
48327,Severe Ice Storm,2,0,0
48329,Severe Storm,0,0,0
48329,Fire,0,0,0
48329,Hurricane,0,0,0
48329,Winter Storm,0,0,0
48329,Flood,0,0,0
48329,Tornado,0,0,0
48329,Tropical Storm,0,0,0
48329,Snowstorm,0,0,0
48329,Coastal Storm,0,0,0
48329,Severe Ice Storm,2,0,0
48331,Severe Storm,0,1,1
48331,Fire,0,1,1
48331,Hurricane,1,1,1
48331,Winter Storm,1,1,1
48331,Flood,1,1,1
48331,Tornado,0,1,1
48331,Tropical Storm,0,1,1
48331,Snowstorm,0,1,1
48331,Coastal Storm,0,1,1
48331,Severe Ice Storm,2,1,1
48333,Severe Storm,0,0,0
48333,Fire,0,0,0
48333,Hurricane,0,0,0
48333,Winter Storm,0,0,0
48333,Flood,1,0,0
48333,Tornado,0,0,0
48333,Tropical Storm,0,0,0
48333,Snowstorm,0,0,0
48333,Coastal Storm,0,0,0
48333,Severe Ice Storm,2,0,0
48335,Severe Storm,0,1,1
48335,Fire,0,1,1
48335,Hurricane,0,1,1
48335,Winter Storm,0,1,1
48335,Flood,0,1,1
48335,Tornado,0,1,1
48335,Tropical Storm,0,1,1
48335,Snowstorm,0,1,1
48335,Coastal Storm,0,1,1
48335,Severe Ice Storm,2,1,1
48337,Severe Storm,0,0,0
48337,Fire,0,0,0
48337,Hurricane,0,0,0
48337,Winter Storm,0,0,0
48337,Flood,1,0,0
48337,Tornado,0,0,0
48337,Tropical Storm,0,0,0
48337,Snowstorm,0,0,0
48337,Coastal Storm,0,0,0
48337,Severe Ice Storm,2,0,0
48339,Severe Storm,0,1,1
48339,Fire,0,1,1
48339,Hurricane,2,1,1
48339,Winter Storm,0,1,1
48339,Flood,2,1,1
48339,Tornado,0,1,1
48339,Tropical Storm,0,1,1
48339,Snowstorm,0,1,1
48339,Coastal Storm,0,1,1
48339,Severe Ice Storm,2,1,1
48341,Severe Storm,0,0,0
48341,Fire,1,0,0
48341,Hurricane,0,0,0
48341,Winter Storm,0,0,0
48341,Flood,0,0,0
48341,Tornado,0,0,0
48341,Tropical Storm,0,0,0
48341,Snowstorm,0,0,0
48341,Coastal Storm,0,0,0
48341,Severe Ice Storm,2,0,0
48343,Severe Storm,0,0,0
48343,Fire,0,0,0
48343,Hurricane,2,0,0
48343,Winter Storm,0,0,0
48343,Flood,1,0,0
48343,Tornado,0,0,0
48343,Tropical Storm,0,0,0
48343,Snowstorm,0,0,0
48343,Coastal Storm,0,0,0
48343,Severe Ice Storm,2,0,0
48345,Severe Storm,0,1,3
48345,Fire,0,1,3
48345,Hurricane,0,1,3
48345,Winter Storm,0,1,3
48345,Flood,0,1,3
48345,Tornado,0,1,3
48345,Tropical Storm,0,1,3
48345,Snowstorm,0,1,3
48345,Coastal Storm,0,1,3
48345,Severe Ice Storm,2,1,3
48347,Severe Storm,0,0,0
48347,Fire,0,0,0
48347,Hurricane,2,0,0
48347,Winter Storm,0,0,0
48347,Flood,1,0,0
48347,Tornado,0,0,0
48347,Tropical Storm,0,0,0
48347,Snowstorm,0,0,0
48347,Coastal Storm,0,0,0
48347,Severe Ice Storm,2,0,0
48349,Severe Storm,0,1,3
48349,Fire,0,1,3
48349,Hurricane,0,1,3
48349,Winter Storm,0,1,3
48349,Flood,1,1,3
48349,Tornado,0,1,3
48349,Tropical Storm,0,1,3
48349,Snowstorm,0,1,3
48349,Coastal Storm,0,1,3
48349,Severe Ice Storm,2,1,3
48351,Severe Storm,0,0,0
48351,Fire,0,0,0
48351,Hurricane,3,0,0
48351,Winter Storm,0,0,0
48351,Flood,1,0,0
48351,Tornado,0,0,0
48351,Tropical Storm,0,0,0
48351,Snowstorm,0,0,0
48351,Coastal Storm,0,0,0
48351,Severe Ice Storm,2,0,0
48353,Severe Storm,0,0,0
48353,Fire,0,0,0
48353,Hurricane,0,0,0
48353,Winter Storm,0,0,0
48353,Flood,1,0,0
48353,Tornado,0,0,0
48353,Tropical Storm,0,0,0
48353,Snowstorm,0,0,0
48353,Coastal Storm,0,0,0
48353,Severe Ice Storm,2,0,0
48355,Severe Storm,0,0,0
48355,Fire,0,0,0
48355,Hurricane,3,0,0
48355,Winter Storm,0,0,0
48355,Flood,0,0,0
48355,Tornado,0,0,0
48355,Tropical Storm,0,0,0
48355,Snowstorm,0,0,0
48355,Coastal Storm,0,0,0
48355,Severe Ice Storm,2,0,0
48357,Severe Storm,0,0,0
48357,Fire,0,0,0
48357,Hurricane,0,0,0
48357,Winter Storm,0,0,0
48357,Flood,0,0,0
48357,Tornado,0,0,0
48357,Tropical Storm,0,0,0
48357,Snowstorm,0,0,0
48357,Coastal Storm,0,0,0
48357,Severe Ice Storm,2,0,0
48359,Severe Storm,0,0,0
48359,Fire,0,0,0
48359,Hurricane,0,0,0
48359,Winter Storm,0,0,0
48359,Flood,0,0,0
48359,Tornado,0,0,0
48359,Tropical Storm,0,0,0
48359,Snowstorm,0,0,0
48359,Coastal Storm,0,0,0
48359,Severe Ice Storm,2,0,0
48361,Severe Storm,0,0,0
48361,Fire,0,0,0
48361,Hurricane,3,0,0
48361,Winter Storm,0,0,0
48361,Flood,1,0,0
48361,Tornado,0,0,0
48361,Tropical Storm,0,0,0
48361,Snowstorm,0,0,0
48361,Coastal Storm,0,0,0
48361,Severe Ice Storm,2,0,0
48363,Severe Storm,0,0,0
48363,Fire,0,0,0
48363,Hurricane,0,0,0
48363,Winter Storm,0,0,0
48363,Flood,0,0,0
48363,Tornado,0,0,0
48363,Tropical Storm,0,0,0
48363,Snowstorm,0,0,0
48363,Coastal Storm,0,0,0
48363,Severe Ice Storm,2,0,0
48365,Severe Storm,0,0,0
48365,Fire,0,0,0
48365,Hurricane,2,0,0
48365,Winter Storm,0,0,0
48365,Flood,1,0,0
48365,Tornado,0,0,0
48365,Tropical Storm,0,0,0
48365,Snowstorm,0,0,0
48365,Coastal Storm,0,0,0
48365,Severe Ice Storm,2,0,0
48367,Severe Storm,0,0,0
48367,Fire,0,0,0
48367,Hurricane,0,0,0
48367,Winter Storm,0,0,0
48367,Flood,0,0,0
48367,Tornado,0,0,0
48367,Tropical Storm,0,0,0
48367,Snowstorm,0,0,0
48367,Coastal Storm,0,0,0
48367,Severe Ice Storm,2,0,0
48369,Severe Storm,0,0,0
48369,Fire,0,0,0
48369,Hurricane,0,0,0
48369,Winter Storm,0,0,0
48369,Flood,0,0,0
48369,Tornado,0,0,0
48369,Tropical Storm,0,0,0
48369,Snowstorm,0,0,0
48369,Coastal Storm,0,0,0
48369,Severe Ice Storm,2,0,0
48371,Severe Storm,0,1,1
48371,Fire,0,1,1
48371,Hurricane,0,1,1
48371,Winter Storm,0,1,1
48371,Flood,0,1,1
48371,Tornado,0,1,1
48371,Tropical Storm,0,1,1
48371,Snowstorm,0,1,1
48371,Coastal Storm,0,1,1
48371,Severe Ice Storm,2,1,1
48373,Severe Storm,0,0,0
48373,Fire,0,0,0
48373,Hurricane,2,0,0
48373,Winter Storm,0,0,0
48373,Flood,2,0,0
48373,Tornado,0,0,0
48373,Tropical Storm,0,0,0
48373,Snowstorm,0,0,0
48373,Coastal Storm,0,0,0
48373,Severe Ice Storm,2,0,0
48375,Severe Storm,0,1,2
48375,Fire,0,1,2
48375,Hurricane,0,1,2
48375,Winter Storm,0,1,2
48375,Flood,0,1,2
48375,Tornado,0,1,2
48375,Tropical Storm,0,1,2
48375,Snowstorm,0,1,2
48375,Coastal Storm,0,1,2
48375,Severe Ice Storm,2,1,2
48377,Severe Storm,0,0,0
48377,Fire,0,0,0
48377,Hurricane,0,0,0
48377,Winter Storm,0,0,0
48377,Flood,0,0,0
48377,Tornado,0,0,0
48377,Tropical Storm,0,0,0
48377,Snowstorm,0,0,0
48377,Coastal Storm,0,0,0
48377,Severe Ice Storm,2,0,0
48379,Severe Storm,0,0,0
48379,Fire,0,0,0
48379,Hurricane,0,0,0
48379,Winter Storm,0,0,0
48379,Flood,1,0,0
48379,Tornado,0,0,0
48379,Tropical Storm,0,0,0
48379,Snowstorm,0,0,0
48379,Coastal Storm,0,0,0
48379,Severe Ice Storm,2,0,0
48381,Severe Storm,0,1,2
48381,Fire,0,1,2
48381,Hurricane,0,1,2
48381,Winter Storm,0,1,2
48381,Flood,0,1,2
48381,Tornado,0,1,2
48381,Tropical Storm,0,1,2
48381,Snowstorm,0,1,2
48381,Coastal Storm,0,1,2
48381,Severe Ice Storm,2,1,2
48383,Severe Storm,0,0,0
48383,Fire,0,0,0
48383,Hurricane,0,0,0
48383,Winter Storm,0,0,0
48383,Flood,0,0,0
48383,Tornado,0,0,0
48383,Tropical Storm,0,0,0
48383,Snowstorm,0,0,0
48383,Coastal Storm,0,0,0
48383,Severe Ice Storm,2,0,0
48385,Severe Storm,0,0,0
48385,Fire,0,0,0
48385,Hurricane,0,0,0
48385,Winter Storm,0,0,0
48385,Flood,1,0,0
48385,Tornado,0,0,0
48385,Tropical Storm,0,0,0
48385,Snowstorm,0,0,0
48385,Coastal Storm,0,0,0
48385,Severe Ice Storm,2,0,0
48387,Severe Storm,0,0,0
48387,Fire,0,0,0
48387,Hurricane,1,0,0
48387,Winter Storm,1,0,0
48387,Flood,1,0,0
48387,Tornado,0,0,0
48387,Tropical Storm,0,0,0
48387,Snowstorm,0,0,0
48387,Coastal Storm,0,0,0
48387,Severe Ice Storm,2,0,0
48389,Severe Storm,0,0,0
48389,Fire,0,0,0
48389,Hurricane,0,0,0
48389,Winter Storm,0,0,0
48389,Flood,0,0,0
48389,Tornado,0,0,0
48389,Tropical Storm,0,0,0
48389,Snowstorm,0,0,0
48389,Coastal Storm,0,0,0
48389,Severe Ice Storm,2,0,0
48391,Severe Storm,0,0,0
48391,Fire,0,0,0
48391,Hurricane,3,0,0
48391,Winter Storm,0,0,0
48391,Flood,0,0,0
48391,Tornado,0,0,0
48391,Tropical Storm,0,0,0
48391,Snowstorm,0,0,0
48391,Coastal Storm,0,0,0
48391,Severe Ice Storm,2,0,0
48393,Severe Storm,0,1,1
48393,Fire,1,1,1
48393,Hurricane,0,1,1
48393,Winter Storm,0,1,1
48393,Flood,0,1,1
48393,Tornado,0,1,1
48393,Tropical Storm,0,1,1
48393,Snowstorm,0,1,1
48393,Coastal Storm,0,1,1
48393,Severe Ice Storm,2,1,1
48395,Severe Storm,0,0,0
48395,Fire,0,0,0
48395,Hurricane,1,0,0
48395,Winter Storm,1,0,0
48395,Flood,1,0,0
48395,Tornado,0,0,0
48395,Tropical Storm,0,0,0
48395,Snowstorm,0,0,0
48395,Coastal Storm,0,0,0
48395,Severe Ice Storm,2,0,0
48397,Severe Storm,0,0,0
48397,Fire,0,0,0
48397,Hurricane,0,0,0
48397,Winter Storm,0,0,0
48397,Flood,1,0,0
48397,Tornado,0,0,0
48397,Tropical Storm,0,0,0
48397,Snowstorm,0,0,0
48397,Coastal Storm,0,0,0
48397,Severe Ice Storm,2,0,0
48399,Severe Storm,0,0,0
48399,Fire,0,0,0
48399,Hurricane,0,0,0
48399,Winter Storm,0,0,0
48399,Flood,0,0,0
48399,Tornado,0,0,0
48399,Tropical Storm,0,0,0
48399,Snowstorm,0,0,0
48399,Coastal Storm,0,0,0
48399,Severe Ice Storm,2,0,0
48401,Severe Storm,0,0,0
48401,Fire,0,0,0
48401,Hurricane,2,0,0
48401,Winter Storm,0,0,0
48401,Flood,1,0,0
48401,Tornado,0,0,0
48401,Tropical Storm,0,0,0
48401,Snowstorm,0,0,0
48401,Coastal Storm,0,0,0
48401,Severe Ice Storm,2,0,0
48403,Severe Storm,0,0,0
48403,Fire,0,0,0
48403,Hurricane,2,0,0
48403,Winter Storm,0,0,0
48403,Flood,1,0,0
48403,Tornado,0,0,0
48403,Tropical Storm,0,0,0
48403,Snowstorm,0,0,0
48403,Coastal Storm,0,0,0
48403,Severe Ice Storm,2,0,0
48405,Severe Storm,0,0,0
48405,Fire,0,0,0
48405,Hurricane,2,0,0
48405,Winter Storm,0,0,0
48405,Flood,1,0,0
48405,Tornado,0,0,0
48405,Tropical Storm,0,0,0
48405,Snowstorm,0,0,0
48405,Coastal Storm,0,0,0
48405,Severe Ice Storm,2,0,0
48407,Severe Storm,0,1,1
48407,Fire,0,1,1
48407,Hurricane,2,1,1
48407,Winter Storm,0,1,1
48407,Flood,2,1,1
48407,Tornado,0,1,1
48407,Tropical Storm,0,1,1
48407,Snowstorm,0,1,1
48407,Coastal Storm,0,1,1
48407,Severe Ice Storm,2,1,1
48409,Severe Storm,0,0,0
48409,Fire,0,0,0
48409,Hurricane,3,0,0
48409,Winter Storm,0,0,0
48409,Flood,0,0,0
48409,Tornado,0,0,0
48409,Tropical Storm,0,0,0
48409,Snowstorm,0,0,0
48409,Coastal Storm,0,0,0
48409,Severe Ice Storm,2,0,0
48411,Severe Storm,0,0,0
48411,Fire,0,0,0
48411,Hurricane,0,0,0
48411,Winter Storm,0,0,0
48411,Flood,2,0,0
48411,Tornado,0,0,0
48411,Tropical Storm,0,0,0
48411,Snowstorm,0,0,0
48411,Coastal Storm,0,0,0
48411,Severe Ice Storm,2,0,0
48413,Severe Storm,0,0,0
48413,Fire,0,0,0
48413,Hurricane,0,0,0
48413,Winter Storm,0,0,0
48413,Flood,1,0,0
48413,Tornado,0,0,0
48413,Tropical Storm,0,0,0
48413,Snowstorm,0,0,0
48413,Coastal Storm,0,0,0
48413,Severe Ice Storm,2,0,0
48415,Severe Storm,0,1,1
48415,Fire,0,1,1
48415,Hurricane,0,1,1
48415,Winter Storm,0,1,1
48415,Flood,0,1,1
48415,Tornado,0,1,1
48415,Tropical Storm,0,1,1
48415,Snowstorm,0,1,1
48415,Coastal Storm,0,1,1
48415,Severe Ice Storm,2,1,1
48417,Severe Storm,0,1,3
48417,Fire,0,1,3
48417,Hurricane,0,1,3
48417,Winter Storm,0,1,3
48417,Flood,0,1,3
48417,Tornado,0,1,3
48417,Tropical Storm,0,1,3
48417,Snowstorm,0,1,3
48417,Coastal Storm,0,1,3
48417,Severe Ice Storm,2,1,3
48419,Severe Storm,0,0,0
48419,Fire,0,0,0
48419,Hurricane,2,0,0
48419,Winter Storm,0,0,0
48419,Flood,1,0,0
48419,Tornado,0,0,0
48419,Tropical Storm,0,0,0
48419,Snowstorm,0,0,0
48419,Coastal Storm,0,0,0
48419,Severe Ice Storm,2,0,0
48421,Severe Storm,0,0,0
48421,Fire,0,0,0
48421,Hurricane,0,0,0
48421,Winter Storm,0,0,0
48421,Flood,0,0,0
48421,Tornado,0,0,0
48421,Tropical Storm,0,0,0
48421,Snowstorm,0,0,0
48421,Coastal Storm,0,0,0
48421,Severe Ice Storm,2,0,0
48423,Severe Storm,0,0,0
48423,Fire,0,0,0
48423,Hurricane,1,0,0
48423,Winter Storm,0,0,0
48423,Flood,1,0,0
48423,Tornado,0,0,0
48423,Tropical Storm,0,0,0
48423,Snowstorm,0,0,0
48423,Coastal Storm,0,0,0
48423,Severe Ice Storm,2,0,0
48425,Severe Storm,0,0,0
48425,Fire,1,0,0
48425,Hurricane,0,0,0
48425,Winter Storm,0,0,0
48425,Flood,0,0,0
48425,Tornado,0,0,0
48425,Tropical Storm,0,0,0
48425,Snowstorm,0,0,0
48425,Coastal Storm,0,0,0
48425,Severe Ice Storm,2,0,0
48427,Severe Storm,0,0,0
48427,Fire,0,0,0
48427,Hurricane,1,0,0
48427,Winter Storm,0,0,0
48427,Flood,0,0,0
48427,Tornado,0,0,0
48427,Tropical Storm,0,0,0
48427,Snowstorm,0,0,0
48427,Coastal Storm,0,0,0
48427,Severe Ice Storm,2,0,0
48429,Severe Storm,0,0,0
48429,Fire,0,0,0
48429,Hurricane,0,0,0
48429,Winter Storm,0,0,0
48429,Flood,0,0,0
48429,Tornado,0,0,0
48429,Tropical Storm,0,0,0
48429,Snowstorm,0,0,0
48429,Coastal Storm,0,0,0
48429,Severe Ice Storm,2,0,0
48431,Severe Storm,0,0,0
48431,Fire,0,0,0
48431,Hurricane,0,0,0
48431,Winter Storm,0,0,0
48431,Flood,1,0,0
48431,Tornado,0,0,0
48431,Tropical Storm,0,0,0
48431,Snowstorm,0,0,0
48431,Coastal Storm,0,0,0
48431,Severe Ice Storm,2,0,0
48433,Severe Storm,0,0,0
48433,Fire,0,0,0
48433,Hurricane,0,0,0
48433,Winter Storm,0,0,0
48433,Flood,0,0,0
48433,Tornado,0,0,0
48433,Tropical Storm,0,0,0
48433,Snowstorm,0,0,0
48433,Coastal Storm,0,0,0
48433,Severe Ice Storm,2,0,0
48435,Severe Storm,0,0,0
48435,Fire,0,0,0
48435,Hurricane,0,0,0
48435,Winter Storm,0,0,0
48435,Flood,1,0,0
48435,Tornado,0,0,0
48435,Tropical Storm,0,0,0
48435,Snowstorm,0,0,0
48435,Coastal Storm,0,0,0
48435,Severe Ice Storm,2,0,0
48437,Severe Storm,0,0,0
48437,Fire,0,0,0
48437,Hurricane,0,0,0
48437,Winter Storm,0,0,0
48437,Flood,0,0,0
48437,Tornado,0,0,0
48437,Tropical Storm,0,0,0
48437,Snowstorm,0,0,0
48437,Coastal Storm,0,0,0
48437,Severe Ice Storm,2,0,0
48439,Severe Storm,0,1,5
48439,Fire,0,1,5
48439,Hurricane,1,1,5
48439,Winter Storm,0,1,5
48439,Flood,0,1,5
48439,Tornado,0,1,5
48439,Tropical Storm,0,1,5
48439,Snowstorm,0,1,5
48439,Coastal Storm,0,1,5
48439,Severe Ice Storm,2,1,5
48441,Severe Storm,0,1,2
48441,Fire,1,1,2
48441,Hurricane,0,1,2
48441,Winter Storm,0,1,2
48441,Flood,0,1,2
48441,Tornado,0,1,2
48441,Tropical Storm,0,1,2
48441,Snowstorm,0,1,2
48441,Coastal Storm,0,1,2
48441,Severe Ice Storm,2,1,2
48443,Severe Storm,0,1,1
48443,Fire,0,1,1
48443,Hurricane,0,1,1
48443,Winter Storm,0,1,1
48443,Flood,1,1,1
48443,Tornado,0,1,1
48443,Tropical Storm,0,1,1
48443,Snowstorm,0,1,1
48443,Coastal Storm,0,1,1
48443,Severe Ice Storm,2,1,1
48445,Severe Storm,0,0,0
48445,Fire,0,0,0
48445,Hurricane,0,0,0
48445,Winter Storm,0,0,0
48445,Flood,0,0,0
48445,Tornado,0,0,0
48445,Tropical Storm,0,0,0
48445,Snowstorm,0,0,0
48445,Coastal Storm,0,0,0
48445,Severe Ice Storm,2,0,0
48447,Severe Storm,0,0,0
48447,Fire,0,0,0
48447,Hurricane,0,0,0
48447,Winter Storm,0,0,0
48447,Flood,1,0,0
48447,Tornado,0,0,0
48447,Tropical Storm,0,0,0
48447,Snowstorm,0,0,0
48447,Coastal Storm,0,0,0
48447,Severe Ice Storm,2,0,0
48449,Severe Storm,0,0,0
48449,Fire,0,0,0
48449,Hurricane,1,0,0
48449,Winter Storm,0,0,0
48449,Flood,1,0,0
48449,Tornado,0,0,0
48449,Tropical Storm,0,0,0
48449,Snowstorm,0,0,0
48449,Coastal Storm,0,0,0
48449,Severe Ice Storm,2,0,0
48451,Severe Storm,0,0,0
48451,Fire,0,0,0
48451,Hurricane,0,0,0
48451,Winter Storm,0,0,0
48451,Flood,0,0,0
48451,Tornado,0,0,0
48451,Tropical Storm,0,0,0
48451,Snowstorm,0,0,0
48451,Coastal Storm,0,0,0
48451,Severe Ice Storm,2,0,0
48453,Severe Storm,0,1,9
48453,Fire,0,1,9
48453,Hurricane,1,1,9
48453,Winter Storm,1,1,9
48453,Flood,1,1,9
48453,Tornado,0,1,9
48453,Tropical Storm,0,1,9
48453,Snowstorm,0,1,9
48453,Coastal Storm,0,1,9
48453,Severe Ice Storm,2,1,9
48455,Severe Storm,0,0,0
48455,Fire,0,0,0
48455,Hurricane,2,0,0
48455,Winter Storm,0,0,0
48455,Flood,1,0,0
48455,Tornado,0,0,0
48455,Tropical Storm,0,0,0
48455,Snowstorm,0,0,0
48455,Coastal Storm,0,0,0
48455,Severe Ice Storm,2,0,0
48457,Severe Storm,0,0,0
48457,Fire,0,0,0
48457,Hurricane,2,0,0
48457,Winter Storm,0,0,0
48457,Flood,1,0,0
48457,Tornado,0,0,0
48457,Tropical Storm,0,0,0
48457,Snowstorm,0,0,0
48457,Coastal Storm,0,0,0
48457,Severe Ice Storm,2,0,0
48459,Severe Storm,0,0,0
48459,Fire,0,0,0
48459,Hurricane,2,0,0
48459,Winter Storm,0,0,0
48459,Flood,0,0,0
48459,Tornado,0,0,0
48459,Tropical Storm,0,0,0
48459,Snowstorm,0,0,0
48459,Coastal Storm,0,0,0
48459,Severe Ice Storm,2,0,0
48461,Severe Storm,0,0,0
48461,Fire,0,0,0
48461,Hurricane,0,0,0
48461,Winter Storm,0,0,0
48461,Flood,0,0,0
48461,Tornado,0,0,0
48461,Tropical Storm,0,0,0
48461,Snowstorm,0,0,0
48461,Coastal Storm,0,0,0
48461,Severe Ice Storm,2,0,0
48463,Severe Storm,0,0,0
48463,Fire,0,0,0
48463,Hurricane,0,0,0
48463,Winter Storm,0,0,0
48463,Flood,1,0,0
48463,Tornado,0,0,0
48463,Tropical Storm,0,0,0
48463,Snowstorm,0,0,0
48463,Coastal Storm,0,0,0
48463,Severe Ice Storm,2,0,0
48465,Severe Storm,0,0,0
48465,Fire,0,0,0
48465,Hurricane,0,0,0
48465,Winter Storm,0,0,0
48465,Flood,1,0,0
48465,Tornado,0,0,0
48465,Tropical Storm,0,0,0
48465,Snowstorm,0,0,0
48465,Coastal Storm,0,0,0
48465,Severe Ice Storm,2,0,0
48467,Severe Storm,0,0,0
48467,Fire,0,0,0
48467,Hurricane,0,0,0
48467,Winter Storm,0,0,0
48467,Flood,1,0,0
48467,Tornado,0,0,0
48467,Tropical Storm,0,0,0
48467,Snowstorm,0,0,0
48467,Coastal Storm,0,0,0
48467,Severe Ice Storm,2,0,0
48469,Severe Storm,0,1,1
48469,Fire,0,1,1
48469,Hurricane,3,1,1
48469,Winter Storm,0,1,1
48469,Flood,0,1,1
48469,Tornado,0,1,1
48469,Tropical Storm,0,1,1
48469,Snowstorm,0,1,1
48469,Coastal Storm,0,1,1
48469,Severe Ice Storm,2,1,1
48471,Severe Storm,0,1,1
48471,Fire,0,1,1
48471,Hurricane,2,1,1
48471,Winter Storm,0,1,1
48471,Flood,2,1,1
48471,Tornado,0,1,1
48471,Tropical Storm,0,1,1
48471,Snowstorm,0,1,1
48471,Coastal Storm,0,1,1
48471,Severe Ice Storm,2,1,1
48473,Severe Storm,0,0,0
48473,Fire,0,0,0
48473,Hurricane,2,0,0
48473,Winter Storm,0,0,0
48473,Flood,1,0,0
48473,Tornado,0,0,0
48473,Tropical Storm,0,0,0
48473,Snowstorm,0,0,0
48473,Coastal Storm,0,0,0
48473,Severe Ice Storm,2,0,0
48475,Severe Storm,0,1,1
48475,Fire,0,1,1
48475,Hurricane,0,1,1
48475,Winter Storm,0,1,1
48475,Flood,0,1,1
48475,Tornado,0,1,1
48475,Tropical Storm,0,1,1
48475,Snowstorm,0,1,1
48475,Coastal Storm,0,1,1
48475,Severe Ice Storm,2,1,1
48477,Severe Storm,0,0,0
48477,Fire,0,0,0
48477,Hurricane,1,0,0
48477,Winter Storm,0,0,0
48477,Flood,1,0,0
48477,Tornado,0,0,0
48477,Tropical Storm,0,0,0
48477,Snowstorm,0,0,0
48477,Coastal Storm,0,0,0
48477,Severe Ice Storm,2,0,0
48479,Severe Storm,0,0,0
48479,Fire,0,0,0
48479,Hurricane,2,0,0
48479,Winter Storm,0,0,0
48479,Flood,0,0,0
48479,Tornado,0,0,0
48479,Tropical Storm,0,0,0
48479,Snowstorm,0,0,0
48479,Coastal Storm,0,0,0
48479,Severe Ice Storm,2,0,0
48481,Severe Storm,0,0,0
48481,Fire,0,0,0
48481,Hurricane,3,0,0
48481,Winter Storm,0,0,0
48481,Flood,0,0,0
48481,Tornado,0,0,0
48481,Tropical Storm,0,0,0
48481,Snowstorm,0,0,0
48481,Coastal Storm,0,0,0
48481,Severe Ice Storm,2,0,0
48483,Severe Storm,0,0,0
48483,Fire,0,0,0
48483,Hurricane,0,0,0
48483,Winter Storm,0,0,0
48483,Flood,0,0,0
48483,Tornado,0,0,0
48483,Tropical Storm,0,0,0
48483,Snowstorm,0,0,0
48483,Coastal Storm,0,0,0
48483,Severe Ice Storm,2,0,0
48485,Severe Storm,0,0,0
48485,Fire,1,0,0
48485,Hurricane,0,0,0
48485,Winter Storm,0,0,0
48485,Flood,0,0,0
48485,Tornado,0,0,0
48485,Tropical Storm,0,0,0
48485,Snowstorm,0,0,0
48485,Coastal Storm,0,0,0
48485,Severe Ice Storm,2,0,0
48487,Severe Storm,0,1,1
48487,Fire,0,1,1
48487,Hurricane,0,1,1
48487,Winter Storm,0,1,1
48487,Flood,0,1,1
48487,Tornado,0,1,1
48487,Tropical Storm,0,1,1
48487,Snowstorm,0,1,1
48487,Coastal Storm,0,1,1
48487,Severe Ice Storm,2,1,1
48489,Severe Storm,0,0,0
48489,Fire,0,0,0
48489,Hurricane,3,0,0
48489,Winter Storm,0,0,0
48489,Flood,1,0,0
48489,Tornado,0,0,0
48489,Tropical Storm,0,0,0
48489,Snowstorm,0,0,0
48489,Coastal Storm,0,0,0
48489,Severe Ice Storm,2,0,0
48491,Severe Storm,0,1,5
48491,Fire,0,1,5
48491,Hurricane,0,1,5
48491,Winter Storm,1,1,5
48491,Flood,0,1,5
48491,Tornado,0,1,5
48491,Tropical Storm,0,1,5
48491,Snowstorm,0,1,5
48491,Coastal Storm,0,1,5
48491,Severe Ice Storm,2,1,5
48493,Severe Storm,0,1,1
48493,Fire,0,1,1
48493,Hurricane,0,1,1
48493,Winter Storm,0,1,1
48493,Flood,0,1,1
48493,Tornado,0,1,1
48493,Tropical Storm,0,1,1
48493,Snowstorm,0,1,1
48493,Coastal Storm,0,1,1
48493,Severe Ice Storm,2,1,1
48495,Severe Storm,0,0,0
48495,Fire,0,0,0
48495,Hurricane,0,0,0
48495,Winter Storm,0,0,0
48495,Flood,0,0,0
48495,Tornado,0,0,0
48495,Tropical Storm,0,0,0
48495,Snowstorm,0,0,0
48495,Coastal Storm,0,0,0
48495,Severe Ice Storm,2,0,0
48497,Severe Storm,0,0,0
48497,Fire,0,0,0
48497,Hurricane,0,0,0
48497,Winter Storm,0,0,0
48497,Flood,0,0,0
48497,Tornado,0,0,0
48497,Tropical Storm,0,0,0
48497,Snowstorm,0,0,0
48497,Coastal Storm,0,0,0
48497,Severe Ice Storm,2,0,0
48499,Severe Storm,0,0,0
48499,Fire,0,0,0
48499,Hurricane,1,0,0
48499,Winter Storm,0,0,0
48499,Flood,0,0,0
48499,Tornado,0,0,0
48499,Tropical Storm,0,0,0
48499,Snowstorm,0,0,0
48499,Coastal Storm,0,0,0
48499,Severe Ice Storm,2,0,0
48501,Severe Storm,0,0,0
48501,Fire,0,0,0
48501,Hurricane,0,0,0
48501,Winter Storm,0,0,0
48501,Flood,0,0,0
48501,Tornado,0,0,0
48501,Tropical Storm,0,0,0
48501,Snowstorm,0,0,0
48501,Coastal Storm,0,0,0
48501,Severe Ice Storm,2,0,0
48503,Severe Storm,0,0,0
48503,Fire,0,0,0
48503,Hurricane,0,0,0
48503,Winter Storm,0,0,0
48503,Flood,0,0,0
48503,Tornado,0,0,0
48503,Tropical Storm,0,0,0
48503,Snowstorm,0,0,0
48503,Coastal Storm,0,0,0
48503,Severe Ice Storm,2,0,0
48505,Severe Storm,0,0,0
48505,Fire,0,0,0
48505,Hurricane,1,0,0
48505,Winter Storm,0,0,0
48505,Flood,0,0,0
48505,Tornado,0,0,0
48505,Tropical Storm,0,0,0
48505,Snowstorm,0,0,0
48505,Coastal Storm,0,0,0
48505,Severe Ice Storm,2,0,0
48507,Severe Storm,0,0,0
48507,Fire,0,0,0
48507,Hurricane,0,0,0
48507,Winter Storm,0,0,0
48507,Flood,0,0,0
48507,Tornado,0,0,0
48507,Tropical Storm,0,0,0
48507,Snowstorm,0,0,0
48507,Coastal Storm,0,0,0
48507,Severe Ice Storm,2,0,0
49001,Severe Storm,0,0,0
49001,Fire,0,0,0
49001,Hurricane,0,0,0
49001,Winter Storm,0,0,0
49001,Flood,0,0,0
49001,Tornado,0,0,0
49001,Tropical Storm,0,0,0
49001,Snowstorm,0,0,0
49001,Coastal Storm,0,0,0
49001,Severe Ice Storm,0,0,0
49003,Severe Storm,0,0,0
49003,Fire,0,0,0
49003,Hurricane,0,0,0
49003,Winter Storm,0,0,0
49003,Flood,0,0,0
49003,Tornado,0,0,0
49003,Tropical Storm,0,0,0
49003,Snowstorm,0,0,0
49003,Coastal Storm,0,0,0
49003,Severe Ice Storm,0,0,0
49005,Severe Storm,0,0,0
49005,Fire,0,0,0
49005,Hurricane,0,0,0
49005,Winter Storm,0,0,0
49005,Flood,0,0,0
49005,Tornado,0,0,0
49005,Tropical Storm,0,0,0
49005,Snowstorm,0,0,0
49005,Coastal Storm,0,0,0
49005,Severe Ice Storm,0,0,0
49007,Severe Storm,0,0,0
49007,Fire,0,0,0
49007,Hurricane,0,0,0
49007,Winter Storm,0,0,0
49007,Flood,0,0,0
49007,Tornado,0,0,0
49007,Tropical Storm,0,0,0
49007,Snowstorm,0,0,0
49007,Coastal Storm,0,0,0
49007,Severe Ice Storm,0,0,0
49009,Severe Storm,0,0,0
49009,Fire,0,0,0
49009,Hurricane,0,0,0
49009,Winter Storm,0,0,0
49009,Flood,0,0,0
49009,Tornado,0,0,0
49009,Tropical Storm,0,0,0
49009,Snowstorm,0,0,0
49009,Coastal Storm,0,0,0
49009,Severe Ice Storm,0,0,0
49011,Severe Storm,1,0,0
49011,Fire,1,0,0
49011,Hurricane,0,0,0
49011,Winter Storm,0,0,0
49011,Flood,0,0,0
49011,Tornado,0,0,0
49011,Tropical Storm,0,0,0
49011,Snowstorm,0,0,0
49011,Coastal Storm,0,0,0
49011,Severe Ice Storm,0,0,0
49013,Severe Storm,0,0,0
49013,Fire,0,0,0
49013,Hurricane,0,0,0
49013,Winter Storm,0,0,0
49013,Flood,0,0,0
49013,Tornado,0,0,0
49013,Tropical Storm,0,0,0
49013,Snowstorm,0,0,0
49013,Coastal Storm,0,0,0
49013,Severe Ice Storm,0,0,0
49015,Severe Storm,0,0,0
49015,Fire,0,0,0
49015,Hurricane,0,0,0
49015,Winter Storm,0,0,0
49015,Flood,0,0,0
49015,Tornado,0,0,0
49015,Tropical Storm,0,0,0
49015,Snowstorm,0,0,0
49015,Coastal Storm,0,0,0
49015,Severe Ice Storm,0,0,0
49017,Severe Storm,0,0,0
49017,Fire,1,0,0
49017,Hurricane,0,0,0
49017,Winter Storm,0,0,0
49017,Flood,0,0,0
49017,Tornado,0,0,0
49017,Tropical Storm,0,0,0
49017,Snowstorm,0,0,0
49017,Coastal Storm,0,0,0
49017,Severe Ice Storm,0,0,0
49019,Severe Storm,0,0,0
49019,Fire,0,0,0
49019,Hurricane,0,0,0
49019,Winter Storm,0,0,0
49019,Flood,0,0,0
49019,Tornado,0,0,0
49019,Tropical Storm,0,0,0
49019,Snowstorm,0,0,0
49019,Coastal Storm,0,0,0
49019,Severe Ice Storm,0,0,0
49021,Severe Storm,0,0,0
49021,Fire,0,0,0
49021,Hurricane,0,0,0
49021,Winter Storm,0,0,0
49021,Flood,1,0,0
49021,Tornado,0,0,0
49021,Tropical Storm,0,0,0
49021,Snowstorm,0,0,0
49021,Coastal Storm,0,0,0
49021,Severe Ice Storm,0,0,0
49023,Severe Storm,0,0,0
49023,Fire,0,0,0
49023,Hurricane,0,0,0
49023,Winter Storm,0,0,0
49023,Flood,0,0,0
49023,Tornado,0,0,0
49023,Tropical Storm,0,0,0
49023,Snowstorm,0,0,0
49023,Coastal Storm,0,0,0
49023,Severe Ice Storm,0,0,0
49025,Severe Storm,0,0,0
49025,Fire,0,0,0
49025,Hurricane,0,0,0
49025,Winter Storm,0,0,0
49025,Flood,0,0,0
49025,Tornado,0,0,0
49025,Tropical Storm,0,0,0
49025,Snowstorm,0,0,0
49025,Coastal Storm,0,0,0
49025,Severe Ice Storm,0,0,0
49027,Severe Storm,0,1,3
49027,Fire,1,1,3
49027,Hurricane,0,1,3
49027,Winter Storm,0,1,3
49027,Flood,0,1,3
49027,Tornado,0,1,3
49027,Tropical Storm,0,1,3
49027,Snowstorm,0,1,3
49027,Coastal Storm,0,1,3
49027,Severe Ice Storm,0,1,3
49029,Severe Storm,1,0,0
49029,Fire,0,0,0
49029,Hurricane,0,0,0
49029,Winter Storm,0,0,0
49029,Flood,1,0,0
49029,Tornado,0,0,0
49029,Tropical Storm,0,0,0
49029,Snowstorm,0,0,0
49029,Coastal Storm,0,0,0
49029,Severe Ice Storm,0,0,0
49031,Severe Storm,0,0,0
49031,Fire,1,0,0
49031,Hurricane,0,0,0
49031,Winter Storm,0,0,0
49031,Flood,0,0,0
49031,Tornado,0,0,0
49031,Tropical Storm,0,0,0
49031,Snowstorm,0,0,0
49031,Coastal Storm,0,0,0
49031,Severe Ice Storm,0,0,0
49033,Severe Storm,0,0,0
49033,Fire,0,0,0
49033,Hurricane,0,0,0
49033,Winter Storm,0,0,0
49033,Flood,0,0,0
49033,Tornado,0,0,0
49033,Tropical Storm,0,0,0
49033,Snowstorm,0,0,0
49033,Coastal Storm,0,0,0
49033,Severe Ice Storm,0,0,0
49035,Severe Storm,1,1,1
49035,Fire,1,1,1
49035,Hurricane,0,1,1
49035,Winter Storm,0,1,1
49035,Flood,0,1,1
49035,Tornado,0,1,1
49035,Tropical Storm,0,1,1
49035,Snowstorm,0,1,1
49035,Coastal Storm,0,1,1
49035,Severe Ice Storm,0,1,1
49037,Severe Storm,0,0,0
49037,Fire,1,0,0
49037,Hurricane,0,0,0
49037,Winter Storm,0,0,0
49037,Flood,0,0,0
49037,Tornado,0,0,0
49037,Tropical Storm,0,0,0
49037,Snowstorm,0,0,0
49037,Coastal Storm,0,0,0
49037,Severe Ice Storm,0,0,0
49039,Severe Storm,0,0,0
49039,Fire,0,0,0
49039,Hurricane,0,0,0
49039,Winter Storm,0,0,0
49039,Flood,1,0,0
49039,Tornado,0,0,0
49039,Tropical Storm,0,0,0
49039,Snowstorm,0,0,0
49039,Coastal Storm,0,0,0
49039,Severe Ice Storm,0,0,0
49041,Severe Storm,0,0,0
49041,Fire,0,0,0
49041,Hurricane,0,0,0
49041,Winter Storm,0,0,0
49041,Flood,0,0,0
49041,Tornado,0,0,0
49041,Tropical Storm,0,0,0
49041,Snowstorm,0,0,0
49041,Coastal Storm,0,0,0
49041,Severe Ice Storm,0,0,0
49043,Severe Storm,0,0,0
49043,Fire,1,0,0
49043,Hurricane,0,0,0
49043,Winter Storm,0,0,0
49043,Flood,0,0,0
49043,Tornado,0,0,0
49043,Tropical Storm,0,0,0
49043,Snowstorm,0,0,0
49043,Coastal Storm,0,0,0
49043,Severe Ice Storm,0,0,0
49045,Severe Storm,0,0,0
49045,Fire,0,0,0
49045,Hurricane,0,0,0
49045,Winter Storm,0,0,0
49045,Flood,0,0,0
49045,Tornado,0,0,0
49045,Tropical Storm,0,0,0
49045,Snowstorm,0,0,0
49045,Coastal Storm,0,0,0
49045,Severe Ice Storm,0,0,0
49047,Severe Storm,0,0,0
49047,Fire,0,0,0
49047,Hurricane,0,0,0
49047,Winter Storm,0,0,0
49047,Flood,0,0,0
49047,Tornado,0,0,0
49047,Tropical Storm,0,0,0
49047,Snowstorm,0,0,0
49047,Coastal Storm,0,0,0
49047,Severe Ice Storm,0,0,0
49049,Severe Storm,0,0,0
49049,Fire,2,0,0
49049,Hurricane,0,0,0
49049,Winter Storm,0,0,0
49049,Flood,1,0,0
49049,Tornado,0,0,0
49049,Tropical Storm,0,0,0
49049,Snowstorm,0,0,0
49049,Coastal Storm,0,0,0
49049,Severe Ice Storm,0,0,0
49051,Severe Storm,0,0,0
49051,Fire,0,0,0
49051,Hurricane,0,0,0
49051,Winter Storm,0,0,0
49051,Flood,1,0,0
49051,Tornado,0,0,0
49051,Tropical Storm,0,0,0
49051,Snowstorm,0,0,0
49051,Coastal Storm,0,0,0
49051,Severe Ice Storm,0,0,0
49053,Severe Storm,0,0,0
49053,Fire,1,0,0
49053,Hurricane,0,0,0
49053,Winter Storm,0,0,0
49053,Flood,0,0,0
49053,Tornado,0,0,0
49053,Tropical Storm,0,0,0
49053,Snowstorm,0,0,0
49053,Coastal Storm,0,0,0
49053,Severe Ice Storm,0,0,0
49055,Severe Storm,0,0,0
49055,Fire,0,0,0
49055,Hurricane,0,0,0
49055,Winter Storm,0,0,0
49055,Flood,0,0,0
49055,Tornado,0,0,0
49055,Tropical Storm,0,0,0
49055,Snowstorm,0,0,0
49055,Coastal Storm,0,0,0
49055,Severe Ice Storm,0,0,0
49057,Severe Storm,1,0,0
49057,Fire,0,0,0
49057,Hurricane,0,0,0
49057,Winter Storm,0,0,0
49057,Flood,0,0,0
49057,Tornado,0,0,0
49057,Tropical Storm,0,0,0
49057,Snowstorm,0,0,0
49057,Coastal Storm,0,0,0
49057,Severe Ice Storm,0,0,0
50001,Severe Storm,2,0,0
50001,Fire,0,0,0
50001,Hurricane,1,0,0
50001,Winter Storm,0,0,0
50001,Flood,3,0,0
50001,Tornado,0,0,0
50001,Tropical Storm,1,0,0
50001,Snowstorm,0,0,0
50001,Coastal Storm,0,0,0
50001,Severe Ice Storm,0,0,0
50003,Severe Storm,0,0,0
50003,Fire,0,0,0
50003,Hurricane,1,0,0
50003,Winter Storm,0,0,0
50003,Flood,4,0,0
50003,Tornado,0,0,0
50003,Tropical Storm,1,0,0
50003,Snowstorm,0,0,0
50003,Coastal Storm,0,0,0
50003,Severe Ice Storm,0,0,0
50005,Severe Storm,1,0,0
50005,Fire,0,0,0
50005,Hurricane,1,0,0
50005,Winter Storm,0,0,0
50005,Flood,3,0,0
50005,Tornado,0,0,0
50005,Tropical Storm,1,0,0
50005,Snowstorm,0,0,0
50005,Coastal Storm,0,0,0
50005,Severe Ice Storm,0,0,0
50007,Severe Storm,4,0,0
50007,Fire,0,0,0
50007,Hurricane,1,0,0
50007,Winter Storm,0,0,0
50007,Flood,2,0,0
50007,Tornado,0,0,0
50007,Tropical Storm,1,0,0
50007,Snowstorm,0,0,0
50007,Coastal Storm,0,0,0
50007,Severe Ice Storm,0,0,0
50009,Severe Storm,5,0,0
50009,Fire,0,0,0
50009,Hurricane,1,0,0
50009,Winter Storm,0,0,0
50009,Flood,4,0,0
50009,Tornado,0,0,0
50009,Tropical Storm,1,0,0
50009,Snowstorm,0,0,0
50009,Coastal Storm,0,0,0
50009,Severe Ice Storm,0,0,0
50011,Severe Storm,3,0,0
50011,Fire,0,0,0
50011,Hurricane,1,0,0
50011,Winter Storm,0,0,0
50011,Flood,2,0,0
50011,Tornado,0,0,0
50011,Tropical Storm,1,0,0
50011,Snowstorm,0,0,0
50011,Coastal Storm,0,0,0
50011,Severe Ice Storm,0,0,0
50013,Severe Storm,1,0,0
50013,Fire,0,0,0
50013,Hurricane,1,0,0
50013,Winter Storm,0,0,0
50013,Flood,2,0,0
50013,Tornado,0,0,0
50013,Tropical Storm,1,0,0
50013,Snowstorm,0,0,0
50013,Coastal Storm,0,0,0
50013,Severe Ice Storm,0,0,0
50015,Severe Storm,5,0,0
50015,Fire,0,0,0
50015,Hurricane,1,0,0
50015,Winter Storm,0,0,0
50015,Flood,3,0,0
50015,Tornado,0,0,0
50015,Tropical Storm,1,0,0
50015,Snowstorm,0,0,0
50015,Coastal Storm,0,0,0
50015,Severe Ice Storm,0,0,0
50017,Severe Storm,4,0,0
50017,Fire,0,0,0
50017,Hurricane,1,0,0
50017,Winter Storm,0,0,0
50017,Flood,3,0,0
50017,Tornado,0,0,0
50017,Tropical Storm,1,0,0
50017,Snowstorm,0,0,0
50017,Coastal Storm,0,0,0
50017,Severe Ice Storm,0,0,0
50019,Severe Storm,5,0,0
50019,Fire,0,0,0
50019,Hurricane,1,0,0
50019,Winter Storm,0,0,0
50019,Flood,3,0,0
50019,Tornado,0,0,0
50019,Tropical Storm,1,0,0
50019,Snowstorm,0,0,0
50019,Coastal Storm,0,0,0
50019,Severe Ice Storm,0,0,0
50021,Severe Storm,1,0,0
50021,Fire,0,0,0
50021,Hurricane,1,0,0
50021,Winter Storm,0,0,0
50021,Flood,3,0,0
50021,Tornado,0,0,0
50021,Tropical Storm,1,0,0
50021,Snowstorm,0,0,0
50021,Coastal Storm,0,0,0
50021,Severe Ice Storm,0,0,0
50023,Severe Storm,3,0,0
50023,Fire,0,0,0
50023,Hurricane,1,0,0
50023,Winter Storm,0,0,0
50023,Flood,3,0,0
50023,Tornado,0,0,0
50023,Tropical Storm,1,0,0
50023,Snowstorm,0,0,0
50023,Coastal Storm,0,0,0
50023,Severe Ice Storm,0,0,0
50025,Severe Storm,1,0,0
50025,Fire,0,0,0
50025,Hurricane,1,0,0
50025,Winter Storm,0,0,0
50025,Flood,3,0,0
50025,Tornado,0,0,0
50025,Tropical Storm,1,0,0
50025,Snowstorm,0,0,0
50025,Coastal Storm,0,0,0
50025,Severe Ice Storm,0,0,0
50027,Severe Storm,1,0,0
50027,Fire,0,0,0
50027,Hurricane,1,0,0
50027,Winter Storm,0,0,0
50027,Flood,3,0,0
50027,Tornado,0,0,0
50027,Tropical Storm,1,0,0
50027,Snowstorm,0,0,0
50027,Coastal Storm,0,0,0
50027,Severe Ice Storm,0,0,0
51001,Severe Storm,0,0,0
51001,Fire,0,0,0
51001,Hurricane,0,0,0
51001,Winter Storm,0,0,0
51001,Flood,0,0,0
51001,Tornado,0,0,0
51001,Tropical Storm,0,0,0
51001,Snowstorm,0,0,0
51001,Coastal Storm,0,0,0
51001,Severe Ice Storm,0,0,0
51003,Severe Storm,1,0,0
51003,Fire,0,0,0
51003,Hurricane,0,0,0
51003,Winter Storm,0,0,0
51003,Flood,0,0,0
51003,Tornado,0,0,0
51003,Tropical Storm,1,0,0
51003,Snowstorm,0,0,0
51003,Coastal Storm,0,0,0
51003,Severe Ice Storm,0,0,0
51005,Severe Storm,0,0,0
51005,Fire,0,0,0
51005,Hurricane,0,0,0
51005,Winter Storm,0,0,0
51005,Flood,0,0,0
51005,Tornado,0,0,0
51005,Tropical Storm,0,0,0
51005,Snowstorm,0,0,0
51005,Coastal Storm,0,0,0
51005,Severe Ice Storm,0,0,0
51007,Severe Storm,1,0,0
51007,Fire,0,0,0
51007,Hurricane,0,0,0
51007,Winter Storm,0,0,0
51007,Flood,0,0,0
51007,Tornado,0,0,0
51007,Tropical Storm,0,0,0
51007,Snowstorm,0,0,0
51007,Coastal Storm,0,0,0
51007,Severe Ice Storm,1,0,0
51009,Severe Storm,0,0,0
51009,Fire,0,0,0
51009,Hurricane,0,0,0
51009,Winter Storm,0,0,0
51009,Flood,0,0,0
51009,Tornado,0,0,0
51009,Tropical Storm,0,0,0
51009,Snowstorm,0,0,0
51009,Coastal Storm,0,0,0
51009,Severe Ice Storm,0,0,0
51011,Severe Storm,1,1,2
51011,Fire,0,1,2
51011,Hurricane,0,1,2
51011,Winter Storm,0,1,2
51011,Flood,0,1,2
51011,Tornado,0,1,2
51011,Tropical Storm,1,1,2
51011,Snowstorm,0,1,2
51011,Coastal Storm,0,1,2
51011,Severe Ice Storm,1,1,2
51013,Severe Storm,0,0,0
51013,Fire,0,0,0
51013,Hurricane,0,0,0
51013,Winter Storm,0,0,0
51013,Flood,0,0,0
51013,Tornado,0,0,0
51013,Tropical Storm,0,0,0
51013,Snowstorm,0,0,0
51013,Coastal Storm,0,0,0
51013,Severe Ice Storm,0,0,0
51015,Severe Storm,0,0,0
51015,Fire,0,0,0
51015,Hurricane,0,0,0
51015,Winter Storm,0,0,0
51015,Flood,0,0,0
51015,Tornado,0,0,0
51015,Tropical Storm,0,0,0
51015,Snowstorm,0,0,0
51015,Coastal Storm,0,0,0
51015,Severe Ice Storm,0,0,0
51017,Severe Storm,0,0,0
51017,Fire,0,0,0
51017,Hurricane,0,0,0
51017,Winter Storm,0,0,0
51017,Flood,0,0,0
51017,Tornado,0,0,0
51017,Tropical Storm,0,0,0
51017,Snowstorm,0,0,0
51017,Coastal Storm,0,0,0
51017,Severe Ice Storm,0,0,0
51019,Severe Storm,0,0,0
51019,Fire,0,0,0
51019,Hurricane,0,0,0
51019,Winter Storm,0,0,0
51019,Flood,0,0,0
51019,Tornado,0,0,0
51019,Tropical Storm,2,0,0
51019,Snowstorm,0,0,0
51019,Coastal Storm,0,0,0
51019,Severe Ice Storm,1,0,0
51021,Severe Storm,0,0,0
51021,Fire,0,0,0
51021,Hurricane,0,0,0
51021,Winter Storm,0,0,0
51021,Flood,0,0,0
51021,Tornado,0,0,0
51021,Tropical Storm,2,0,0
51021,Snowstorm,0,0,0
51021,Coastal Storm,0,0,0
51021,Severe Ice Storm,0,0,0
51023,Severe Storm,0,1,3
51023,Fire,0,1,3
51023,Hurricane,0,1,3
51023,Winter Storm,0,1,3
51023,Flood,0,1,3
51023,Tornado,0,1,3
51023,Tropical Storm,1,1,3
51023,Snowstorm,0,1,3
51023,Coastal Storm,0,1,3
51023,Severe Ice Storm,0,1,3
51025,Severe Storm,0,1,1
51025,Fire,0,1,1
51025,Hurricane,0,1,1
51025,Winter Storm,0,1,1
51025,Flood,0,1,1
51025,Tornado,0,1,1
51025,Tropical Storm,0,1,1
51025,Snowstorm,0,1,1
51025,Coastal Storm,0,1,1
51025,Severe Ice Storm,1,1,1
51027,Severe Storm,1,0,0
51027,Fire,0,0,0
51027,Hurricane,0,0,0
51027,Winter Storm,0,0,0
51027,Flood,1,0,0
51027,Tornado,0,0,0
51027,Tropical Storm,2,0,0
51027,Snowstorm,0,0,0
51027,Coastal Storm,0,0,0
51027,Severe Ice Storm,0,0,0
51029,Severe Storm,1,1,1
51029,Fire,0,1,1
51029,Hurricane,0,1,1
51029,Winter Storm,0,1,1
51029,Flood,0,1,1
51029,Tornado,0,1,1
51029,Tropical Storm,1,1,1
51029,Snowstorm,0,1,1
51029,Coastal Storm,0,1,1
51029,Severe Ice Storm,0,1,1
51031,Severe Storm,0,1,2
51031,Fire,0,1,2
51031,Hurricane,0,1,2
51031,Winter Storm,0,1,2
51031,Flood,0,1,2
51031,Tornado,0,1,2
51031,Tropical Storm,0,1,2
51031,Snowstorm,0,1,2
51031,Coastal Storm,0,1,2
51031,Severe Ice Storm,1,1,2
51033,Severe Storm,1,1,17
51033,Fire,0,1,17
51033,Hurricane,0,1,17
51033,Winter Storm,0,1,17
51033,Flood,0,1,17
51033,Tornado,0,1,17
51033,Tropical Storm,0,1,17
51033,Snowstorm,0,1,17
51033,Coastal Storm,0,1,17
51033,Severe Ice Storm,1,1,17
51035,Severe Storm,0,0,0
51035,Fire,0,0,0
51035,Hurricane,0,0,0
51035,Winter Storm,0,0,0
51035,Flood,0,0,0
51035,Tornado,0,0,0
51035,Tropical Storm,2,0,0
51035,Snowstorm,0,0,0
51035,Coastal Storm,0,0,0
51035,Severe Ice Storm,0,0,0
51036,Severe Storm,0,1,2
51036,Fire,0,1,2
51036,Hurricane,0,1,2
51036,Winter Storm,0,1,2
51036,Flood,0,1,2
51036,Tornado,0,1,2
51036,Tropical Storm,0,1,2
51036,Snowstorm,0,1,2
51036,Coastal Storm,0,1,2
51036,Severe Ice Storm,0,1,2
51037,Severe Storm,1,1,2
51037,Fire,0,1,2
51037,Hurricane,0,1,2
51037,Winter Storm,0,1,2
51037,Flood,0,1,2
51037,Tornado,0,1,2
51037,Tropical Storm,1,1,2
51037,Snowstorm,0,1,2
51037,Coastal Storm,0,1,2
51037,Severe Ice Storm,1,1,2
51041,Severe Storm,0,1,9
51041,Fire,0,1,9
51041,Hurricane,0,1,9
51041,Winter Storm,0,1,9
51041,Flood,0,1,9
51041,Tornado,0,1,9
51041,Tropical Storm,0,1,9
51041,Snowstorm,0,1,9
51041,Coastal Storm,0,1,9
51041,Severe Ice Storm,1,1,9
51043,Severe Storm,0,0,0
51043,Fire,0,0,0
51043,Hurricane,0,0,0
51043,Winter Storm,0,0,0
51043,Flood,0,0,0
51043,Tornado,0,0,0
51043,Tropical Storm,0,0,0
51043,Snowstorm,0,0,0
51043,Coastal Storm,0,0,0
51043,Severe Ice Storm,0,0,0
51045,Severe Storm,0,0,0
51045,Fire,0,0,0
51045,Hurricane,0,0,0
51045,Winter Storm,0,0,0
51045,Flood,0,0,0
51045,Tornado,0,0,0
51045,Tropical Storm,2,0,0
51045,Snowstorm,0,0,0
51045,Coastal Storm,0,0,0
51045,Severe Ice Storm,0,0,0
51047,Severe Storm,1,1,9
51047,Fire,0,1,9
51047,Hurricane,0,1,9
51047,Winter Storm,0,1,9
51047,Flood,0,1,9
51047,Tornado,0,1,9
51047,Tropical Storm,0,1,9
51047,Snowstorm,0,1,9
51047,Coastal Storm,0,1,9
51047,Severe Ice Storm,0,1,9
51049,Severe Storm,1,0,0
51049,Fire,0,0,0
51049,Hurricane,0,0,0
51049,Winter Storm,0,0,0
51049,Flood,0,0,0
51049,Tornado,0,0,0
51049,Tropical Storm,0,0,0
51049,Snowstorm,0,0,0
51049,Coastal Storm,0,0,0
51049,Severe Ice Storm,1,0,0
51051,Severe Storm,0,0,0
51051,Fire,0,0,0
51051,Hurricane,0,0,0
51051,Winter Storm,0,0,0
51051,Flood,0,0,0
51051,Tornado,0,0,0
51051,Tropical Storm,2,0,0
51051,Snowstorm,0,0,0
51051,Coastal Storm,0,0,0
51051,Severe Ice Storm,0,0,0
51053,Severe Storm,0,0,0
51053,Fire,0,0,0
51053,Hurricane,0,0,0
51053,Winter Storm,0,0,0
51053,Flood,0,0,0
51053,Tornado,0,0,0
51053,Tropical Storm,0,0,0
51053,Snowstorm,0,0,0
51053,Coastal Storm,0,0,0
51053,Severe Ice Storm,1,0,0
51057,Severe Storm,1,0,0
51057,Fire,0,0,0
51057,Hurricane,0,0,0
51057,Winter Storm,0,0,0
51057,Flood,0,0,0
51057,Tornado,0,0,0
51057,Tropical Storm,0,0,0
51057,Snowstorm,0,0,0
51057,Coastal Storm,0,0,0
51057,Severe Ice Storm,1,0,0
51059,Severe Storm,0,1,23
51059,Fire,0,1,23
51059,Hurricane,0,1,23
51059,Winter Storm,0,1,23
51059,Flood,0,1,23
51059,Tornado,0,1,23
51059,Tropical Storm,0,1,23
51059,Snowstorm,0,1,23
51059,Coastal Storm,0,1,23
51059,Severe Ice Storm,0,1,23
51061,Severe Storm,1,1,15
51061,Fire,0,1,15
51061,Hurricane,0,1,15
51061,Winter Storm,0,1,15
51061,Flood,0,1,15
51061,Tornado,0,1,15
51061,Tropical Storm,0,1,15
51061,Snowstorm,0,1,15
51061,Coastal Storm,0,1,15
51061,Severe Ice Storm,0,1,15
51063,Severe Storm,0,0,0
51063,Fire,0,0,0
51063,Hurricane,0,0,0
51063,Winter Storm,0,0,0
51063,Flood,0,0,0
51063,Tornado,0,0,0
51063,Tropical Storm,1,0,0
51063,Snowstorm,0,0,0
51063,Coastal Storm,0,0,0
51063,Severe Ice Storm,1,0,0
51065,Severe Storm,1,1,3
51065,Fire,0,1,3
51065,Hurricane,0,1,3
51065,Winter Storm,0,1,3
51065,Flood,0,1,3
51065,Tornado,0,1,3
51065,Tropical Storm,0,1,3
51065,Snowstorm,0,1,3
51065,Coastal Storm,0,1,3
51065,Severe Ice Storm,0,1,3
51067,Severe Storm,0,1,1
51067,Fire,0,1,1
51067,Hurricane,0,1,1
51067,Winter Storm,0,1,1
51067,Flood,0,1,1
51067,Tornado,0,1,1
51067,Tropical Storm,0,1,1
51067,Snowstorm,0,1,1
51067,Coastal Storm,0,1,1
51067,Severe Ice Storm,1,1,1
51069,Severe Storm,0,0,0
51069,Fire,0,0,0
51069,Hurricane,0,0,0
51069,Winter Storm,0,0,0
51069,Flood,0,0,0
51069,Tornado,0,0,0
51069,Tropical Storm,0,0,0
51069,Snowstorm,0,0,0
51069,Coastal Storm,0,0,0
51069,Severe Ice Storm,0,0,0
51071,Severe Storm,0,0,0
51071,Fire,0,0,0
51071,Hurricane,0,0,0
51071,Winter Storm,0,0,0
51071,Flood,0,0,0
51071,Tornado,0,0,0
51071,Tropical Storm,2,0,0
51071,Snowstorm,0,0,0
51071,Coastal Storm,0,0,0
51071,Severe Ice Storm,0,0,0
51073,Severe Storm,0,0,0
51073,Fire,0,0,0
51073,Hurricane,0,0,0
51073,Winter Storm,0,0,0
51073,Flood,0,0,0
51073,Tornado,0,0,0
51073,Tropical Storm,0,0,0
51073,Snowstorm,0,0,0
51073,Coastal Storm,0,0,0
51073,Severe Ice Storm,0,0,0
51075,Severe Storm,1,1,5
51075,Fire,0,1,5
51075,Hurricane,0,1,5
51075,Winter Storm,0,1,5
51075,Flood,0,1,5
51075,Tornado,0,1,5
51075,Tropical Storm,0,1,5
51075,Snowstorm,0,1,5
51075,Coastal Storm,0,1,5
51075,Severe Ice Storm,1,1,5
51077,Severe Storm,0,0,0
51077,Fire,0,0,0
51077,Hurricane,0,0,0
51077,Winter Storm,0,0,0
51077,Flood,0,0,0
51077,Tornado,0,0,0
51077,Tropical Storm,2,0,0
51077,Snowstorm,0,0,0
51077,Coastal Storm,0,0,0
51077,Severe Ice Storm,0,0,0
51079,Severe Storm,1,0,0
51079,Fire,0,0,0
51079,Hurricane,0,0,0
51079,Winter Storm,0,0,0
51079,Flood,0,0,0
51079,Tornado,0,0,0
51079,Tropical Storm,1,0,0
51079,Snowstorm,0,0,0
51079,Coastal Storm,0,0,0
51079,Severe Ice Storm,0,0,0
51081,Severe Storm,0,1,1
51081,Fire,0,1,1
51081,Hurricane,0,1,1
51081,Winter Storm,0,1,1
51081,Flood,0,1,1
51081,Tornado,0,1,1
51081,Tropical Storm,0,1,1
51081,Snowstorm,0,1,1
51081,Coastal Storm,0,1,1
51081,Severe Ice Storm,1,1,1
51083,Severe Storm,0,1,1
51083,Fire,0,1,1
51083,Hurricane,0,1,1
51083,Winter Storm,0,1,1
51083,Flood,0,1,1
51083,Tornado,0,1,1
51083,Tropical Storm,0,1,1
51083,Snowstorm,0,1,1
51083,Coastal Storm,0,1,1
51083,Severe Ice Storm,1,1,1
51085,Severe Storm,1,1,13
51085,Fire,0,1,13
51085,Hurricane,0,1,13
51085,Winter Storm,0,1,13
51085,Flood,0,1,13
51085,Tornado,0,1,13
51085,Tropical Storm,0,1,13
51085,Snowstorm,0,1,13
51085,Coastal Storm,0,1,13
51085,Severe Ice Storm,1,1,13
51087,Severe Storm,0,1,12
51087,Fire,0,1,12
51087,Hurricane,0,1,12
51087,Winter Storm,0,1,12
51087,Flood,0,1,12
51087,Tornado,0,1,12
51087,Tropical Storm,0,1,12
51087,Snowstorm,0,1,12
51087,Coastal Storm,0,1,12
51087,Severe Ice Storm,0,1,12
51089,Severe Storm,0,0,0
51089,Fire,0,0,0
51089,Hurricane,0,0,0
51089,Winter Storm,0,0,0
51089,Flood,0,0,0
51089,Tornado,0,0,0
51089,Tropical Storm,0,0,0
51089,Snowstorm,0,0,0
51089,Coastal Storm,0,0,0
51089,Severe Ice Storm,0,0,0
51091,Severe Storm,0,0,0
51091,Fire,0,0,0
51091,Hurricane,0,0,0
51091,Winter Storm,0,0,0
51091,Flood,0,0,0
51091,Tornado,0,0,0
51091,Tropical Storm,0,0,0
51091,Snowstorm,0,0,0
51091,Coastal Storm,0,0,0
51091,Severe Ice Storm,0,0,0
51093,Severe Storm,0,0,0
51093,Fire,0,0,0
51093,Hurricane,0,0,0
51093,Winter Storm,0,0,0
51093,Flood,0,0,0
51093,Tornado,0,0,0
51093,Tropical Storm,0,0,0
51093,Snowstorm,0,0,0
51093,Coastal Storm,0,0,0
51093,Severe Ice Storm,0,0,0
51095,Severe Storm,0,0,0
51095,Fire,0,0,0
51095,Hurricane,0,0,0
51095,Winter Storm,0,0,0
51095,Flood,0,0,0
51095,Tornado,0,0,0
51095,Tropical Storm,0,0,0
51095,Snowstorm,0,0,0
51095,Coastal Storm,0,0,0
51095,Severe Ice Storm,0,0,0
51097,Severe Storm,0,0,0
51097,Fire,0,0,0
51097,Hurricane,0,0,0
51097,Winter Storm,0,0,0
51097,Flood,0,0,0
51097,Tornado,0,0,0
51097,Tropical Storm,0,0,0
51097,Snowstorm,0,0,0
51097,Coastal Storm,0,0,0
51097,Severe Ice Storm,1,0,0
51099,Severe Storm,1,1,2
51099,Fire,0,1,2
51099,Hurricane,0,1,2
51099,Winter Storm,0,1,2
51099,Flood,0,1,2
51099,Tornado,0,1,2
51099,Tropical Storm,0,1,2
51099,Snowstorm,0,1,2
51099,Coastal Storm,0,1,2
51099,Severe Ice Storm,0,1,2
51101,Severe Storm,1,0,0
51101,Fire,0,0,0
51101,Hurricane,0,0,0
51101,Winter Storm,0,0,0
51101,Flood,0,0,0
51101,Tornado,0,0,0
51101,Tropical Storm,0,0,0
51101,Snowstorm,0,0,0
51101,Coastal Storm,0,0,0
51101,Severe Ice Storm,1,0,0
51103,Severe Storm,0,0,0
51103,Fire,0,0,0
51103,Hurricane,0,0,0
51103,Winter Storm,0,0,0
51103,Flood,0,0,0
51103,Tornado,0,0,0
51103,Tropical Storm,0,0,0
51103,Snowstorm,0,0,0
51103,Coastal Storm,0,0,0
51103,Severe Ice Storm,1,0,0
51105,Severe Storm,0,1,1
51105,Fire,0,1,1
51105,Hurricane,0,1,1
51105,Winter Storm,0,1,1
51105,Flood,0,1,1
51105,Tornado,0,1,1
51105,Tropical Storm,1,1,1
51105,Snowstorm,0,1,1
51105,Coastal Storm,0,1,1
51105,Severe Ice Storm,0,1,1
51107,Severe Storm,0,1,109
51107,Fire,0,1,109
51107,Hurricane,0,1,109
51107,Winter Storm,0,1,109
51107,Flood,0,1,109
51107,Tornado,0,1,109
51107,Tropical Storm,0,1,109
51107,Snowstorm,0,1,109
51107,Coastal Storm,0,1,109
51107,Severe Ice Storm,0,1,109
51109,Severe Storm,1,1,4
51109,Fire,0,1,4
51109,Hurricane,0,1,4
51109,Winter Storm,0,1,4
51109,Flood,0,1,4
51109,Tornado,0,1,4
51109,Tropical Storm,0,1,4
51109,Snowstorm,0,1,4
51109,Coastal Storm,0,1,4
51109,Severe Ice Storm,1,1,4
51111,Severe Storm,0,1,2
51111,Fire,0,1,2
51111,Hurricane,0,1,2
51111,Winter Storm,0,1,2
51111,Flood,0,1,2
51111,Tornado,0,1,2
51111,Tropical Storm,0,1,2
51111,Snowstorm,0,1,2
51111,Coastal Storm,0,1,2
51111,Severe Ice Storm,1,1,2
51113,Severe Storm,1,1,4
51113,Fire,0,1,4
51113,Hurricane,0,1,4
51113,Winter Storm,0,1,4
51113,Flood,0,1,4
51113,Tornado,0,1,4
51113,Tropical Storm,1,1,4
51113,Snowstorm,0,1,4
51113,Coastal Storm,0,1,4
51113,Severe Ice Storm,0,1,4
51115,Severe Storm,0,0,0
51115,Fire,0,0,0
51115,Hurricane,0,0,0
51115,Winter Storm,0,0,0
51115,Flood,0,0,0
51115,Tornado,0,0,0
51115,Tropical Storm,0,0,0
51115,Snowstorm,0,0,0
51115,Coastal Storm,0,0,0
51115,Severe Ice Storm,0,0,0
51117,Severe Storm,0,1,6
51117,Fire,0,1,6
51117,Hurricane,0,1,6
51117,Winter Storm,0,1,6
51117,Flood,0,1,6
51117,Tornado,0,1,6
51117,Tropical Storm,0,1,6
51117,Snowstorm,0,1,6
51117,Coastal Storm,0,1,6
51117,Severe Ice Storm,1,1,6
51119,Severe Storm,0,0,0
51119,Fire,0,0,0
51119,Hurricane,0,0,0
51119,Winter Storm,0,0,0
51119,Flood,0,0,0
51119,Tornado,0,0,0
51119,Tropical Storm,0,0,0
51119,Snowstorm,0,0,0
51119,Coastal Storm,0,0,0
51119,Severe Ice Storm,1,0,0
51121,Severe Storm,0,1,1
51121,Fire,0,1,1
51121,Hurricane,0,1,1
51121,Winter Storm,0,1,1
51121,Flood,0,1,1
51121,Tornado,0,1,1
51121,Tropical Storm,2,1,1
51121,Snowstorm,0,1,1
51121,Coastal Storm,0,1,1
51121,Severe Ice Storm,0,1,1
51125,Severe Storm,1,0,0
51125,Fire,0,0,0
51125,Hurricane,0,0,0
51125,Winter Storm,0,0,0
51125,Flood,0,0,0
51125,Tornado,0,0,0
51125,Tropical Storm,1,0,0
51125,Snowstorm,0,0,0
51125,Coastal Storm,0,0,0
51125,Severe Ice Storm,0,0,0
51127,Severe Storm,0,0,0
51127,Fire,0,0,0
51127,Hurricane,0,0,0
51127,Winter Storm,0,0,0
51127,Flood,0,0,0
51127,Tornado,0,0,0
51127,Tropical Storm,0,0,0
51127,Snowstorm,0,0,0
51127,Coastal Storm,0,0,0
51127,Severe Ice Storm,1,0,0
51131,Severe Storm,0,0,0
51131,Fire,0,0,0
51131,Hurricane,0,0,0
51131,Winter Storm,0,0,0
51131,Flood,0,0,0
51131,Tornado,0,0,0
51131,Tropical Storm,0,0,0
51131,Snowstorm,0,0,0
51131,Coastal Storm,0,0,0
51131,Severe Ice Storm,0,0,0
51133,Severe Storm,0,0,0
51133,Fire,0,0,0
51133,Hurricane,0,0,0
51133,Winter Storm,0,0,0
51133,Flood,0,0,0
51133,Tornado,0,0,0
51133,Tropical Storm,0,0,0
51133,Snowstorm,0,0,0
51133,Coastal Storm,0,0,0
51133,Severe Ice Storm,1,0,0
51135,Severe Storm,0,0,0
51135,Fire,0,0,0
51135,Hurricane,0,0,0
51135,Winter Storm,0,0,0
51135,Flood,0,0,0
51135,Tornado,0,0,0
51135,Tropical Storm,0,0,0
51135,Snowstorm,0,0,0
51135,Coastal Storm,0,0,0
51135,Severe Ice Storm,1,0,0
51137,Severe Storm,1,1,6
51137,Fire,0,1,6
51137,Hurricane,0,1,6
51137,Winter Storm,0,1,6
51137,Flood,0,1,6
51137,Tornado,0,1,6
51137,Tropical Storm,0,1,6
51137,Snowstorm,0,1,6
51137,Coastal Storm,0,1,6
51137,Severe Ice Storm,0,1,6
51139,Severe Storm,0,0,0
51139,Fire,0,0,0
51139,Hurricane,0,0,0
51139,Winter Storm,0,0,0
51139,Flood,0,0,0
51139,Tornado,0,0,0
51139,Tropical Storm,0,0,0
51139,Snowstorm,0,0,0
51139,Coastal Storm,0,0,0
51139,Severe Ice Storm,0,0,0
51141,Severe Storm,0,0,0
51141,Fire,0,0,0
51141,Hurricane,0,0,0
51141,Winter Storm,0,0,0
51141,Flood,0,0,0
51141,Tornado,0,0,0
51141,Tropical Storm,1,0,0
51141,Snowstorm,0,0,0
51141,Coastal Storm,0,0,0
51141,Severe Ice Storm,1,0,0
51143,Severe Storm,0,1,2
51143,Fire,0,1,2
51143,Hurricane,0,1,2
51143,Winter Storm,0,1,2
51143,Flood,0,1,2
51143,Tornado,0,1,2
51143,Tropical Storm,2,1,2
51143,Snowstorm,0,1,2
51143,Coastal Storm,0,1,2
51143,Severe Ice Storm,1,1,2
51145,Severe Storm,1,1,4
51145,Fire,0,1,4
51145,Hurricane,0,1,4
51145,Winter Storm,0,1,4
51145,Flood,0,1,4
51145,Tornado,0,1,4
51145,Tropical Storm,0,1,4
51145,Snowstorm,0,1,4
51145,Coastal Storm,0,1,4
51145,Severe Ice Storm,1,1,4
51147,Severe Storm,1,0,0
51147,Fire,0,0,0
51147,Hurricane,0,0,0
51147,Winter Storm,0,0,0
51147,Flood,0,0,0
51147,Tornado,0,0,0
51147,Tropical Storm,0,0,0
51147,Snowstorm,0,0,0
51147,Coastal Storm,0,0,0
51147,Severe Ice Storm,1,0,0
51149,Severe Storm,0,0,0
51149,Fire,0,0,0
51149,Hurricane,0,0,0
51149,Winter Storm,0,0,0
51149,Flood,0,0,0
51149,Tornado,0,0,0
51149,Tropical Storm,0,0,0
51149,Snowstorm,0,0,0
51149,Coastal Storm,0,0,0
51149,Severe Ice Storm,1,0,0
51153,Severe Storm,0,1,51
51153,Fire,0,1,51
51153,Hurricane,0,1,51
51153,Winter Storm,0,1,51
51153,Flood,0,1,51
51153,Tornado,0,1,51
51153,Tropical Storm,0,1,51
51153,Snowstorm,0,1,51
51153,Coastal Storm,0,1,51
51153,Severe Ice Storm,0,1,51
51155,Severe Storm,0,0,0
51155,Fire,0,0,0
51155,Hurricane,0,0,0
51155,Winter Storm,0,0,0
51155,Flood,0,0,0
51155,Tornado,0,0,0
51155,Tropical Storm,2,0,0
51155,Snowstorm,0,0,0
51155,Coastal Storm,0,0,0
51155,Severe Ice Storm,0,0,0
51157,Severe Storm,1,0,0
51157,Fire,0,0,0
51157,Hurricane,0,0,0
51157,Winter Storm,0,0,0
51157,Flood,0,0,0
51157,Tornado,0,0,0
51157,Tropical Storm,0,0,0
51157,Snowstorm,0,0,0
51157,Coastal Storm,0,0,0
51157,Severe Ice Storm,0,0,0
51159,Severe Storm,0,0,0
51159,Fire,0,0,0
51159,Hurricane,0,0,0
51159,Winter Storm,0,0,0
51159,Flood,0,0,0
51159,Tornado,0,0,0
51159,Tropical Storm,0,0,0
51159,Snowstorm,0,0,0
51159,Coastal Storm,0,0,0
51159,Severe Ice Storm,1,0,0
51161,Severe Storm,0,1,3
51161,Fire,0,1,3
51161,Hurricane,0,1,3
51161,Winter Storm,0,1,3
51161,Flood,0,1,3
51161,Tornado,0,1,3
51161,Tropical Storm,1,1,3
51161,Snowstorm,0,1,3
51161,Coastal Storm,0,1,3
51161,Severe Ice Storm,0,1,3
51163,Severe Storm,0,0,0
51163,Fire,0,0,0
51163,Hurricane,0,0,0
51163,Winter Storm,0,0,0
51163,Flood,0,0,0
51163,Tornado,0,0,0
51163,Tropical Storm,0,0,0
51163,Snowstorm,0,0,0
51163,Coastal Storm,0,0,0
51163,Severe Ice Storm,0,0,0
51165,Severe Storm,0,0,0
51165,Fire,0,0,0
51165,Hurricane,0,0,0
51165,Winter Storm,0,0,0
51165,Flood,0,0,0
51165,Tornado,0,0,0
51165,Tropical Storm,0,0,0
51165,Snowstorm,0,0,0
51165,Coastal Storm,0,0,0
51165,Severe Ice Storm,0,0,0
51167,Severe Storm,0,0,0
51167,Fire,0,0,0
51167,Hurricane,0,0,0
51167,Winter Storm,0,0,0
51167,Flood,0,0,0
51167,Tornado,0,0,0
51167,Tropical Storm,2,0,0
51167,Snowstorm,0,0,0
51167,Coastal Storm,0,0,0
51167,Severe Ice Storm,0,0,0
51169,Severe Storm,0,1,1
51169,Fire,0,1,1
51169,Hurricane,0,1,1
51169,Winter Storm,0,1,1
51169,Flood,0,1,1
51169,Tornado,0,1,1
51169,Tropical Storm,2,1,1
51169,Snowstorm,0,1,1
51169,Coastal Storm,0,1,1
51169,Severe Ice Storm,0,1,1
51171,Severe Storm,0,0,0
51171,Fire,0,0,0
51171,Hurricane,0,0,0
51171,Winter Storm,0,0,0
51171,Flood,0,0,0
51171,Tornado,0,0,0
51171,Tropical Storm,0,0,0
51171,Snowstorm,0,0,0
51171,Coastal Storm,0,0,0
51171,Severe Ice Storm,0,0,0
51173,Severe Storm,0,0,0
51173,Fire,0,0,0
51173,Hurricane,0,0,0
51173,Winter Storm,0,0,0
51173,Flood,0,0,0
51173,Tornado,0,0,0
51173,Tropical Storm,2,0,0
51173,Snowstorm,0,0,0
51173,Coastal Storm,0,0,0
51173,Severe Ice Storm,0,0,0
51175,Severe Storm,0,1,1
51175,Fire,0,1,1
51175,Hurricane,0,1,1
51175,Winter Storm,0,1,1
51175,Flood,0,1,1
51175,Tornado,0,1,1
51175,Tropical Storm,0,1,1
51175,Snowstorm,0,1,1
51175,Coastal Storm,0,1,1
51175,Severe Ice Storm,0,1,1
51177,Severe Storm,1,1,20
51177,Fire,0,1,20
51177,Hurricane,0,1,20
51177,Winter Storm,0,1,20
51177,Flood,0,1,20
51177,Tornado,0,1,20
51177,Tropical Storm,0,1,20
51177,Snowstorm,0,1,20
51177,Coastal Storm,0,1,20
51177,Severe Ice Storm,0,1,20
51179,Severe Storm,1,1,6
51179,Fire,0,1,6
51179,Hurricane,0,1,6
51179,Winter Storm,0,1,6
51179,Flood,0,1,6
51179,Tornado,0,1,6
51179,Tropical Storm,0,1,6
51179,Snowstorm,0,1,6
51179,Coastal Storm,0,1,6
51179,Severe Ice Storm,0,1,6
51181,Severe Storm,0,0,0
51181,Fire,0,0,0
51181,Hurricane,0,0,0
51181,Winter Storm,0,0,0
51181,Flood,0,0,0
51181,Tornado,0,0,0
51181,Tropical Storm,0,0,0
51181,Snowstorm,0,0,0
51181,Coastal Storm,0,0,0
51181,Severe Ice Storm,0,0,0
51183,Severe Storm,0,1,1
51183,Fire,0,1,1
51183,Hurricane,0,1,1
51183,Winter Storm,0,1,1
51183,Flood,0,1,1
51183,Tornado,0,1,1
51183,Tropical Storm,0,1,1
51183,Snowstorm,0,1,1
51183,Coastal Storm,0,1,1
51183,Severe Ice Storm,0,1,1
51185,Severe Storm,1,0,0
51185,Fire,0,0,0
51185,Hurricane,0,0,0
51185,Winter Storm,0,0,0
51185,Flood,0,0,0
51185,Tornado,0,0,0
51185,Tropical Storm,2,0,0
51185,Snowstorm,0,0,0
51185,Coastal Storm,0,0,0
51185,Severe Ice Storm,0,0,0
51187,Severe Storm,0,0,0
51187,Fire,0,0,0
51187,Hurricane,0,0,0
51187,Winter Storm,0,0,0
51187,Flood,0,0,0
51187,Tornado,0,0,0
51187,Tropical Storm,0,0,0
51187,Snowstorm,0,0,0
51187,Coastal Storm,0,0,0
51187,Severe Ice Storm,0,0,0
51191,Severe Storm,0,0,0
51191,Fire,0,0,0
51191,Hurricane,0,0,0
51191,Winter Storm,0,0,0
51191,Flood,0,0,0
51191,Tornado,0,0,0
51191,Tropical Storm,2,0,0
51191,Snowstorm,0,0,0
51191,Coastal Storm,0,0,0
51191,Severe Ice Storm,0,0,0
51193,Severe Storm,1,1,2
51193,Fire,0,1,2
51193,Hurricane,0,1,2
51193,Winter Storm,0,1,2
51193,Flood,0,1,2
51193,Tornado,0,1,2
51193,Tropical Storm,0,1,2
51193,Snowstorm,0,1,2
51193,Coastal Storm,0,1,2
51193,Severe Ice Storm,0,1,2
51195,Severe Storm,0,0,0
51195,Fire,0,0,0
51195,Hurricane,0,0,0
51195,Winter Storm,0,0,0
51195,Flood,0,0,0
51195,Tornado,0,0,0
51195,Tropical Storm,2,0,0
51195,Snowstorm,0,0,0
51195,Coastal Storm,0,0,0
51195,Severe Ice Storm,0,0,0
51197,Severe Storm,0,0,0
51197,Fire,0,0,0
51197,Hurricane,0,0,0
51197,Winter Storm,0,0,0
51197,Flood,0,0,0
51197,Tornado,0,0,0
51197,Tropical Storm,2,0,0
51197,Snowstorm,0,0,0
51197,Coastal Storm,0,0,0
51197,Severe Ice Storm,0,0,0
51199,Severe Storm,0,0,0
51199,Fire,0,0,0
51199,Hurricane,0,0,0
51199,Winter Storm,0,0,0
51199,Flood,0,0,0
51199,Tornado,0,0,0
51199,Tropical Storm,0,0,0
51199,Snowstorm,0,0,0
51199,Coastal Storm,0,0,0
51199,Severe Ice Storm,0,0,0
51510,Severe Storm,0,1,1
51510,Fire,0,1,1
51510,Hurricane,0,1,1
51510,Winter Storm,0,1,1
51510,Flood,0,1,1
51510,Tornado,0,1,1
51510,Tropical Storm,0,1,1
51510,Snowstorm,0,1,1
51510,Coastal Storm,0,1,1
51510,Severe Ice Storm,0,1,1
51515,Severe Storm,1,0,0
51515,Fire,0,0,0
51515,Hurricane,0,0,0
51515,Winter Storm,0,0,0
51515,Flood,0,0,0
51515,Tornado,0,0,0
51515,Tropical Storm,0,0,0
51515,Snowstorm,0,0,0
51515,Coastal Storm,0,0,0
51515,Severe Ice Storm,0,0,0
51520,Severe Storm,0,0,0
51520,Fire,0,0,0
51520,Hurricane,0,0,0
51520,Winter Storm,0,0,0
51520,Flood,0,0,0
51520,Tornado,0,0,0
51520,Tropical Storm,2,0,0
51520,Snowstorm,0,0,0
51520,Coastal Storm,0,0,0
51520,Severe Ice Storm,0,0,0
51530,Severe Storm,0,0,0
51530,Fire,0,0,0
51530,Hurricane,0,0,0
51530,Winter Storm,0,0,0
51530,Flood,0,0,0
51530,Tornado,0,0,0
51530,Tropical Storm,0,0,0
51530,Snowstorm,0,0,0
51530,Coastal Storm,0,0,0
51530,Severe Ice Storm,0,0,0
51540,Severe Storm,0,0,0
51540,Fire,0,0,0
51540,Hurricane,0,0,0
51540,Winter Storm,0,0,0
51540,Flood,0,0,0
51540,Tornado,0,0,0
51540,Tropical Storm,0,0,0
51540,Snowstorm,0,0,0
51540,Coastal Storm,0,0,0
51540,Severe Ice Storm,0,0,0
51550,Severe Storm,0,0,0
51550,Fire,0,0,0
51550,Hurricane,0,0,0
51550,Winter Storm,0,0,0
51550,Flood,0,0,0
51550,Tornado,0,0,0
51550,Tropical Storm,0,0,0
51550,Snowstorm,0,0,0
51550,Coastal Storm,0,0,0
51550,Severe Ice Storm,0,0,0
51570,Severe Storm,0,0,0
51570,Fire,0,0,0
51570,Hurricane,0,0,0
51570,Winter Storm,0,0,0
51570,Flood,0,0,0
51570,Tornado,0,0,0
51570,Tropical Storm,0,0,0
51570,Snowstorm,0,0,0
51570,Coastal Storm,0,0,0
51570,Severe Ice Storm,0,0,0
51580,Severe Storm,0,0,0
51580,Fire,0,0,0
51580,Hurricane,0,0,0
51580,Winter Storm,0,0,0
51580,Flood,0,0,0
51580,Tornado,0,0,0
51580,Tropical Storm,2,0,0
51580,Snowstorm,0,0,0
51580,Coastal Storm,0,0,0
51580,Severe Ice Storm,0,0,0
51590,Severe Storm,0,0,0
51590,Fire,0,0,0
51590,Hurricane,0,0,0
51590,Winter Storm,0,0,0
51590,Flood,0,0,0
51590,Tornado,0,0,0
51590,Tropical Storm,2,0,0
51590,Snowstorm,0,0,0
51590,Coastal Storm,0,0,0
51590,Severe Ice Storm,0,0,0
51595,Severe Storm,0,1,1
51595,Fire,0,1,1
51595,Hurricane,0,1,1
51595,Winter Storm,0,1,1
51595,Flood,0,1,1
51595,Tornado,0,1,1
51595,Tropical Storm,0,1,1
51595,Snowstorm,0,1,1
51595,Coastal Storm,0,1,1
51595,Severe Ice Storm,0,1,1
51600,Severe Storm,0,0,0
51600,Fire,0,0,0
51600,Hurricane,0,0,0
51600,Winter Storm,0,0,0
51600,Flood,0,0,0
51600,Tornado,0,0,0
51600,Tropical Storm,0,0,0
51600,Snowstorm,0,0,0
51600,Coastal Storm,0,0,0
51600,Severe Ice Storm,0,0,0
51610,Severe Storm,0,1,1
51610,Fire,0,1,1
51610,Hurricane,0,1,1
51610,Winter Storm,0,1,1
51610,Flood,0,1,1
51610,Tornado,0,1,1
51610,Tropical Storm,0,1,1
51610,Snowstorm,0,1,1
51610,Coastal Storm,0,1,1
51610,Severe Ice Storm,0,1,1
51620,Severe Storm,0,0,0
51620,Fire,0,0,0
51620,Hurricane,0,0,0
51620,Winter Storm,0,0,0
51620,Flood,0,0,0
51620,Tornado,0,0,0
51620,Tropical Storm,0,0,0
51620,Snowstorm,0,0,0
51620,Coastal Storm,0,0,0
51620,Severe Ice Storm,0,0,0
51630,Severe Storm,1,1,9
51630,Fire,0,1,9
51630,Hurricane,0,1,9
51630,Winter Storm,0,1,9
51630,Flood,0,1,9
51630,Tornado,0,1,9
51630,Tropical Storm,0,1,9
51630,Snowstorm,0,1,9
51630,Coastal Storm,0,1,9
51630,Severe Ice Storm,0,1,9
51640,Severe Storm,0,0,0
51640,Fire,0,0,0
51640,Hurricane,0,0,0
51640,Winter Storm,0,0,0
51640,Flood,0,0,0
51640,Tornado,0,0,0
51640,Tropical Storm,2,0,0
51640,Snowstorm,0,0,0
51640,Coastal Storm,0,0,0
51640,Severe Ice Storm,0,0,0
51650,Severe Storm,0,0,0
51650,Fire,0,0,0
51650,Hurricane,0,0,0
51650,Winter Storm,0,0,0
51650,Flood,0,0,0
51650,Tornado,0,0,0
51650,Tropical Storm,0,0,0
51650,Snowstorm,0,0,0
51650,Coastal Storm,0,0,0
51650,Severe Ice Storm,0,0,0
51660,Severe Storm,0,0,0
51660,Fire,0,0,0
51660,Hurricane,0,0,0
51660,Winter Storm,0,0,0
51660,Flood,0,0,0
51660,Tornado,0,0,0
51660,Tropical Storm,0,0,0
51660,Snowstorm,0,0,0
51660,Coastal Storm,0,0,0
51660,Severe Ice Storm,0,0,0
51670,Severe Storm,0,0,0
51670,Fire,0,0,0
51670,Hurricane,0,0,0
51670,Winter Storm,0,0,0
51670,Flood,0,0,0
51670,Tornado,0,0,0
51670,Tropical Storm,0,0,0
51670,Snowstorm,0,0,0
51670,Coastal Storm,0,0,0
51670,Severe Ice Storm,0,0,0
51678,Severe Storm,0,0,0
51678,Fire,0,0,0
51678,Hurricane,0,0,0
51678,Winter Storm,0,0,0
51678,Flood,0,0,0
51678,Tornado,0,0,0
51678,Tropical Storm,0,0,0
51678,Snowstorm,0,0,0
51678,Coastal Storm,0,0,0
51678,Severe Ice Storm,0,0,0
51680,Severe Storm,0,1,1
51680,Fire,0,1,1
51680,Hurricane,0,1,1
51680,Winter Storm,0,1,1
51680,Flood,0,1,1
51680,Tornado,0,1,1
51680,Tropical Storm,0,1,1
51680,Snowstorm,0,1,1
51680,Coastal Storm,0,1,1
51680,Severe Ice Storm,0,1,1
51683,Severe Storm,0,1,17
51683,Fire,0,1,17
51683,Hurricane,0,1,17
51683,Winter Storm,0,1,17
51683,Flood,0,1,17
51683,Tornado,0,1,17
51683,Tropical Storm,0,1,17
51683,Snowstorm,0,1,17
51683,Coastal Storm,0,1,17
51683,Severe Ice Storm,0,1,17
51685,Severe Storm,0,1,17
51685,Fire,0,1,17
51685,Hurricane,0,1,17
51685,Winter Storm,0,1,17
51685,Flood,0,1,17
51685,Tornado,0,1,17
51685,Tropical Storm,0,1,17
51685,Snowstorm,0,1,17
51685,Coastal Storm,0,1,17
51685,Severe Ice Storm,0,1,17
51690,Severe Storm,0,0,0
51690,Fire,0,0,0
51690,Hurricane,0,0,0
51690,Winter Storm,0,0,0
51690,Flood,0,0,0
51690,Tornado,0,0,0
51690,Tropical Storm,0,0,0
51690,Snowstorm,0,0,0
51690,Coastal Storm,0,0,0
51690,Severe Ice Storm,0,0,0
51700,Severe Storm,0,0,0
51700,Fire,0,0,0
51700,Hurricane,0,0,0
51700,Winter Storm,0,0,0
51700,Flood,0,0,0
51700,Tornado,0,0,0
51700,Tropical Storm,0,0,0
51700,Snowstorm,0,0,0
51700,Coastal Storm,0,0,0
51700,Severe Ice Storm,0,0,0
51710,Severe Storm,0,1,1
51710,Fire,0,1,1
51710,Hurricane,0,1,1
51710,Winter Storm,0,1,1
51710,Flood,0,1,1
51710,Tornado,0,1,1
51710,Tropical Storm,0,1,1
51710,Snowstorm,0,1,1
51710,Coastal Storm,0,1,1
51710,Severe Ice Storm,0,1,1
51720,Severe Storm,0,0,0
51720,Fire,0,0,0
51720,Hurricane,0,0,0
51720,Winter Storm,0,0,0
51720,Flood,0,0,0
51720,Tornado,0,0,0
51720,Tropical Storm,2,0,0
51720,Snowstorm,0,0,0
51720,Coastal Storm,0,0,0
51720,Severe Ice Storm,0,0,0
51730,Severe Storm,0,0,0
51730,Fire,0,0,0
51730,Hurricane,0,0,0
51730,Winter Storm,0,0,0
51730,Flood,0,0,0
51730,Tornado,0,0,0
51730,Tropical Storm,0,0,0
51730,Snowstorm,0,0,0
51730,Coastal Storm,0,0,0
51730,Severe Ice Storm,0,0,0
51735,Severe Storm,0,0,0
51735,Fire,0,0,0
51735,Hurricane,0,0,0
51735,Winter Storm,0,0,0
51735,Flood,0,0,0
51735,Tornado,0,0,0
51735,Tropical Storm,0,0,0
51735,Snowstorm,0,0,0
51735,Coastal Storm,0,0,0
51735,Severe Ice Storm,0,0,0
51740,Severe Storm,0,0,0
51740,Fire,0,0,0
51740,Hurricane,0,0,0
51740,Winter Storm,0,0,0
51740,Flood,0,0,0
51740,Tornado,0,0,0
51740,Tropical Storm,0,0,0
51740,Snowstorm,0,0,0
51740,Coastal Storm,0,0,0
51740,Severe Ice Storm,0,0,0
51750,Severe Storm,0,0,0
51750,Fire,0,0,0
51750,Hurricane,0,0,0
51750,Winter Storm,0,0,0
51750,Flood,0,0,0
51750,Tornado,0,0,0
51750,Tropical Storm,2,0,0
51750,Snowstorm,0,0,0
51750,Coastal Storm,0,0,0
51750,Severe Ice Storm,0,0,0
51760,Severe Storm,0,1,4
51760,Fire,0,1,4
51760,Hurricane,0,1,4
51760,Winter Storm,0,1,4
51760,Flood,0,1,4
51760,Tornado,0,1,4
51760,Tropical Storm,0,1,4
51760,Snowstorm,0,1,4
51760,Coastal Storm,0,1,4
51760,Severe Ice Storm,0,1,4
51770,Severe Storm,0,1,1
51770,Fire,0,1,1
51770,Hurricane,0,1,1
51770,Winter Storm,0,1,1
51770,Flood,0,1,1
51770,Tornado,0,1,1
51770,Tropical Storm,1,1,1
51770,Snowstorm,0,1,1
51770,Coastal Storm,0,1,1
51770,Severe Ice Storm,0,1,1
51775,Severe Storm,0,1,1
51775,Fire,0,1,1
51775,Hurricane,0,1,1
51775,Winter Storm,0,1,1
51775,Flood,0,1,1
51775,Tornado,0,1,1
51775,Tropical Storm,0,1,1
51775,Snowstorm,0,1,1
51775,Coastal Storm,0,1,1
51775,Severe Ice Storm,0,1,1
51790,Severe Storm,0,0,0
51790,Fire,0,0,0
51790,Hurricane,0,0,0
51790,Winter Storm,0,0,0
51790,Flood,0,0,0
51790,Tornado,0,0,0
51790,Tropical Storm,0,0,0
51790,Snowstorm,0,0,0
51790,Coastal Storm,0,0,0
51790,Severe Ice Storm,0,0,0
51800,Severe Storm,0,0,0
51800,Fire,0,0,0
51800,Hurricane,0,0,0
51800,Winter Storm,0,0,0
51800,Flood,0,0,0
51800,Tornado,0,0,0
51800,Tropical Storm,0,0,0
51800,Snowstorm,0,0,0
51800,Coastal Storm,0,0,0
51800,Severe Ice Storm,0,0,0
51810,Severe Storm,0,1,1
51810,Fire,0,1,1
51810,Hurricane,0,1,1
51810,Winter Storm,0,1,1
51810,Flood,0,1,1
51810,Tornado,0,1,1
51810,Tropical Storm,0,1,1
51810,Snowstorm,0,1,1
51810,Coastal Storm,0,1,1
51810,Severe Ice Storm,0,1,1
51820,Severe Storm,0,0,0
51820,Fire,0,0,0
51820,Hurricane,0,0,0
51820,Winter Storm,0,0,0
51820,Flood,0,0,0
51820,Tornado,0,0,0
51820,Tropical Storm,0,0,0
51820,Snowstorm,0,0,0
51820,Coastal Storm,0,0,0
51820,Severe Ice Storm,0,0,0
51830,Severe Storm,0,0,0
51830,Fire,0,0,0
51830,Hurricane,0,0,0
51830,Winter Storm,0,0,0
51830,Flood,0,0,0
51830,Tornado,0,0,0
51830,Tropical Storm,0,0,0
51830,Snowstorm,0,0,0
51830,Coastal Storm,0,0,0
51830,Severe Ice Storm,0,0,0
51840,Severe Storm,0,0,0
51840,Fire,0,0,0
51840,Hurricane,0,0,0
51840,Winter Storm,0,0,0
51840,Flood,0,0,0
51840,Tornado,0,0,0
51840,Tropical Storm,0,0,0
51840,Snowstorm,0,0,0
51840,Coastal Storm,0,0,0
51840,Severe Ice Storm,0,0,0
53001,Severe Storm,0,0,0
53001,Fire,1,0,0
53001,Hurricane,0,0,0
53001,Winter Storm,0,0,0
53001,Flood,0,0,0
53001,Tornado,0,0,0
53001,Tropical Storm,0,0,0
53001,Snowstorm,0,0,0
53001,Coastal Storm,0,0,0
53001,Severe Ice Storm,0,0,0
53003,Severe Storm,0,0,0
53003,Fire,0,0,0
53003,Hurricane,0,0,0
53003,Winter Storm,0,0,0
53003,Flood,0,0,0
53003,Tornado,0,0,0
53003,Tropical Storm,0,0,0
53003,Snowstorm,0,0,0
53003,Coastal Storm,0,0,0
53003,Severe Ice Storm,0,0,0
53005,Severe Storm,0,1,1
53005,Fire,0,1,1
53005,Hurricane,0,1,1
53005,Winter Storm,0,1,1
53005,Flood,0,1,1
53005,Tornado,0,1,1
53005,Tropical Storm,0,1,1
53005,Snowstorm,0,1,1
53005,Coastal Storm,0,1,1
53005,Severe Ice Storm,0,1,1
53007,Severe Storm,0,1,1
53007,Fire,3,1,1
53007,Hurricane,0,1,1
53007,Winter Storm,0,1,1
53007,Flood,1,1,1
53007,Tornado,0,1,1
53007,Tropical Storm,0,1,1
53007,Snowstorm,0,1,1
53007,Coastal Storm,0,1,1
53007,Severe Ice Storm,0,1,1
53009,Severe Storm,4,0,0
53009,Fire,0,0,0
53009,Hurricane,0,0,0
53009,Winter Storm,0,0,0
53009,Flood,2,0,0
53009,Tornado,0,0,0
53009,Tropical Storm,0,0,0
53009,Snowstorm,0,0,0
53009,Coastal Storm,0,0,0
53009,Severe Ice Storm,0,0,0
53011,Severe Storm,1,0,0
53011,Fire,1,0,0
53011,Hurricane,0,0,0
53011,Winter Storm,0,0,0
53011,Flood,0,0,0
53011,Tornado,0,0,0
53011,Tropical Storm,0,0,0
53011,Snowstorm,0,0,0
53011,Coastal Storm,0,0,0
53011,Severe Ice Storm,0,0,0
53013,Severe Storm,1,0,0
53013,Fire,0,0,0
53013,Hurricane,0,0,0
53013,Winter Storm,0,0,0
53013,Flood,1,0,0
53013,Tornado,0,0,0
53013,Tropical Storm,0,0,0
53013,Snowstorm,0,0,0
53013,Coastal Storm,0,0,0
53013,Severe Ice Storm,0,0,0
53015,Severe Storm,2,0,0
53015,Fire,0,0,0
53015,Hurricane,0,0,0
53015,Winter Storm,0,0,0
53015,Flood,1,0,0
53015,Tornado,0,0,0
53015,Tropical Storm,0,0,0
53015,Snowstorm,0,0,0
53015,Coastal Storm,0,0,0
53015,Severe Ice Storm,0,0,0
53017,Severe Storm,0,1,4
53017,Fire,3,1,4
53017,Hurricane,0,1,4
53017,Winter Storm,0,1,4
53017,Flood,0,1,4
53017,Tornado,0,1,4
53017,Tropical Storm,0,1,4
53017,Snowstorm,0,1,4
53017,Coastal Storm,0,1,4
53017,Severe Ice Storm,0,1,4
53019,Severe Storm,1,0,0
53019,Fire,2,0,0
53019,Hurricane,0,0,0
53019,Winter Storm,0,0,0
53019,Flood,0,0,0
53019,Tornado,0,0,0
53019,Tropical Storm,0,0,0
53019,Snowstorm,0,0,0
53019,Coastal Storm,0,0,0
53019,Severe Ice Storm,0,0,0
53021,Severe Storm,0,0,0
53021,Fire,1,0,0
53021,Hurricane,0,0,0
53021,Winter Storm,0,0,0
53021,Flood,1,0,0
53021,Tornado,0,0,0
53021,Tropical Storm,0,0,0
53021,Snowstorm,0,0,0
53021,Coastal Storm,0,0,0
53021,Severe Ice Storm,0,0,0
53023,Severe Storm,0,0,0
53023,Fire,0,0,0
53023,Hurricane,0,0,0
53023,Winter Storm,0,0,0
53023,Flood,1,0,0
53023,Tornado,0,0,0
53023,Tropical Storm,0,0,0
53023,Snowstorm,0,0,0
53023,Coastal Storm,0,0,0
53023,Severe Ice Storm,0,0,0
53025,Severe Storm,0,1,4
53025,Fire,1,1,4
53025,Hurricane,0,1,4
53025,Winter Storm,0,1,4
53025,Flood,0,1,4
53025,Tornado,0,1,4
53025,Tropical Storm,0,1,4
53025,Snowstorm,0,1,4
53025,Coastal Storm,0,1,4
53025,Severe Ice Storm,0,1,4
53027,Severe Storm,3,0,0
53027,Fire,0,0,0
53027,Hurricane,0,0,0
53027,Winter Storm,0,0,0
53027,Flood,2,0,0
53027,Tornado,0,0,0
53027,Tropical Storm,0,0,0
53027,Snowstorm,0,0,0
53027,Coastal Storm,0,0,0
53027,Severe Ice Storm,0,0,0
53029,Severe Storm,4,0,0
53029,Fire,0,0,0
53029,Hurricane,0,0,0
53029,Winter Storm,0,0,0
53029,Flood,2,0,0
53029,Tornado,0,0,0
53029,Tropical Storm,0,0,0
53029,Snowstorm,0,0,0
53029,Coastal Storm,0,0,0
53029,Severe Ice Storm,0,0,0
53031,Severe Storm,4,1,1
53031,Fire,0,1,1
53031,Hurricane,0,1,1
53031,Winter Storm,0,1,1
53031,Flood,2,1,1
53031,Tornado,0,1,1
53031,Tropical Storm,0,1,1
53031,Snowstorm,0,1,1
53031,Coastal Storm,0,1,1
53031,Severe Ice Storm,0,1,1
53033,Severe Storm,1,1,7
53033,Fire,1,1,7
53033,Hurricane,0,1,7
53033,Winter Storm,0,1,7
53033,Flood,1,1,7
53033,Tornado,0,1,7
53033,Tropical Storm,0,1,7
53033,Snowstorm,0,1,7
53033,Coastal Storm,0,1,7
53033,Severe Ice Storm,0,1,7
53035,Severe Storm,0,0,0
53035,Fire,0,0,0
53035,Hurricane,0,0,0
53035,Winter Storm,0,0,0
53035,Flood,0,0,0
53035,Tornado,0,0,0
53035,Tropical Storm,0,0,0
53035,Snowstorm,0,0,0
53035,Coastal Storm,0,0,0
53035,Severe Ice Storm,0,0,0
53037,Severe Storm,0,1,1
53037,Fire,1,1,1
53037,Hurricane,0,1,1
53037,Winter Storm,0,1,1
53037,Flood,0,1,1
53037,Tornado,0,1,1
53037,Tropical Storm,0,1,1
53037,Snowstorm,0,1,1
53037,Coastal Storm,0,1,1
53037,Severe Ice Storm,0,1,1
53039,Severe Storm,2,0,0
53039,Fire,1,0,0
53039,Hurricane,0,0,0
53039,Winter Storm,0,0,0
53039,Flood,1,0,0
53039,Tornado,0,0,0
53039,Tropical Storm,0,0,0
53039,Snowstorm,0,0,0
53039,Coastal Storm,0,0,0
53039,Severe Ice Storm,0,0,0
53041,Severe Storm,3,0,0
53041,Fire,0,0,0
53041,Hurricane,0,0,0
53041,Winter Storm,0,0,0
53041,Flood,3,0,0
53041,Tornado,0,0,0
53041,Tropical Storm,0,0,0
53041,Snowstorm,0,0,0
53041,Coastal Storm,0,0,0
53041,Severe Ice Storm,0,0,0
53043,Severe Storm,0,0,0
53043,Fire,1,0,0
53043,Hurricane,0,0,0
53043,Winter Storm,0,0,0
53043,Flood,0,0,0
53043,Tornado,0,0,0
53043,Tropical Storm,0,0,0
53043,Snowstorm,0,0,0
53043,Coastal Storm,0,0,0
53043,Severe Ice Storm,0,0,0
53045,Severe Storm,3,0,0
53045,Fire,1,0,0
53045,Hurricane,0,0,0
53045,Winter Storm,0,0,0
53045,Flood,2,0,0
53045,Tornado,0,0,0
53045,Tropical Storm,0,0,0
53045,Snowstorm,0,0,0
53045,Coastal Storm,0,0,0
53045,Severe Ice Storm,0,0,0
53047,Severe Storm,3,0,0
53047,Fire,8,0,0
53047,Hurricane,0,0,0
53047,Winter Storm,0,0,0
53047,Flood,1,0,0
53047,Tornado,0,0,0
53047,Tropical Storm,0,0,0
53047,Snowstorm,0,0,0
53047,Coastal Storm,0,0,0
53047,Severe Ice Storm,0,0,0
53049,Severe Storm,3,0,0
53049,Fire,0,0,0
53049,Hurricane,0,0,0
53049,Winter Storm,0,0,0
53049,Flood,2,0,0
53049,Tornado,0,0,0
53049,Tropical Storm,0,0,0
53049,Snowstorm,0,0,0
53049,Coastal Storm,0,0,0
53049,Severe Ice Storm,0,0,0
53051,Severe Storm,1,0,0
53051,Fire,1,0,0
53051,Hurricane,0,0,0
53051,Winter Storm,0,0,0
53051,Flood,0,0,0
53051,Tornado,0,0,0
53051,Tropical Storm,0,0,0
53051,Snowstorm,0,0,0
53051,Coastal Storm,0,0,0
53051,Severe Ice Storm,0,0,0
53053,Severe Storm,0,0,0
53053,Fire,1,0,0
53053,Hurricane,0,0,0
53053,Winter Storm,0,0,0
53053,Flood,0,0,0
53053,Tornado,0,0,0
53053,Tropical Storm,0,0,0
53053,Snowstorm,0,0,0
53053,Coastal Storm,0,0,0
53053,Severe Ice Storm,0,0,0
53055,Severe Storm,0,0,0
53055,Fire,0,0,0
53055,Hurricane,0,0,0
53055,Winter Storm,0,0,0
53055,Flood,2,0,0
53055,Tornado,0,0,0
53055,Tropical Storm,0,0,0
53055,Snowstorm,0,0,0
53055,Coastal Storm,0,0,0
53055,Severe Ice Storm,0,0,0
53057,Severe Storm,3,0,0
53057,Fire,0,0,0
53057,Hurricane,0,0,0
53057,Winter Storm,0,0,0
53057,Flood,3,0,0
53057,Tornado,0,0,0
53057,Tropical Storm,0,0,0
53057,Snowstorm,0,0,0
53057,Coastal Storm,0,0,0
53057,Severe Ice Storm,0,0,0
53059,Severe Storm,3,0,0
53059,Fire,3,0,0
53059,Hurricane,0,0,0
53059,Winter Storm,0,0,0
53059,Flood,1,0,0
53059,Tornado,0,0,0
53059,Tropical Storm,0,0,0
53059,Snowstorm,0,0,0
53059,Coastal Storm,0,0,0
53059,Severe Ice Storm,0,0,0
53061,Severe Storm,3,1,2
53061,Fire,1,1,2
53061,Hurricane,0,1,2
53061,Winter Storm,0,1,2
53061,Flood,1,1,2
53061,Tornado,0,1,2
53061,Tropical Storm,0,1,2
53061,Snowstorm,0,1,2
53061,Coastal Storm,0,1,2
53061,Severe Ice Storm,0,1,2
53063,Severe Storm,1,1,1
53063,Fire,5,1,1
53063,Hurricane,0,1,1
53063,Winter Storm,0,1,1
53063,Flood,0,1,1
53063,Tornado,0,1,1
53063,Tropical Storm,0,1,1
53063,Snowstorm,0,1,1
53063,Coastal Storm,0,1,1
53063,Severe Ice Storm,0,1,1
53065,Severe Storm,0,0,0
53065,Fire,1,0,0
53065,Hurricane,0,0,0
53065,Winter Storm,0,0,0
53065,Flood,0,0,0
53065,Tornado,0,0,0
53065,Tropical Storm,0,0,0
53065,Snowstorm,0,0,0
53065,Coastal Storm,0,0,0
53065,Severe Ice Storm,0,0,0
53067,Severe Storm,0,0,0
53067,Fire,1,0,0
53067,Hurricane,0,0,0
53067,Winter Storm,0,0,0
53067,Flood,2,0,0
53067,Tornado,0,0,0
53067,Tropical Storm,0,0,0
53067,Snowstorm,0,0,0
53067,Coastal Storm,0,0,0
53067,Severe Ice Storm,0,0,0
53069,Severe Storm,3,0,0
53069,Fire,0,0,0
53069,Hurricane,0,0,0
53069,Winter Storm,0,0,0
53069,Flood,2,0,0
53069,Tornado,0,0,0
53069,Tropical Storm,0,0,0
53069,Snowstorm,0,0,0
53069,Coastal Storm,0,0,0
53069,Severe Ice Storm,0,0,0
53071,Severe Storm,0,0,0
53071,Fire,0,0,0
53071,Hurricane,0,0,0
53071,Winter Storm,0,0,0
53071,Flood,1,0,0
53071,Tornado,0,0,0
53071,Tropical Storm,0,0,0
53071,Snowstorm,0,0,0
53071,Coastal Storm,0,0,0
53071,Severe Ice Storm,0,0,0
53073,Severe Storm,1,0,0
53073,Fire,0,0,0
53073,Hurricane,0,0,0
53073,Winter Storm,0,0,0
53073,Flood,2,0,0
53073,Tornado,0,0,0
53073,Tropical Storm,0,0,0
53073,Snowstorm,0,0,0
53073,Coastal Storm,0,0,0
53073,Severe Ice Storm,0,0,0
53075,Severe Storm,0,0,0
53075,Fire,3,0,0
53075,Hurricane,0,0,0
53075,Winter Storm,0,0,0
53075,Flood,0,0,0
53075,Tornado,0,0,0
53075,Tropical Storm,0,0,0
53075,Snowstorm,0,0,0
53075,Coastal Storm,0,0,0
53075,Severe Ice Storm,0,0,0
53077,Severe Storm,0,0,0
53077,Fire,7,0,0
53077,Hurricane,0,0,0
53077,Winter Storm,0,0,0
53077,Flood,0,0,0
53077,Tornado,0,0,0
53077,Tropical Storm,0,0,0
53077,Snowstorm,0,0,0
53077,Coastal Storm,0,0,0
53077,Severe Ice Storm,0,0,0
54001,Severe Storm,0,0,0
54001,Fire,0,0,0
54001,Hurricane,0,0,0
54001,Winter Storm,0,0,0
54001,Flood,0,0,0
54001,Tornado,0,0,0
54001,Tropical Storm,0,0,0
54001,Snowstorm,0,0,0
54001,Coastal Storm,0,0,0
54001,Severe Ice Storm,0,0,0
54003,Severe Storm,0,0,0
54003,Fire,0,0,0
54003,Hurricane,0,0,0
54003,Winter Storm,0,0,0
54003,Flood,0,0,0
54003,Tornado,0,0,0
54003,Tropical Storm,0,0,0
54003,Snowstorm,0,0,0
54003,Coastal Storm,0,0,0
54003,Severe Ice Storm,0,0,0
54005,Severe Storm,1,0,0
54005,Fire,0,0,0
54005,Hurricane,0,0,0
54005,Winter Storm,0,0,0
54005,Flood,3,0,0
54005,Tornado,0,0,0
54005,Tropical Storm,0,0,0
54005,Snowstorm,0,0,0
54005,Coastal Storm,0,0,0
54005,Severe Ice Storm,0,0,0
54007,Severe Storm,0,0,0
54007,Fire,0,0,0
54007,Hurricane,0,0,0
54007,Winter Storm,0,0,0
54007,Flood,0,0,0
54007,Tornado,0,0,0
54007,Tropical Storm,0,0,0
54007,Snowstorm,0,0,0
54007,Coastal Storm,0,0,0
54007,Severe Ice Storm,0,0,0
54009,Severe Storm,1,0,0
54009,Fire,0,0,0
54009,Hurricane,0,0,0
54009,Winter Storm,0,0,0
54009,Flood,1,0,0
54009,Tornado,0,0,0
54009,Tropical Storm,0,0,0
54009,Snowstorm,0,0,0
54009,Coastal Storm,0,0,0
54009,Severe Ice Storm,0,0,0
54011,Severe Storm,1,1,1
54011,Fire,0,1,1
54011,Hurricane,0,1,1
54011,Winter Storm,0,1,1
54011,Flood,1,1,1
54011,Tornado,0,1,1
54011,Tropical Storm,0,1,1
54011,Snowstorm,0,1,1
54011,Coastal Storm,0,1,1
54011,Severe Ice Storm,1,1,1
54013,Severe Storm,0,0,0
54013,Fire,0,0,0
54013,Hurricane,0,0,0
54013,Winter Storm,0,0,0
54013,Flood,1,0,0
54013,Tornado,0,0,0
54013,Tropical Storm,0,0,0
54013,Snowstorm,0,0,0
54013,Coastal Storm,0,0,0
54013,Severe Ice Storm,0,0,0
54015,Severe Storm,0,0,0
54015,Fire,0,0,0
54015,Hurricane,0,0,0
54015,Winter Storm,0,0,0
54015,Flood,1,0,0
54015,Tornado,0,0,0
54015,Tropical Storm,0,0,0
54015,Snowstorm,0,0,0
54015,Coastal Storm,0,0,0
54015,Severe Ice Storm,0,0,0
54017,Severe Storm,0,0,0
54017,Fire,0,0,0
54017,Hurricane,0,0,0
54017,Winter Storm,0,0,0
54017,Flood,1,0,0
54017,Tornado,0,0,0
54017,Tropical Storm,0,0,0
54017,Snowstorm,0,0,0
54017,Coastal Storm,0,0,0
54017,Severe Ice Storm,0,0,0
54019,Severe Storm,2,0,0
54019,Fire,0,0,0
54019,Hurricane,0,0,0
54019,Winter Storm,0,0,0
54019,Flood,0,0,0
54019,Tornado,0,0,0
54019,Tropical Storm,0,0,0
54019,Snowstorm,0,0,0
54019,Coastal Storm,0,0,0
54019,Severe Ice Storm,0,0,0
54021,Severe Storm,0,0,0
54021,Fire,0,0,0
54021,Hurricane,0,0,0
54021,Winter Storm,0,0,0
54021,Flood,1,0,0
54021,Tornado,0,0,0
54021,Tropical Storm,0,0,0
54021,Snowstorm,0,0,0
54021,Coastal Storm,0,0,0
54021,Severe Ice Storm,0,0,0
54023,Severe Storm,0,0,0
54023,Fire,0,0,0
54023,Hurricane,0,0,0
54023,Winter Storm,0,0,0
54023,Flood,1,0,0
54023,Tornado,0,0,0
54023,Tropical Storm,0,0,0
54023,Snowstorm,0,0,0
54023,Coastal Storm,0,0,0
54023,Severe Ice Storm,0,0,0
54025,Severe Storm,0,0,0
54025,Fire,0,0,0
54025,Hurricane,0,0,0
54025,Winter Storm,0,0,0
54025,Flood,0,0,0
54025,Tornado,0,0,0
54025,Tropical Storm,0,0,0
54025,Snowstorm,0,0,0
54025,Coastal Storm,0,0,0
54025,Severe Ice Storm,0,0,0
54027,Severe Storm,0,0,0
54027,Fire,0,0,0
54027,Hurricane,0,0,0
54027,Winter Storm,0,0,0
54027,Flood,0,0,0
54027,Tornado,0,0,0
54027,Tropical Storm,0,0,0
54027,Snowstorm,0,0,0
54027,Coastal Storm,0,0,0
54027,Severe Ice Storm,0,0,0
54029,Severe Storm,1,0,0
54029,Fire,0,0,0
54029,Hurricane,0,0,0
54029,Winter Storm,0,0,0
54029,Flood,1,0,0
54029,Tornado,0,0,0
54029,Tropical Storm,0,0,0
54029,Snowstorm,0,0,0
54029,Coastal Storm,0,0,0
54029,Severe Ice Storm,0,0,0
54031,Severe Storm,0,0,0
54031,Fire,0,0,0
54031,Hurricane,0,0,0
54031,Winter Storm,0,0,0
54031,Flood,0,0,0
54031,Tornado,0,0,0
54031,Tropical Storm,0,0,0
54031,Snowstorm,0,0,0
54031,Coastal Storm,0,0,0
54031,Severe Ice Storm,0,0,0
54033,Severe Storm,0,0,0
54033,Fire,0,0,0
54033,Hurricane,0,0,0
54033,Winter Storm,0,0,0
54033,Flood,1,0,0
54033,Tornado,0,0,0
54033,Tropical Storm,0,0,0
54033,Snowstorm,0,0,0
54033,Coastal Storm,0,0,0
54033,Severe Ice Storm,0,0,0
54035,Severe Storm,0,0,0
54035,Fire,0,0,0
54035,Hurricane,0,0,0
54035,Winter Storm,0,0,0
54035,Flood,0,0,0
54035,Tornado,0,0,0
54035,Tropical Storm,0,0,0
54035,Snowstorm,0,0,0
54035,Coastal Storm,0,0,0
54035,Severe Ice Storm,0,0,0
54037,Severe Storm,0,1,1
54037,Fire,0,1,1
54037,Hurricane,0,1,1
54037,Winter Storm,0,1,1
54037,Flood,0,1,1
54037,Tornado,0,1,1
54037,Tropical Storm,0,1,1
54037,Snowstorm,0,1,1
54037,Coastal Storm,0,1,1
54037,Severe Ice Storm,0,1,1
54039,Severe Storm,1,0,0
54039,Fire,0,0,0
54039,Hurricane,0,0,0
54039,Winter Storm,0,0,0
54039,Flood,3,0,0
54039,Tornado,0,0,0
54039,Tropical Storm,0,0,0
54039,Snowstorm,0,0,0
54039,Coastal Storm,0,0,0
54039,Severe Ice Storm,0,0,0
54041,Severe Storm,0,0,0
54041,Fire,0,0,0
54041,Hurricane,0,0,0
54041,Winter Storm,0,0,0
54041,Flood,0,0,0
54041,Tornado,0,0,0
54041,Tropical Storm,0,0,0
54041,Snowstorm,0,0,0
54041,Coastal Storm,0,0,0
54041,Severe Ice Storm,0,0,0
54043,Severe Storm,1,0,0
54043,Fire,0,0,0
54043,Hurricane,0,0,0
54043,Winter Storm,0,0,0
54043,Flood,2,0,0
54043,Tornado,0,0,0
54043,Tropical Storm,0,0,0
54043,Snowstorm,0,0,0
54043,Coastal Storm,0,0,0
54043,Severe Ice Storm,1,0,0
54045,Severe Storm,0,1,1
54045,Fire,0,1,1
54045,Hurricane,0,1,1
54045,Winter Storm,0,1,1
54045,Flood,1,1,1
54045,Tornado,0,1,1
54045,Tropical Storm,0,1,1
54045,Snowstorm,0,1,1
54045,Coastal Storm,0,1,1
54045,Severe Ice Storm,0,1,1
54047,Severe Storm,0,0,0
54047,Fire,0,0,0
54047,Hurricane,0,0,0
54047,Winter Storm,0,0,0
54047,Flood,1,0,0
54047,Tornado,0,0,0
54047,Tropical Storm,0,0,0
54047,Snowstorm,0,0,0
54047,Coastal Storm,0,0,0
54047,Severe Ice Storm,0,0,0
54049,Severe Storm,0,0,0
54049,Fire,0,0,0
54049,Hurricane,0,0,0
54049,Winter Storm,0,0,0
54049,Flood,0,0,0
54049,Tornado,0,0,0
54049,Tropical Storm,0,0,0
54049,Snowstorm,0,0,0
54049,Coastal Storm,0,0,0
54049,Severe Ice Storm,0,0,0
54051,Severe Storm,1,0,0
54051,Fire,0,0,0
54051,Hurricane,0,0,0
54051,Winter Storm,0,0,0
54051,Flood,1,0,0
54051,Tornado,0,0,0
54051,Tropical Storm,0,0,0
54051,Snowstorm,0,0,0
54051,Coastal Storm,0,0,0
54051,Severe Ice Storm,0,0,0
54053,Severe Storm,0,1,1
54053,Fire,0,1,1
54053,Hurricane,0,1,1
54053,Winter Storm,0,1,1
54053,Flood,0,1,1
54053,Tornado,0,1,1
54053,Tropical Storm,0,1,1
54053,Snowstorm,0,1,1
54053,Coastal Storm,0,1,1
54053,Severe Ice Storm,1,1,1
54055,Severe Storm,0,0,0
54055,Fire,0,0,0
54055,Hurricane,0,0,0
54055,Winter Storm,0,0,0
54055,Flood,0,0,0
54055,Tornado,0,0,0
54055,Tropical Storm,1,0,0
54055,Snowstorm,0,0,0
54055,Coastal Storm,0,0,0
54055,Severe Ice Storm,0,0,0
54057,Severe Storm,0,0,0
54057,Fire,0,0,0
54057,Hurricane,0,0,0
54057,Winter Storm,0,0,0
54057,Flood,0,0,0
54057,Tornado,0,0,0
54057,Tropical Storm,0,0,0
54057,Snowstorm,0,0,0
54057,Coastal Storm,0,0,0
54057,Severe Ice Storm,0,0,0
54059,Severe Storm,0,1,1
54059,Fire,0,1,1
54059,Hurricane,0,1,1
54059,Winter Storm,0,1,1
54059,Flood,1,1,1
54059,Tornado,0,1,1
54059,Tropical Storm,0,1,1
54059,Snowstorm,0,1,1
54059,Coastal Storm,0,1,1
54059,Severe Ice Storm,0,1,1
54061,Severe Storm,0,1,1
54061,Fire,0,1,1
54061,Hurricane,0,1,1
54061,Winter Storm,0,1,1
54061,Flood,0,1,1
54061,Tornado,0,1,1
54061,Tropical Storm,0,1,1
54061,Snowstorm,0,1,1
54061,Coastal Storm,0,1,1
54061,Severe Ice Storm,0,1,1
54063,Severe Storm,0,0,0
54063,Fire,0,0,0
54063,Hurricane,0,0,0
54063,Winter Storm,0,0,0
54063,Flood,0,0,0
54063,Tornado,0,0,0
54063,Tropical Storm,0,0,0
54063,Snowstorm,0,0,0
54063,Coastal Storm,0,0,0
54063,Severe Ice Storm,0,0,0
54065,Severe Storm,0,0,0
54065,Fire,0,0,0
54065,Hurricane,0,0,0
54065,Winter Storm,0,0,0
54065,Flood,0,0,0
54065,Tornado,0,0,0
54065,Tropical Storm,0,0,0
54065,Snowstorm,0,0,0
54065,Coastal Storm,0,0,0
54065,Severe Ice Storm,0,0,0
54067,Severe Storm,1,0,0
54067,Fire,0,0,0
54067,Hurricane,0,0,0
54067,Winter Storm,0,0,0
54067,Flood,0,0,0
54067,Tornado,0,0,0
54067,Tropical Storm,0,0,0
54067,Snowstorm,0,0,0
54067,Coastal Storm,0,0,0
54067,Severe Ice Storm,0,0,0
54069,Severe Storm,1,0,0
54069,Fire,0,0,0
54069,Hurricane,0,0,0
54069,Winter Storm,0,0,0
54069,Flood,1,0,0
54069,Tornado,0,0,0
54069,Tropical Storm,0,0,0
54069,Snowstorm,0,0,0
54069,Coastal Storm,0,0,0
54069,Severe Ice Storm,0,0,0
54071,Severe Storm,0,0,0
54071,Fire,0,0,0
54071,Hurricane,0,0,0
54071,Winter Storm,0,0,0
54071,Flood,1,0,0
54071,Tornado,0,0,0
54071,Tropical Storm,0,0,0
54071,Snowstorm,0,0,0
54071,Coastal Storm,0,0,0
54071,Severe Ice Storm,0,0,0
54073,Severe Storm,0,0,0
54073,Fire,0,0,0
54073,Hurricane,0,0,0
54073,Winter Storm,0,0,0
54073,Flood,0,0,0
54073,Tornado,0,0,0
54073,Tropical Storm,0,0,0
54073,Snowstorm,0,0,0
54073,Coastal Storm,0,0,0
54073,Severe Ice Storm,0,0,0
54075,Severe Storm,0,0,0
54075,Fire,0,0,0
54075,Hurricane,0,0,0
54075,Winter Storm,0,0,0
54075,Flood,0,0,0
54075,Tornado,0,0,0
54075,Tropical Storm,0,0,0
54075,Snowstorm,0,0,0
54075,Coastal Storm,0,0,0
54075,Severe Ice Storm,0,0,0
54077,Severe Storm,1,0,0
54077,Fire,0,0,0
54077,Hurricane,0,0,0
54077,Winter Storm,0,0,0
54077,Flood,1,0,0
54077,Tornado,0,0,0
54077,Tropical Storm,0,0,0
54077,Snowstorm,0,0,0
54077,Coastal Storm,0,0,0
54077,Severe Ice Storm,0,0,0
54079,Severe Storm,1,0,0
54079,Fire,0,0,0
54079,Hurricane,0,0,0
54079,Winter Storm,0,0,0
54079,Flood,0,0,0
54079,Tornado,0,0,0
54079,Tropical Storm,0,0,0
54079,Snowstorm,0,0,0
54079,Coastal Storm,0,0,0
54079,Severe Ice Storm,1,0,0
54081,Severe Storm,0,0,0
54081,Fire,0,0,0
54081,Hurricane,0,0,0
54081,Winter Storm,0,0,0
54081,Flood,0,0,0
54081,Tornado,0,0,0
54081,Tropical Storm,0,0,0
54081,Snowstorm,0,0,0
54081,Coastal Storm,0,0,0
54081,Severe Ice Storm,0,0,0
54083,Severe Storm,0,0,0
54083,Fire,0,0,0
54083,Hurricane,0,0,0
54083,Winter Storm,0,0,0
54083,Flood,1,0,0
54083,Tornado,0,0,0
54083,Tropical Storm,0,0,0
54083,Snowstorm,0,0,0
54083,Coastal Storm,0,0,0
54083,Severe Ice Storm,0,0,0
54085,Severe Storm,0,0,0
54085,Fire,0,0,0
54085,Hurricane,0,0,0
54085,Winter Storm,0,0,0
54085,Flood,0,0,0
54085,Tornado,0,0,0
54085,Tropical Storm,0,0,0
54085,Snowstorm,0,0,0
54085,Coastal Storm,0,0,0
54085,Severe Ice Storm,0,0,0
54087,Severe Storm,0,0,0
54087,Fire,0,0,0
54087,Hurricane,0,0,0
54087,Winter Storm,0,0,0
54087,Flood,2,0,0
54087,Tornado,0,0,0
54087,Tropical Storm,0,0,0
54087,Snowstorm,0,0,0
54087,Coastal Storm,0,0,0
54087,Severe Ice Storm,0,0,0
54089,Severe Storm,0,0,0
54089,Fire,0,0,0
54089,Hurricane,0,0,0
54089,Winter Storm,0,0,0
54089,Flood,0,0,0
54089,Tornado,0,0,0
54089,Tropical Storm,0,0,0
54089,Snowstorm,0,0,0
54089,Coastal Storm,0,0,0
54089,Severe Ice Storm,0,0,0
54091,Severe Storm,0,0,0
54091,Fire,0,0,0
54091,Hurricane,0,0,0
54091,Winter Storm,0,0,0
54091,Flood,0,0,0
54091,Tornado,0,0,0
54091,Tropical Storm,0,0,0
54091,Snowstorm,0,0,0
54091,Coastal Storm,0,0,0
54091,Severe Ice Storm,0,0,0
54093,Severe Storm,0,1,1
54093,Fire,0,1,1
54093,Hurricane,0,1,1
54093,Winter Storm,0,1,1
54093,Flood,1,1,1
54093,Tornado,0,1,1
54093,Tropical Storm,0,1,1
54093,Snowstorm,0,1,1
54093,Coastal Storm,0,1,1
54093,Severe Ice Storm,0,1,1
54095,Severe Storm,1,0,0
54095,Fire,0,0,0
54095,Hurricane,0,0,0
54095,Winter Storm,0,0,0
54095,Flood,1,0,0
54095,Tornado,0,0,0
54095,Tropical Storm,0,0,0
54095,Snowstorm,0,0,0
54095,Coastal Storm,0,0,0
54095,Severe Ice Storm,0,0,0
54097,Severe Storm,0,0,0
54097,Fire,0,0,0
54097,Hurricane,0,0,0
54097,Winter Storm,0,0,0
54097,Flood,0,0,0
54097,Tornado,0,0,0
54097,Tropical Storm,0,0,0
54097,Snowstorm,0,0,0
54097,Coastal Storm,0,0,0
54097,Severe Ice Storm,0,0,0
54099,Severe Storm,1,1,1
54099,Fire,0,1,1
54099,Hurricane,0,1,1
54099,Winter Storm,0,1,1
54099,Flood,1,1,1
54099,Tornado,0,1,1
54099,Tropical Storm,0,1,1
54099,Snowstorm,0,1,1
54099,Coastal Storm,0,1,1
54099,Severe Ice Storm,1,1,1
54101,Severe Storm,0,0,0
54101,Fire,0,0,0
54101,Hurricane,0,0,0
54101,Winter Storm,0,0,0
54101,Flood,0,0,0
54101,Tornado,0,0,0
54101,Tropical Storm,0,0,0
54101,Snowstorm,0,0,0
54101,Coastal Storm,0,0,0
54101,Severe Ice Storm,0,0,0
54103,Severe Storm,1,0,0
54103,Fire,0,0,0
54103,Hurricane,0,0,0
54103,Winter Storm,0,0,0
54103,Flood,1,0,0
54103,Tornado,0,0,0
54103,Tropical Storm,0,0,0
54103,Snowstorm,0,0,0
54103,Coastal Storm,0,0,0
54103,Severe Ice Storm,0,0,0
54105,Severe Storm,0,0,0
54105,Fire,0,0,0
54105,Hurricane,0,0,0
54105,Winter Storm,0,0,0
54105,Flood,0,0,0
54105,Tornado,0,0,0
54105,Tropical Storm,0,0,0
54105,Snowstorm,0,0,0
54105,Coastal Storm,0,0,0
54105,Severe Ice Storm,0,0,0
54107,Severe Storm,0,0,0
54107,Fire,0,0,0
54107,Hurricane,0,0,0
54107,Winter Storm,0,0,0
54107,Flood,1,0,0
54107,Tornado,0,0,0
54107,Tropical Storm,0,0,0
54107,Snowstorm,0,0,0
54107,Coastal Storm,0,0,0
54107,Severe Ice Storm,0,0,0
54109,Severe Storm,0,0,0
54109,Fire,0,0,0
54109,Hurricane,0,0,0
54109,Winter Storm,0,0,0
54109,Flood,0,0,0
54109,Tornado,0,0,0
54109,Tropical Storm,0,0,0
54109,Snowstorm,0,0,0
54109,Coastal Storm,0,0,0
54109,Severe Ice Storm,0,0,0
55001,Severe Storm,0,0,0
55001,Fire,0,0,0
55001,Hurricane,0,0,0
55001,Winter Storm,0,0,0
55001,Flood,0,0,0
55001,Tornado,0,0,0
55001,Tropical Storm,0,0,0
55001,Snowstorm,0,0,0
55001,Coastal Storm,0,0,0
55001,Severe Ice Storm,0,0,0
55003,Severe Storm,0,0,0
55003,Fire,0,0,0
55003,Hurricane,0,0,0
55003,Winter Storm,0,0,0
55003,Flood,0,0,0
55003,Tornado,0,0,0
55003,Tropical Storm,0,0,0
55003,Snowstorm,0,0,0
55003,Coastal Storm,0,0,0
55003,Severe Ice Storm,0,0,0
55005,Severe Storm,0,0,0
55005,Fire,0,0,0
55005,Hurricane,0,0,0
55005,Winter Storm,0,0,0
55005,Flood,1,0,0
55005,Tornado,0,0,0
55005,Tropical Storm,0,0,0
55005,Snowstorm,0,0,0
55005,Coastal Storm,0,0,0
55005,Severe Ice Storm,0,0,0
55007,Severe Storm,0,0,0
55007,Fire,0,0,0
55007,Hurricane,0,0,0
55007,Winter Storm,0,0,0
55007,Flood,0,0,0
55007,Tornado,0,0,0
55007,Tropical Storm,0,0,0
55007,Snowstorm,0,0,0
55007,Coastal Storm,0,0,0
55007,Severe Ice Storm,0,0,0
55009,Severe Storm,0,0,0
55009,Fire,0,0,0
55009,Hurricane,0,0,0
55009,Winter Storm,0,0,0
55009,Flood,0,0,0
55009,Tornado,0,0,0
55009,Tropical Storm,0,0,0
55009,Snowstorm,0,0,0
55009,Coastal Storm,0,0,0
55009,Severe Ice Storm,0,0,0
55011,Severe Storm,0,0,0
55011,Fire,0,0,0
55011,Hurricane,0,0,0
55011,Winter Storm,0,0,0
55011,Flood,0,0,0
55011,Tornado,0,0,0
55011,Tropical Storm,0,0,0
55011,Snowstorm,0,0,0
55011,Coastal Storm,0,0,0
55011,Severe Ice Storm,0,0,0
55013,Severe Storm,0,0,0
55013,Fire,0,0,0
55013,Hurricane,0,0,0
55013,Winter Storm,0,0,0
55013,Flood,0,0,0
55013,Tornado,0,0,0
55013,Tropical Storm,0,0,0
55013,Snowstorm,0,0,0
55013,Coastal Storm,0,0,0
55013,Severe Ice Storm,0,0,0
55015,Severe Storm,0,0,0
55015,Fire,0,0,0
55015,Hurricane,0,0,0
55015,Winter Storm,0,0,0
55015,Flood,0,0,0
55015,Tornado,0,0,0
55015,Tropical Storm,0,0,0
55015,Snowstorm,0,0,0
55015,Coastal Storm,0,0,0
55015,Severe Ice Storm,0,0,0
55017,Severe Storm,0,0,0
55017,Fire,0,0,0
55017,Hurricane,0,0,0
55017,Winter Storm,0,0,0
55017,Flood,0,0,0
55017,Tornado,0,0,0
55017,Tropical Storm,0,0,0
55017,Snowstorm,0,0,0
55017,Coastal Storm,0,0,0
55017,Severe Ice Storm,0,0,0
55019,Severe Storm,0,0,0
55019,Fire,0,0,0
55019,Hurricane,0,0,0
55019,Winter Storm,0,0,0
55019,Flood,1,0,0
55019,Tornado,0,0,0
55019,Tropical Storm,0,0,0
55019,Snowstorm,0,0,0
55019,Coastal Storm,0,0,0
55019,Severe Ice Storm,0,0,0
55021,Severe Storm,0,1,2
55021,Fire,0,1,2
55021,Hurricane,0,1,2
55021,Winter Storm,0,1,2
55021,Flood,0,1,2
55021,Tornado,0,1,2
55021,Tropical Storm,0,1,2
55021,Snowstorm,0,1,2
55021,Coastal Storm,0,1,2
55021,Severe Ice Storm,0,1,2
55023,Severe Storm,0,0,0
55023,Fire,0,0,0
55023,Hurricane,0,0,0
55023,Winter Storm,0,0,0
55023,Flood,0,0,0
55023,Tornado,0,0,0
55023,Tropical Storm,0,0,0
55023,Snowstorm,0,0,0
55023,Coastal Storm,0,0,0
55023,Severe Ice Storm,0,0,0
55025,Severe Storm,0,1,2
55025,Fire,0,1,2
55025,Hurricane,0,1,2
55025,Winter Storm,0,1,2
55025,Flood,0,1,2
55025,Tornado,0,1,2
55025,Tropical Storm,0,1,2
55025,Snowstorm,0,1,2
55025,Coastal Storm,0,1,2
55025,Severe Ice Storm,0,1,2
55027,Severe Storm,0,1,1
55027,Fire,0,1,1
55027,Hurricane,0,1,1
55027,Winter Storm,0,1,1
55027,Flood,0,1,1
55027,Tornado,0,1,1
55027,Tropical Storm,0,1,1
55027,Snowstorm,0,1,1
55027,Coastal Storm,0,1,1
55027,Severe Ice Storm,0,1,1
55029,Severe Storm,0,0,0
55029,Fire,0,0,0
55029,Hurricane,0,0,0
55029,Winter Storm,0,0,0
55029,Flood,0,0,0
55029,Tornado,0,0,0
55029,Tropical Storm,0,0,0
55029,Snowstorm,0,0,0
55029,Coastal Storm,0,0,0
55029,Severe Ice Storm,0,0,0
55031,Severe Storm,0,0,0
55031,Fire,0,0,0
55031,Hurricane,0,0,0
55031,Winter Storm,0,0,0
55031,Flood,0,0,0
55031,Tornado,0,0,0
55031,Tropical Storm,0,0,0
55031,Snowstorm,0,0,0
55031,Coastal Storm,0,0,0
55031,Severe Ice Storm,0,0,0
55033,Severe Storm,0,1,1
55033,Fire,0,1,1
55033,Hurricane,0,1,1
55033,Winter Storm,0,1,1
55033,Flood,0,1,1
55033,Tornado,0,1,1
55033,Tropical Storm,0,1,1
55033,Snowstorm,0,1,1
55033,Coastal Storm,0,1,1
55033,Severe Ice Storm,0,1,1
55035,Severe Storm,0,0,0
55035,Fire,0,0,0
55035,Hurricane,0,0,0
55035,Winter Storm,0,0,0
55035,Flood,0,0,0
55035,Tornado,0,0,0
55035,Tropical Storm,0,0,0
55035,Snowstorm,0,0,0
55035,Coastal Storm,0,0,0
55035,Severe Ice Storm,0,0,0
55037,Severe Storm,0,0,0
55037,Fire,0,0,0
55037,Hurricane,0,0,0
55037,Winter Storm,0,0,0
55037,Flood,0,0,0
55037,Tornado,0,0,0
55037,Tropical Storm,0,0,0
55037,Snowstorm,0,0,0
55037,Coastal Storm,0,0,0
55037,Severe Ice Storm,0,0,0
55039,Severe Storm,0,0,0
55039,Fire,0,0,0
55039,Hurricane,0,0,0
55039,Winter Storm,0,0,0
55039,Flood,0,0,0
55039,Tornado,0,0,0
55039,Tropical Storm,0,0,0
55039,Snowstorm,0,0,0
55039,Coastal Storm,0,0,0
55039,Severe Ice Storm,0,0,0
55041,Severe Storm,0,0,0
55041,Fire,0,0,0
55041,Hurricane,0,0,0
55041,Winter Storm,0,0,0
55041,Flood,1,0,0
55041,Tornado,0,0,0
55041,Tropical Storm,0,0,0
55041,Snowstorm,0,0,0
55041,Coastal Storm,0,0,0
55041,Severe Ice Storm,0,0,0
55043,Severe Storm,0,0,0
55043,Fire,0,0,0
55043,Hurricane,0,0,0
55043,Winter Storm,0,0,0
55043,Flood,0,0,0
55043,Tornado,0,0,0
55043,Tropical Storm,0,0,0
55043,Snowstorm,0,0,0
55043,Coastal Storm,0,0,0
55043,Severe Ice Storm,0,0,0
55045,Severe Storm,0,0,0
55045,Fire,0,0,0
55045,Hurricane,0,0,0
55045,Winter Storm,0,0,0
55045,Flood,0,0,0
55045,Tornado,0,0,0
55045,Tropical Storm,0,0,0
55045,Snowstorm,0,0,0
55045,Coastal Storm,0,0,0
55045,Severe Ice Storm,0,0,0
55047,Severe Storm,0,0,0
55047,Fire,0,0,0
55047,Hurricane,0,0,0
55047,Winter Storm,0,0,0
55047,Flood,0,0,0
55047,Tornado,0,0,0
55047,Tropical Storm,0,0,0
55047,Snowstorm,0,0,0
55047,Coastal Storm,0,0,0
55047,Severe Ice Storm,0,0,0
55049,Severe Storm,0,0,0
55049,Fire,0,0,0
55049,Hurricane,0,0,0
55049,Winter Storm,0,0,0
55049,Flood,0,0,0
55049,Tornado,0,0,0
55049,Tropical Storm,0,0,0
55049,Snowstorm,0,0,0
55049,Coastal Storm,0,0,0
55049,Severe Ice Storm,0,0,0
55051,Severe Storm,0,0,0
55051,Fire,0,0,0
55051,Hurricane,0,0,0
55051,Winter Storm,0,0,0
55051,Flood,0,0,0
55051,Tornado,0,0,0
55051,Tropical Storm,0,0,0
55051,Snowstorm,0,0,0
55051,Coastal Storm,0,0,0
55051,Severe Ice Storm,0,0,0
55053,Severe Storm,0,0,0
55053,Fire,0,0,0
55053,Hurricane,0,0,0
55053,Winter Storm,0,0,0
55053,Flood,0,0,0
55053,Tornado,0,0,0
55053,Tropical Storm,0,0,0
55053,Snowstorm,0,0,0
55053,Coastal Storm,0,0,0
55053,Severe Ice Storm,0,0,0
55055,Severe Storm,0,1,1
55055,Fire,0,1,1
55055,Hurricane,0,1,1
55055,Winter Storm,0,1,1
55055,Flood,0,1,1
55055,Tornado,0,1,1
55055,Tropical Storm,0,1,1
55055,Snowstorm,0,1,1
55055,Coastal Storm,0,1,1
55055,Severe Ice Storm,0,1,1
55057,Severe Storm,0,0,0
55057,Fire,0,0,0
55057,Hurricane,0,0,0
55057,Winter Storm,0,0,0
55057,Flood,0,0,0
55057,Tornado,0,0,0
55057,Tropical Storm,0,0,0
55057,Snowstorm,0,0,0
55057,Coastal Storm,0,0,0
55057,Severe Ice Storm,0,0,0
55059,Severe Storm,0,1,3
55059,Fire,0,1,3
55059,Hurricane,0,1,3
55059,Winter Storm,0,1,3
55059,Flood,1,1,3
55059,Tornado,0,1,3
55059,Tropical Storm,0,1,3
55059,Snowstorm,0,1,3
55059,Coastal Storm,0,1,3
55059,Severe Ice Storm,0,1,3
55061,Severe Storm,0,0,0
55061,Fire,0,0,0
55061,Hurricane,0,0,0
55061,Winter Storm,0,0,0
55061,Flood,0,0,0
55061,Tornado,0,0,0
55061,Tropical Storm,0,0,0
55061,Snowstorm,0,0,0
55061,Coastal Storm,0,0,0
55061,Severe Ice Storm,0,0,0
55063,Severe Storm,0,0,0
55063,Fire,0,0,0
55063,Hurricane,0,0,0
55063,Winter Storm,0,0,0
55063,Flood,1,0,0
55063,Tornado,0,0,0
55063,Tropical Storm,0,0,0
55063,Snowstorm,0,0,0
55063,Coastal Storm,0,0,0
55063,Severe Ice Storm,0,0,0
55065,Severe Storm,0,0,0
55065,Fire,0,0,0
55065,Hurricane,0,0,0
55065,Winter Storm,0,0,0
55065,Flood,0,0,0
55065,Tornado,0,0,0
55065,Tropical Storm,0,0,0
55065,Snowstorm,0,0,0
55065,Coastal Storm,0,0,0
55065,Severe Ice Storm,0,0,0
55067,Severe Storm,0,0,0
55067,Fire,0,0,0
55067,Hurricane,0,0,0
55067,Winter Storm,0,0,0
55067,Flood,1,0,0
55067,Tornado,0,0,0
55067,Tropical Storm,0,0,0
55067,Snowstorm,0,0,0
55067,Coastal Storm,0,0,0
55067,Severe Ice Storm,0,0,0
55069,Severe Storm,0,0,0
55069,Fire,0,0,0
55069,Hurricane,0,0,0
55069,Winter Storm,0,0,0
55069,Flood,0,0,0
55069,Tornado,0,0,0
55069,Tropical Storm,0,0,0
55069,Snowstorm,0,0,0
55069,Coastal Storm,0,0,0
55069,Severe Ice Storm,0,0,0
55071,Severe Storm,0,0,0
55071,Fire,0,0,0
55071,Hurricane,0,0,0
55071,Winter Storm,0,0,0
55071,Flood,0,0,0
55071,Tornado,0,0,0
55071,Tropical Storm,0,0,0
55071,Snowstorm,0,0,0
55071,Coastal Storm,0,0,0
55071,Severe Ice Storm,0,0,0
55073,Severe Storm,0,0,0
55073,Fire,0,0,0
55073,Hurricane,0,0,0
55073,Winter Storm,0,0,0
55073,Flood,0,0,0
55073,Tornado,0,0,0
55073,Tropical Storm,0,0,0
55073,Snowstorm,0,0,0
55073,Coastal Storm,0,0,0
55073,Severe Ice Storm,0,0,0
55075,Severe Storm,0,0,0
55075,Fire,0,0,0
55075,Hurricane,0,0,0
55075,Winter Storm,0,0,0
55075,Flood,1,0,0
55075,Tornado,0,0,0
55075,Tropical Storm,0,0,0
55075,Snowstorm,0,0,0
55075,Coastal Storm,0,0,0
55075,Severe Ice Storm,0,0,0
55077,Severe Storm,0,0,0
55077,Fire,0,0,0
55077,Hurricane,0,0,0
55077,Winter Storm,0,0,0
55077,Flood,0,0,0
55077,Tornado,0,0,0
55077,Tropical Storm,0,0,0
55077,Snowstorm,0,0,0
55077,Coastal Storm,0,0,0
55077,Severe Ice Storm,0,0,0
55078,Severe Storm,0,0,0
55078,Fire,0,0,0
55078,Hurricane,0,0,0
55078,Winter Storm,0,0,0
55078,Flood,1,0,0
55078,Tornado,0,0,0
55078,Tropical Storm,0,0,0
55078,Snowstorm,0,0,0
55078,Coastal Storm,0,0,0
55078,Severe Ice Storm,0,0,0
55079,Severe Storm,0,1,1
55079,Fire,0,1,1
55079,Hurricane,0,1,1
55079,Winter Storm,0,1,1
55079,Flood,1,1,1
55079,Tornado,0,1,1
55079,Tropical Storm,0,1,1
55079,Snowstorm,0,1,1
55079,Coastal Storm,0,1,1
55079,Severe Ice Storm,0,1,1
55081,Severe Storm,0,0,0
55081,Fire,0,0,0
55081,Hurricane,0,0,0
55081,Winter Storm,0,0,0
55081,Flood,1,0,0
55081,Tornado,0,0,0
55081,Tropical Storm,0,0,0
55081,Snowstorm,0,0,0
55081,Coastal Storm,0,0,0
55081,Severe Ice Storm,0,0,0
55083,Severe Storm,0,0,0
55083,Fire,0,0,0
55083,Hurricane,0,0,0
55083,Winter Storm,0,0,0
55083,Flood,1,0,0
55083,Tornado,0,0,0
55083,Tropical Storm,0,0,0
55083,Snowstorm,0,0,0
55083,Coastal Storm,0,0,0
55083,Severe Ice Storm,0,0,0
55085,Severe Storm,0,0,0
55085,Fire,0,0,0
55085,Hurricane,0,0,0
55085,Winter Storm,0,0,0
55085,Flood,1,0,0
55085,Tornado,0,0,0
55085,Tropical Storm,0,0,0
55085,Snowstorm,0,0,0
55085,Coastal Storm,0,0,0
55085,Severe Ice Storm,0,0,0
55087,Severe Storm,0,0,0
55087,Fire,0,0,0
55087,Hurricane,0,0,0
55087,Winter Storm,0,0,0
55087,Flood,1,0,0
55087,Tornado,0,0,0
55087,Tropical Storm,0,0,0
55087,Snowstorm,0,0,0
55087,Coastal Storm,0,0,0
55087,Severe Ice Storm,0,0,0
55089,Severe Storm,0,1,2
55089,Fire,0,1,2
55089,Hurricane,0,1,2
55089,Winter Storm,0,1,2
55089,Flood,0,1,2
55089,Tornado,0,1,2
55089,Tropical Storm,0,1,2
55089,Snowstorm,0,1,2
55089,Coastal Storm,0,1,2
55089,Severe Ice Storm,0,1,2
55091,Severe Storm,0,0,0
55091,Fire,0,0,0
55091,Hurricane,0,0,0
55091,Winter Storm,0,0,0
55091,Flood,0,0,0
55091,Tornado,0,0,0
55091,Tropical Storm,0,0,0
55091,Snowstorm,0,0,0
55091,Coastal Storm,0,0,0
55091,Severe Ice Storm,0,0,0
55093,Severe Storm,0,0,0
55093,Fire,0,0,0
55093,Hurricane,0,0,0
55093,Winter Storm,0,0,0
55093,Flood,0,0,0
55093,Tornado,0,0,0
55093,Tropical Storm,0,0,0
55093,Snowstorm,0,0,0
55093,Coastal Storm,0,0,0
55093,Severe Ice Storm,0,0,0
55095,Severe Storm,0,0,0
55095,Fire,0,0,0
55095,Hurricane,0,0,0
55095,Winter Storm,0,0,0
55095,Flood,1,0,0
55095,Tornado,0,0,0
55095,Tropical Storm,0,0,0
55095,Snowstorm,0,0,0
55095,Coastal Storm,0,0,0
55095,Severe Ice Storm,0,0,0
55097,Severe Storm,0,0,0
55097,Fire,0,0,0
55097,Hurricane,0,0,0
55097,Winter Storm,0,0,0
55097,Flood,1,0,0
55097,Tornado,0,0,0
55097,Tropical Storm,0,0,0
55097,Snowstorm,0,0,0
55097,Coastal Storm,0,0,0
55097,Severe Ice Storm,0,0,0
55099,Severe Storm,0,0,0
55099,Fire,0,0,0
55099,Hurricane,0,0,0
55099,Winter Storm,0,0,0
55099,Flood,0,0,0
55099,Tornado,0,0,0
55099,Tropical Storm,0,0,0
55099,Snowstorm,0,0,0
55099,Coastal Storm,0,0,0
55099,Severe Ice Storm,0,0,0
55101,Severe Storm,0,1,4
55101,Fire,0,1,4
55101,Hurricane,0,1,4
55101,Winter Storm,0,1,4
55101,Flood,1,1,4
55101,Tornado,0,1,4
55101,Tropical Storm,0,1,4
55101,Snowstorm,0,1,4
55101,Coastal Storm,0,1,4
55101,Severe Ice Storm,0,1,4
55103,Severe Storm,0,0,0
55103,Fire,0,0,0
55103,Hurricane,0,0,0
55103,Winter Storm,0,0,0
55103,Flood,0,0,0
55103,Tornado,0,0,0
55103,Tropical Storm,0,0,0
55103,Snowstorm,0,0,0
55103,Coastal Storm,0,0,0
55103,Severe Ice Storm,0,0,0
55105,Severe Storm,0,1,1
55105,Fire,0,1,1
55105,Hurricane,0,1,1
55105,Winter Storm,0,1,1
55105,Flood,0,1,1
55105,Tornado,0,1,1
55105,Tropical Storm,0,1,1
55105,Snowstorm,0,1,1
55105,Coastal Storm,0,1,1
55105,Severe Ice Storm,0,1,1
55107,Severe Storm,0,0,0
55107,Fire,0,0,0
55107,Hurricane,0,0,0
55107,Winter Storm,0,0,0
55107,Flood,1,0,0
55107,Tornado,0,0,0
55107,Tropical Storm,0,0,0
55107,Snowstorm,0,0,0
55107,Coastal Storm,0,0,0
55107,Severe Ice Storm,0,0,0
55109,Severe Storm,0,1,1
55109,Fire,0,1,1
55109,Hurricane,0,1,1
55109,Winter Storm,0,1,1
55109,Flood,0,1,1
55109,Tornado,0,1,1
55109,Tropical Storm,0,1,1
55109,Snowstorm,0,1,1
55109,Coastal Storm,0,1,1
55109,Severe Ice Storm,0,1,1
55111,Severe Storm,0,0,0
55111,Fire,0,0,0
55111,Hurricane,0,0,0
55111,Winter Storm,0,0,0
55111,Flood,0,0,0
55111,Tornado,0,0,0
55111,Tropical Storm,0,0,0
55111,Snowstorm,0,0,0
55111,Coastal Storm,0,0,0
55111,Severe Ice Storm,0,0,0
55113,Severe Storm,0,0,0
55113,Fire,0,0,0
55113,Hurricane,0,0,0
55113,Winter Storm,0,0,0
55113,Flood,0,0,0
55113,Tornado,0,0,0
55113,Tropical Storm,0,0,0
55113,Snowstorm,0,0,0
55113,Coastal Storm,0,0,0
55113,Severe Ice Storm,0,0,0
55115,Severe Storm,0,0,0
55115,Fire,0,0,0
55115,Hurricane,0,0,0
55115,Winter Storm,0,0,0
55115,Flood,1,0,0
55115,Tornado,0,0,0
55115,Tropical Storm,0,0,0
55115,Snowstorm,0,0,0
55115,Coastal Storm,0,0,0
55115,Severe Ice Storm,0,0,0
55117,Severe Storm,0,0,0
55117,Fire,0,0,0
55117,Hurricane,0,0,0
55117,Winter Storm,0,0,0
55117,Flood,0,0,0
55117,Tornado,0,0,0
55117,Tropical Storm,0,0,0
55117,Snowstorm,0,0,0
55117,Coastal Storm,0,0,0
55117,Severe Ice Storm,0,0,0
55119,Severe Storm,0,0,0
55119,Fire,0,0,0
55119,Hurricane,0,0,0
55119,Winter Storm,0,0,0
55119,Flood,0,0,0
55119,Tornado,0,0,0
55119,Tropical Storm,0,0,0
55119,Snowstorm,0,0,0
55119,Coastal Storm,0,0,0
55119,Severe Ice Storm,0,0,0
55121,Severe Storm,0,0,0
55121,Fire,0,0,0
55121,Hurricane,0,0,0
55121,Winter Storm,0,0,0
55121,Flood,0,0,0
55121,Tornado,0,0,0
55121,Tropical Storm,0,0,0
55121,Snowstorm,0,0,0
55121,Coastal Storm,0,0,0
55121,Severe Ice Storm,0,0,0
55123,Severe Storm,0,0,0
55123,Fire,0,0,0
55123,Hurricane,0,0,0
55123,Winter Storm,0,0,0
55123,Flood,1,0,0
55123,Tornado,0,0,0
55123,Tropical Storm,0,0,0
55123,Snowstorm,0,0,0
55123,Coastal Storm,0,0,0
55123,Severe Ice Storm,0,0,0
55125,Severe Storm,0,0,0
55125,Fire,0,0,0
55125,Hurricane,0,0,0
55125,Winter Storm,0,0,0
55125,Flood,0,0,0
55125,Tornado,0,0,0
55125,Tropical Storm,0,0,0
55125,Snowstorm,0,0,0
55125,Coastal Storm,0,0,0
55125,Severe Ice Storm,0,0,0
55127,Severe Storm,0,0,0
55127,Fire,0,0,0
55127,Hurricane,0,0,0
55127,Winter Storm,0,0,0
55127,Flood,0,0,0
55127,Tornado,0,0,0
55127,Tropical Storm,0,0,0
55127,Snowstorm,0,0,0
55127,Coastal Storm,0,0,0
55127,Severe Ice Storm,0,0,0
55129,Severe Storm,0,0,0
55129,Fire,0,0,0
55129,Hurricane,0,0,0
55129,Winter Storm,0,0,0
55129,Flood,0,0,0
55129,Tornado,0,0,0
55129,Tropical Storm,0,0,0
55129,Snowstorm,0,0,0
55129,Coastal Storm,0,0,0
55129,Severe Ice Storm,0,0,0
55131,Severe Storm,0,0,0
55131,Fire,0,0,0
55131,Hurricane,0,0,0
55131,Winter Storm,0,0,0
55131,Flood,0,0,0
55131,Tornado,0,0,0
55131,Tropical Storm,0,0,0
55131,Snowstorm,0,0,0
55131,Coastal Storm,0,0,0
55131,Severe Ice Storm,0,0,0
55133,Severe Storm,0,1,2
55133,Fire,0,1,2
55133,Hurricane,0,1,2
55133,Winter Storm,0,1,2
55133,Flood,0,1,2
55133,Tornado,0,1,2
55133,Tropical Storm,0,1,2
55133,Snowstorm,0,1,2
55133,Coastal Storm,0,1,2
55133,Severe Ice Storm,0,1,2
55135,Severe Storm,0,0,0
55135,Fire,0,0,0
55135,Hurricane,0,0,0
55135,Winter Storm,0,0,0
55135,Flood,1,0,0
55135,Tornado,0,0,0
55135,Tropical Storm,0,0,0
55135,Snowstorm,0,0,0
55135,Coastal Storm,0,0,0
55135,Severe Ice Storm,0,0,0
55137,Severe Storm,0,0,0
55137,Fire,0,0,0
55137,Hurricane,0,0,0
55137,Winter Storm,0,0,0
55137,Flood,0,0,0
55137,Tornado,0,0,0
55137,Tropical Storm,0,0,0
55137,Snowstorm,0,0,0
55137,Coastal Storm,0,0,0
55137,Severe Ice Storm,0,0,0
55139,Severe Storm,0,0,0
55139,Fire,0,0,0
55139,Hurricane,0,0,0
55139,Winter Storm,0,0,0
55139,Flood,0,0,0
55139,Tornado,0,0,0
55139,Tropical Storm,0,0,0
55139,Snowstorm,0,0,0
55139,Coastal Storm,0,0,0
55139,Severe Ice Storm,0,0,0
55141,Severe Storm,0,0,0
55141,Fire,0,0,0
55141,Hurricane,0,0,0
55141,Winter Storm,0,0,0
55141,Flood,1,0,0
55141,Tornado,0,0,0
55141,Tropical Storm,0,0,0
55141,Snowstorm,0,0,0
55141,Coastal Storm,0,0,0
55141,Severe Ice Storm,0,0,0
56001,Severe Storm,0,0,0
56001,Fire,1,0,0
56001,Hurricane,0,0,0
56001,Winter Storm,0,0,0
56001,Flood,0,0,0
56001,Tornado,0,0,0
56001,Tropical Storm,0,0,0
56001,Snowstorm,0,0,0
56001,Coastal Storm,0,0,0
56001,Severe Ice Storm,0,0,0
56003,Severe Storm,0,0,0
56003,Fire,0,0,0
56003,Hurricane,0,0,0
56003,Winter Storm,0,0,0
56003,Flood,0,0,0
56003,Tornado,0,0,0
56003,Tropical Storm,0,0,0
56003,Snowstorm,0,0,0
56003,Coastal Storm,0,0,0
56003,Severe Ice Storm,0,0,0
56005,Severe Storm,0,0,0
56005,Fire,1,0,0
56005,Hurricane,0,0,0
56005,Winter Storm,0,0,0
56005,Flood,0,0,0
56005,Tornado,0,0,0
56005,Tropical Storm,0,0,0
56005,Snowstorm,0,0,0
56005,Coastal Storm,0,0,0
56005,Severe Ice Storm,0,0,0
56007,Severe Storm,0,0,0
56007,Fire,2,0,0
56007,Hurricane,0,0,0
56007,Winter Storm,0,0,0
56007,Flood,0,0,0
56007,Tornado,0,0,0
56007,Tropical Storm,0,0,0
56007,Snowstorm,0,0,0
56007,Coastal Storm,0,0,0
56007,Severe Ice Storm,0,0,0
56009,Severe Storm,0,0,0
56009,Fire,0,0,0
56009,Hurricane,0,0,0
56009,Winter Storm,0,0,0
56009,Flood,0,0,0
56009,Tornado,0,0,0
56009,Tropical Storm,0,0,0
56009,Snowstorm,0,0,0
56009,Coastal Storm,0,0,0
56009,Severe Ice Storm,0,0,0
56011,Severe Storm,0,0,0
56011,Fire,0,0,0
56011,Hurricane,0,0,0
56011,Winter Storm,0,0,0
56011,Flood,0,0,0
56011,Tornado,0,0,0
56011,Tropical Storm,0,0,0
56011,Snowstorm,0,0,0
56011,Coastal Storm,0,0,0
56011,Severe Ice Storm,0,0,0
56013,Severe Storm,0,0,0
56013,Fire,0,0,0
56013,Hurricane,0,0,0
56013,Winter Storm,0,0,0
56013,Flood,0,0,0
56013,Tornado,0,0,0
56013,Tropical Storm,0,0,0
56013,Snowstorm,0,0,0
56013,Coastal Storm,0,0,0
56013,Severe Ice Storm,0,0,0
56015,Severe Storm,0,0,0
56015,Fire,0,0,0
56015,Hurricane,0,0,0
56015,Winter Storm,0,0,0
56015,Flood,0,0,0
56015,Tornado,0,0,0
56015,Tropical Storm,0,0,0
56015,Snowstorm,0,0,0
56015,Coastal Storm,0,0,0
56015,Severe Ice Storm,0,0,0
56017,Severe Storm,0,0,0
56017,Fire,0,0,0
56017,Hurricane,0,0,0
56017,Winter Storm,0,0,0
56017,Flood,0,0,0
56017,Tornado,0,0,0
56017,Tropical Storm,0,0,0
56017,Snowstorm,0,0,0
56017,Coastal Storm,0,0,0
56017,Severe Ice Storm,0,0,0
56019,Severe Storm,0,0,0
56019,Fire,2,0,0
56019,Hurricane,0,0,0
56019,Winter Storm,0,0,0
56019,Flood,0,0,0
56019,Tornado,0,0,0
56019,Tropical Storm,0,0,0
56019,Snowstorm,0,0,0
56019,Coastal Storm,0,0,0
56019,Severe Ice Storm,0,0,0
56021,Severe Storm,0,1,3
56021,Fire,1,1,3
56021,Hurricane,0,1,3
56021,Winter Storm,0,1,3
56021,Flood,0,1,3
56021,Tornado,0,1,3
56021,Tropical Storm,0,1,3
56021,Snowstorm,0,1,3
56021,Coastal Storm,0,1,3
56021,Severe Ice Storm,0,1,3
56023,Severe Storm,0,0,0
56023,Fire,0,0,0
56023,Hurricane,0,0,0
56023,Winter Storm,0,0,0
56023,Flood,0,0,0
56023,Tornado,0,0,0
56023,Tropical Storm,0,0,0
56023,Snowstorm,0,0,0
56023,Coastal Storm,0,0,0
56023,Severe Ice Storm,0,0,0
56025,Severe Storm,0,0,0
56025,Fire,0,0,0
56025,Hurricane,0,0,0
56025,Winter Storm,0,0,0
56025,Flood,1,0,0
56025,Tornado,0,0,0
56025,Tropical Storm,0,0,0
56025,Snowstorm,0,0,0
56025,Coastal Storm,0,0,0
56025,Severe Ice Storm,0,0,0
56027,Severe Storm,0,0,0
56027,Fire,0,0,0
56027,Hurricane,0,0,0
56027,Winter Storm,0,0,0
56027,Flood,0,0,0
56027,Tornado,0,0,0
56027,Tropical Storm,0,0,0
56027,Snowstorm,0,0,0
56027,Coastal Storm,0,0,0
56027,Severe Ice Storm,0,0,0
56029,Severe Storm,0,0,0
56029,Fire,0,0,0
56029,Hurricane,0,0,0
56029,Winter Storm,0,0,0
56029,Flood,0,0,0
56029,Tornado,0,0,0
56029,Tropical Storm,0,0,0
56029,Snowstorm,0,0,0
56029,Coastal Storm,0,0,0
56029,Severe Ice Storm,0,0,0
56031,Severe Storm,0,0,0
56031,Fire,1,0,0
56031,Hurricane,0,0,0
56031,Winter Storm,0,0,0
56031,Flood,0,0,0
56031,Tornado,0,0,0
56031,Tropical Storm,0,0,0
56031,Snowstorm,0,0,0
56031,Coastal Storm,0,0,0
56031,Severe Ice Storm,0,0,0
56033,Severe Storm,0,0,0
56033,Fire,1,0,0
56033,Hurricane,0,0,0
56033,Winter Storm,0,0,0
56033,Flood,0,0,0
56033,Tornado,0,0,0
56033,Tropical Storm,0,0,0
56033,Snowstorm,0,0,0
56033,Coastal Storm,0,0,0
56033,Severe Ice Storm,0,0,0
56035,Severe Storm,0,0,0
56035,Fire,0,0,0
56035,Hurricane,0,0,0
56035,Winter Storm,0,0,0
56035,Flood,0,0,0
56035,Tornado,0,0,0
56035,Tropical Storm,0,0,0
56035,Snowstorm,0,0,0
56035,Coastal Storm,0,0,0
56035,Severe Ice Storm,0,0,0
56037,Severe Storm,0,0,0
56037,Fire,0,0,0
56037,Hurricane,0,0,0
56037,Winter Storm,0,0,0
56037,Flood,0,0,0
56037,Tornado,0,0,0
56037,Tropical Storm,0,0,0
56037,Snowstorm,0,0,0
56037,Coastal Storm,0,0,0
56037,Severe Ice Storm,0,0,0
56039,Severe Storm,0,0,0
56039,Fire,0,0,0
56039,Hurricane,0,0,0
56039,Winter Storm,0,0,0
56039,Flood,0,0,0
56039,Tornado,0,0,0
56039,Tropical Storm,0,0,0
56039,Snowstorm,0,0,0
56039,Coastal Storm,0,0,0
56039,Severe Ice Storm,0,0,0
56041,Severe Storm,0,0,0
56041,Fire,0,0,0
56041,Hurricane,0,0,0
56041,Winter Storm,0,0,0
56041,Flood,0,0,0
56041,Tornado,0,0,0
56041,Tropical Storm,0,0,0
56041,Snowstorm,0,0,0
56041,Coastal Storm,0,0,0
56041,Severe Ice Storm,0,0,0
56043,Severe Storm,0,0,0
56043,Fire,0,0,0
56043,Hurricane,0,0,0
56043,Winter Storm,0,0,0
56043,Flood,0,0,0
56043,Tornado,0,0,0
56043,Tropical Storm,0,0,0
56043,Snowstorm,0,0,0
56043,Coastal Storm,0,0,0
56043,Severe Ice Storm,0,0,0
56045,Severe Storm,0,0,0
56045,Fire,0,0,0
56045,Hurricane,0,0,0
56045,Winter Storm,0,0,0
56045,Flood,0,0,0
56045,Tornado,0,0,0
56045,Tropical Storm,0,0,0
56045,Snowstorm,0,0,0
56045,Coastal Storm,0,0,0
56045,Severe Ice Storm,0,0,0
